platform,date,spend,impressions,clicks,conversions,revenue,reach,video_views,CTR,conversion_rate,CPA,ROAS,profit,profit_margin
Google Display,2023-01-01,1098.49,196845,1452,6,687.72,107925,0,0.0073763621123218,0.0041322314049586,183.08166666666668,0.6260594088248413,-410.77,-0.5972925027627523
Google Display,2023-01-02,395.31,112486,796,1,0.0,49793,22198,0.0070764361787244,0.0012562814070351,395.31,0.0,-395.31,
Google Display,2023-01-03,1617.57,255547,1383,0,0.0,163976,35245,0.0054119203121147,0.0,,0.0,-1617.57,
Google Display,2023-01-04,1571.1,464806,2746,20,1633.08,226092,70168,0.0059078411208116,0.0072833211944646,78.55499999999999,1.0394500668321558,61.98000000000002,0.0379528253361746
Google Display,2023-01-05,230.01,30009,220,2,75.71000000000001,13628,2363,0.0073311339931353,0.009090909090909,115.005,0.3291596017564454,-154.29999999999998,-2.038039889050323
Google Display,2023-01-06,382.29,69730,378,1,47.63,46079,5480,0.005420909221282,0.0026455026455026,382.29,0.1245912788720604,-334.66,-7.026243963888304
Google Display,2023-01-07,1883.45,355299,1857,0,0.0,176390,70496,0.0052265838068781,0.0,,0.0,-1883.45,
Google Display,2023-01-08,796.86,141007,700,1,8.49,58524,0,0.0049642925528519,0.0014285714285714,796.86,0.0106543181989308,-788.37,-92.85865724381624
Google Display,2023-01-09,1342.5099999999998,325009,2976,44,782.4,157505,0,0.0091566695076136,0.0147849462365591,30.511590909090906,0.5827889550170949,-560.1099999999998,-0.7158870143149282
Google Display,2023-01-10,1317.42,189773,633,0,0.0,75532,0,0.0033355640686504,0.0,,0.0,-1317.42,
Google Display,2023-01-11,539.47,89922,564,0,0.0,49731,0,0.0062721024888236,0.0,,0.0,-539.47,
Google Display,2023-01-12,1680.25,509341,4339,34,1565.78,254132,0,0.008518850828816,0.0078359068909887,49.419117647058826,0.9318732331498288,-114.47000000000004,-0.073107333086385
Google Display,2023-01-13,1673.4699999999998,311714,1607,2,41.65,213177,0,0.0051553667785213,0.0012445550715619,836.7349999999999,0.0248884055286321,-1631.8199999999997,-39.17935174069628
Google Display,2023-01-14,972.79,235990,520,0,0.0,119981,61029,0.0022034831984406,0.0,,0.0,-972.79,
Google Display,2023-01-15,906.96,264487,1677,8,693.59,122738,12170,0.0063405762854128,0.0047704233750745,113.37,0.764741554203052,-213.37,-0.3076313095632866
Google Display,2023-01-17,1088.42,283384,2552,31,471.06,106305,0,0.0090054484374558,0.0121473354231974,35.11032258064516,0.4327924881938957,-617.3600000000001,-1.3105761474122195
Google Display,2023-01-18,107.23,17173,77,0,0.0,9371,0,0.0044837826821172,0.0,,0.0,-107.23,
Google Display,2023-01-19,102.29,23523,153,1,95.47,10671,0,0.0065042724142328,0.0065359477124183,102.29,0.9333268159155343,-6.819999999999993,-0.0714360532104325
Google Display,2023-01-20,558.2,137355,671,0,0.0,82635,15092,0.0048851516144297,0.0,,0.0,-558.2,
Google Display,2023-01-21,637.18,196508,1405,1,0.0,105961,0,0.0071498361389867,0.0007117437722419,637.18,0.0,-637.18,
Google Display,2023-01-22,133.38,47700,329,0,0.0,21814,0,0.0068972746331236,0.0,,0.0,-133.38,
Google Display,2023-01-24,1461.9,433445,2804,2,22.55,229881,0,0.0064691021928964,0.0007132667617689,730.9499999999999,0.0154251316779533,-1439.35,-63.82926829268292
Google Display,2023-01-25,1673.4299999999998,253579,1942,16,991.4,145819,0,0.0076583628770521,0.0082389289392378,104.589375,0.5924358951375319,-682.0299999999999,-0.6879463385111961
Google Display,2023-01-26,2132.7,718726,3830,3,21.71,479642,113037,0.0053288735902137,0.0007832898172323,710.9,0.0101795845641674,-2110.99,-97.23583602026714
Google Display,2023-01-27,1266.9,418527,3236,3,0.0,212851,34158,0.0077318787079447,0.0009270704573547,422.3,0.0,-1266.9,
Google Display,2023-01-28,4030.92,1187800,7721,43,1087.19,512003,57153,0.0065002525677723,0.0055692267840953,93.74232558139536,0.2697126214362974,-2943.73,-2.707649996780692
Google Display,2023-01-29,175.41,47668,311,3,110.37,26260,0,0.0065242930267684,0.0096463022508038,58.47,0.6292115614845221,-65.03999999999999,-0.5892905680891546
Google Display,2023-01-30,785.92,131210,951,2,102.84,55775,0,0.0072479231765871,0.0021030494216614,392.96,0.1308530130293159,-683.0799999999999,-6.642162582652664
Google Display,2023-01-31,248.3,76470,694,12,312.45,35791,0,0.0090754544265725,0.0172910662824207,20.691666666666663,1.2583568264196536,64.14999999999998,0.2053128500560088
Google Display,2023-02-01,38.07,10824,63,0,0.0,6444,0,0.005820399113082,0.0,,0.0,-38.07,
Google Display,2023-02-02,74.8,27206,218,3,26.21,13143,0,0.0080129383224288,0.0137614678899082,24.933333333333334,0.3504010695187166,-48.59,-1.8538725677222432
Google Display,2023-02-03,1985.65,476452,1685,6,101.75,301469,22681,0.0035365577224988,0.0035608308605341,330.94166666666666,0.051242666129479,-1883.9,-18.514987714987715
Google Display,2023-02-04,1168.12,151773,1498,14,941.02,63863,0,0.0098700032285057,0.0093457943925233,83.43714285714285,0.8055850426326063,-227.0999999999999,-0.2413338717561793
Google Display,2023-02-06,1158.06,156452,668,0,0.0,85318,0,0.0042696801574923,0.0,,0.0,-1158.06,
Google Display,2023-02-07,1621.01,340546,2441,8,234.17,152483,71415,0.0071679009590481,0.0032773453502662,202.62625,0.1444593185729884,-1386.84,-5.9223640944612885
Google Display,2023-02-08,1395.6799999999998,357370,2732,16,325.66,162811,14370,0.0076447379466659,0.0058565153733528,87.22999999999999,0.2333342886621575,-1070.0199999999998,-3.2856967389301714
Google Display,2023-02-09,1777.77,484469,2043,1,0.0,223840,0,0.0042169880838608,0.0004894762604013,1777.77,0.0,-1777.77,
Google Display,2023-02-10,2324.92,567112,3180,2,0.0,286960,66335,0.0056073579821975,0.00062893081761,1162.46,0.0,-2324.92,
Google Display,2023-02-11,337.25,86416,425,1,0.0,58045,12830,0.004918070727643,0.0023529411764705,337.25,0.0,-337.25,
Google Display,2023-02-12,1951.14,473838,2365,1,0.0,224343,79535,0.0049911573153693,0.0004228329809725,1951.14,0.0,-1951.14,
Google Display,2023-02-14,129.19,37656,179,0,0.0,19672,4081,0.0047535585298491,0.0,,0.0,-129.19,
Google Display,2023-02-15,896.94,151956,1237,10,499.41,61329,19310,0.0081405143594198,0.0080840743734842,89.694,0.5567930965281958,-397.5300000000001,-0.7959992791493965
Google Display,2023-02-16,655.91,96192,828,10,223.97,40630,8177,0.0086077844311377,0.0120772946859903,65.591,0.3414645301946913,-431.94,-1.9285618609635216
Google Display,2023-02-17,1579.19,367696,2480,14,849.6899999999999,169920,2866,0.0067447021452504,0.0056451612903225,112.79928571428572,0.5380543189863157,-729.5000000000001,-0.8585484117737059
Google Display,2023-02-18,1462.0,416340,1719,1,0.0,225392,73504,0.0041288370082144,0.0005817335660267,1462.0,0.0,-1462.0,
Google Display,2023-02-19,1527.39,445423,2142,0,0.0,272506,15794,0.0048089119780523,0.0,,0.0,-1527.39,
Google Display,2023-02-20,108.48,30157,257,3,200.91000000000005,10812,0,0.0085220678449447,0.0116731517509727,36.16,1.852046460176992,92.43000000000002,0.4600567418246977
Google Display,2023-02-21,2296.04,593598,3230,7,614.3,309808,88638,0.0054413929966071,0.0021671826625387,328.0057142857143,0.2675476037002839,-1681.74,-2.7376526127299368
Google Display,2023-02-22,225.04,39556,296,0,0.0,25437,0,0.0074830619880675,0.0,,0.0,-225.04,
Google Display,2023-02-23,157.25,21679,170,1,86.23,8699,0,0.0078416901148576,0.0058823529411764,157.25,0.548362480127186,-71.02,-0.8236112721790559
Google Display,2023-02-24,807.5899999999999,216213,1422,5,54.68,91941,0,0.0065768478306114,0.0035161744022503,161.51799999999997,0.0677076239180772,-752.91,-13.76938551572787
Google Display,2023-02-25,183.28,65484,359,1,10.56,28851,0,0.0054822552073789,0.0027855153203342,183.28,0.0576167612396333,-172.72,-16.356060606060606
Google Display,2023-02-26,1005.06,239247,1731,3,120.15,96204,48074,0.0072352004413848,0.0017331022530329,335.02,0.119545101784968,-884.91,-7.365043695380773
Google Display,2023-02-27,754.35,100087,587,3,106.78,55970,0,0.0058648975391409,0.0051107325383304,251.45,0.1415523298203751,-647.57,-6.064525191983518
Google Display,2023-02-28,1987.73,404454,2023,12,481.35,204791,7395,0.0050018049024116,0.0059317844784972,165.64416666666668,0.2421606556222424,-1506.38,-3.1294899761088604
Google Display,2023-03-01,1126.02,337844,2311,7,243.89,165988,32580,0.0068404352304613,0.0030289917784508,160.86,0.216594731887533,-882.13,-3.616917462790602
Google Display,2023-03-02,714.5600000000001,115199,524,0,0.0,60297,0,0.0045486505959253,0.0,,0.0,-714.5600000000001,
Google Display,2023-03-03,789.6899999999999,117801,550,2,57.52,60474,11287,0.0046688907564451,0.0036363636363636,394.845,0.0728387088604389,-732.17,-12.72896383866481
Google Display,2023-03-04,313.38,54288,333,0,0.0,25092,0,0.0061339522546419,0.0,,0.0,-313.38,
Google Display,2023-03-05,474.24,96419,528,8,256.78,40489,0,0.0054760991090967,0.0151515151515151,59.28,0.5414558029689608,-217.46000000000004,-0.8468728094088327
Google Display,2023-03-06,977.83,221826,1760,9,598.7800000000001,100292,9831,0.0079341465833581,0.0051136363636363,108.64777777777778,0.6123559309900495,-379.04999999999984,-0.6330371755903668
Google Display,2023-03-07,758.82,144842,1262,1,0.0,98460,4766,0.0087129423785918,0.0007923930269413,758.82,0.0,-758.82,
Google Display,2023-03-08,1534.08,192333,1197,0,0.0,112959,0,0.0062235809767434,0.0,,0.0,-1534.08,
Google Display,2023-03-09,162.87,46273,322,1,37.89,25369,0,0.0069587016186545,0.0031055900621118,162.87,0.2326395284582796,-124.98,-3.298495645288994
Google Display,2023-03-10,779.53,208168,1501,24,636.97,118472,0,0.0072105222704738,0.0159893404397068,32.48041666666666,0.8171205726527524,-142.55999999999997,-0.2238095985682213
Google Display,2023-03-11,1828.38,308917,2058,3,0.0,143298,0,0.0066619836396184,0.0014577259475218,609.46,0.0,-1828.38,
Google Display,2023-03-12,1421.04,343687,1922,7,236.4,188913,0,0.0055922976429134,0.0036420395421436,203.00571428571428,0.1663570342847492,-1184.64,-5.0111675126903545
Google Display,2023-03-13,2181.4,343804,2185,5,316.31,130160,59294,0.0063553652662563,0.0022883295194508,436.28,0.1450032089483817,-1865.09,-5.896399102146629
Google Display,2023-03-14,1228.98,263825,2221,28,759.27,106967,0,0.008418459205913,0.0126069338135974,43.89214285714286,0.6178050090318801,-469.71,-0.6186336876210045
Google Display,2023-03-15,157.88,27529,203,2,76.17,12067,0,0.0073740419194304,0.0098522167487684,78.94,0.4824550291360527,-81.71,-1.0727320467375605
Google Display,2023-03-16,1502.96,356465,2520,11,447.1,197328,24304,0.0070694177548987,0.0043650793650793,136.6327272727273,0.2974796401767179,-1055.86,-2.361574591813912
Google Display,2023-03-17,1268.28,151967,807,6,318.42,82591,0,0.0053103634341666,0.0074349442379182,211.38,0.2510644337212603,-949.86,-2.9830412662521195
Google Display,2023-03-18,1583.82,218532,1247,10,499.35,103172,11660,0.0057062581223802,0.008019246190858,158.382,0.315282039625715,-1084.4699999999998,-2.171763292279964
Google Display,2023-03-19,515.03,127569,680,4,78.48,53479,18070,0.0053304486199625,0.0058823529411764,128.7575,0.1523794730404054,-436.55,-5.562563710499489
Google Display,2023-03-20,2145.92,475947,2960,15,301.23,258231,37639,0.0062191798666658,0.0050675675675675,143.06133333333335,0.1403733596779003,-1844.69,-6.123858845400524
Google Display,2023-03-21,1590.86,283652,2196,17,884.1600000000001,140880,13449,0.0077418808963095,0.0077413479052823,93.58,0.5557748639100865,-706.6999999999998,-0.7992897213174084
Google Display,2023-03-22,985.44,168730,932,1,0.0,100234,9196,0.0055236176139394,0.0010729613733905,985.44,0.0,-985.44,
Google Display,2023-03-23,23.7,3651,24,0,0.0,1946,0,0.0065735414954806,0.0,,0.0,-23.7,
Google Display,2023-03-24,90.87,16915,167,0,0.0,7647,0,0.0098728938811705,0.0,,0.0,-90.87,
Google Display,2023-03-25,891.5500000000001,219939,2146,4,0.0,152717,0,0.009757250874106,0.0018639328984156,222.8875,0.0,-891.5500000000001,
Google Display,2023-03-26,230.84,70020,455,3,32.07,44801,0,0.0064981433876035,0.0065934065934065,76.94666666666667,0.138927395598683,-198.77,-6.198004365450577
Google Display,2023-03-27,773.38,141051,749,5,484.45,56370,7811,0.0053101360500811,0.0066755674232309,154.676,0.6264061651452068,-288.93,-0.5964082980699763
Google Display,2023-03-28,1782.77,381748,2855,2,0.0,207332,19409,0.0074787556188899,0.0007005253940455,891.385,0.0,-1782.77,
Google Display,2023-03-29,1004.26,193700,1110,1,94.03,103675,10855,0.0057305110996386,0.0009009009009009,1004.26,0.0936311313803198,-910.23,-9.68020844411358
Google Display,2023-03-30,473.14,76806,478,0,0.0,48759,0,0.0062234721245736,0.0,,0.0,-473.14,
Google Display,2023-03-31,165.04,41749,311,1,0.0,21818,0,0.0074492802222807,0.0032154340836012,165.04,0.0,-165.04,
Google Display,2023-04-01,538.16,147849,704,5,303.13,97016,0,0.0047616148908683,0.0071022727272727,107.632,0.5632711461275457,-235.03,-0.7753439118530003
Google Display,2023-04-02,1121.33,151404,1057,7,369.49,54112,0,0.0069813214974505,0.0066225165562913,160.19,0.3295104920050298,-751.8399999999999,-2.034804730845219
Google Display,2023-04-03,70.53,17299,106,0,0.0,8419,0,0.0061275218220706,0.0,,0.0,-70.53,
Google Display,2023-04-06,1247.28,218867,1182,7,125.99,99714,1144,0.0054005400540054,0.0059221658206429,178.18285714285713,0.1010118016804566,-1121.29,-8.89983332010477
Google Display,2023-04-07,170.49,20229,132,0,0.0,10239,0,0.0065252854812398,0.0,,0.0,-170.49,
Google Display,2023-04-08,2010.52,397807,2376,12,1441.98,184626,28973,0.0059727455776293,0.005050505050505,167.54333333333332,0.7172174362851402,-568.54,-0.3942773131388785
Google Display,2023-04-09,28.98,6479,31,0,0.0,2688,0,0.0047846889952153,0.0,,0.0,-28.98,
Google Display,2023-04-10,901.91,174854,756,3,109.88,89994,5861,0.0043236071236574,0.0039682539682539,300.6366666666667,0.1218303378385869,-792.0300000000001,-7.208136148525665
Google Display,2023-04-11,1058.73,253898,1471,1,0.0,108524,0,0.0057936651726283,0.000679809653297,1058.73,0.0,-1058.73,
Google Display,2023-04-12,1140.39,209848,1282,1,0.0,96844,1396,0.0061091837901719,0.000780031201248,1140.39,0.0,-1140.39,
Google Display,2023-04-13,1332.93,317441,2204,4,164.51,148435,7686,0.006943022482918,0.0018148820326678,333.2325,0.1234198344999362,-1168.42,-7.102425384475109
Google Display,2023-04-14,1486.46,408077,3838,36,1796.69,198719,58671,0.0094050877652991,0.0093798853569567,41.29055555555556,1.2087039005422278,310.23,0.1726675163773383
Google Display,2023-04-15,1156.38,157246,886,1,0.0,66124,30008,0.0056344835480711,0.0011286681715575,1156.38,0.0,-1156.38,
Google Display,2023-04-16,813.74,181864,972,6,240.37,73696,28340,0.0053446531474068,0.0061728395061728,135.6233333333333,0.2953891906505763,-573.37,-2.3853642301451927
Google Display,2023-04-17,1610.5800000000002,238665,1171,0,0.0,118135,20709,0.0049064588439863,0.0,,0.0,-1610.5800000000002,
Google Display,2023-04-18,1701.29,305048,2481,24,1005.35,135712,0,0.0081331462589494,0.0096735187424425,70.88708333333334,0.5909339383644177,-695.9399999999999,-0.6922365345402098
Google Display,2023-04-19,945.15,353481,2360,7,0.0,242943,956,0.0066764550287002,0.0029661016949152,135.02142857142857,0.0,-945.15,
Google Display,2023-04-20,475.8,99314,838,13,129.34,57899,0,0.0084378838834404,0.0155131264916467,36.6,0.2718369062631358,-346.46000000000004,-2.678676356888821
Google Display,2023-04-21,621.9200000000001,158384,823,6,514.2,77793,11840,0.0051962319426204,0.0072904009720534,103.65333333333336,0.8267944430151788,-107.72000000000004,-0.2094904706339946
Google Display,2023-04-22,587.7,102799,474,0,0.0,61385,0,0.0046109397951341,0.0,,0.0,-587.7,
Google Display,2023-04-23,1642.56,299197,1859,2,0.0,149806,23124,0.0062132975932245,0.0010758472296933,821.28,0.0,-1642.56,
Google Display,2023-04-24,2077.87,473716,4022,29,1560.1,209688,0,0.0084903190941407,0.0072103431128791,71.65068965517241,0.7508169423496176,-517.77,-0.3318825716300237
Google Display,2023-04-25,1232.15,411093,2949,30,2390.37,176357,0,0.0071735592676109,0.0101729399796541,41.07166666666667,1.9399991884105017,1158.2199999999998,0.4845358668323313
Google Display,2023-04-26,390.69,72078,542,0,0.0,39281,5188,0.0075196315103082,0.0,,0.0,-390.69,
Google Display,2023-04-27,115.91,15252,106,0,0.0,6863,0,0.0069499082087595,0.0,,0.0,-115.91,
Google Display,2023-04-28,724.3100000000001,110464,1195,9,684.68,68036,0,0.0108180040556199,0.007531380753138,80.47888888888889,0.9452858582651074,-39.63000000000011,-0.0578810539230006
Google Display,2023-04-30,885.47,301922,1375,8,196.26,158160,37925,0.0045541563715131,0.0058181818181818,110.68375,0.2216450020892859,-689.21,-3.5117191480688885
Google Display,2023-05-01,2375.37,540952,4184,33,2077.1,250747,6013,0.0077345124890933,0.007887189292543,71.9809090909091,0.8744321937213992,-298.27,-0.1435992489528669
Google Display,2023-05-02,1045.9,191288,925,1,0.0,110349,941,0.0048356405001881,0.001081081081081,1045.9,0.0,-1045.9,
Google Display,2023-05-03,2667.62,792832,5071,38,1137.27,447928,101043,0.0063960586858249,0.0074935910076907,70.20052631578947,0.4263238392274762,-1530.35,-1.3456347217459357
Google Display,2023-05-04,192.93,26487,112,0,0.0,13684,5831,0.0042284894476535,0.0,,0.0,-192.93,
Google Display,2023-05-05,929.67,256138,1368,2,0.0,147924,0,0.0053408709367606,0.0014619883040935,464.835,0.0,-929.67,
Google Display,2023-05-06,528.72,128034,600,6,301.0,62179,6840,0.0046862552134589,0.01,88.12,0.5692994401573611,-227.72000000000003,-0.756544850498339
Google Display,2023-05-07,360.65,78003,400,0,0.0,48964,14046,0.0051280078971321,0.0,,0.0,-360.65,
Google Display,2023-05-08,550.39,108001,928,11,617.8499999999999,53409,0,0.0085925130322867,0.011853448275862,50.03545454545454,1.1225676338596269,67.45999999999992,0.1091850772841303
Google Display,2023-05-09,474.38,120619,907,10,130.33,59834,1504,0.0075195450136379,0.0110253583241455,47.438,0.2747375521733631,-344.04999999999995,-2.6398373359932474
Google Display,2023-05-10,487.62,103477,602,2,193.63,57972,0,0.0058177179469833,0.0033222591362126,243.81,0.3970919978671916,-293.99,-1.518308113412178
Google Display,2023-05-11,205.33,39892,305,0,0.0,23623,6241,0.0076456432367391,0.0,,0.0,-205.33,
Google Display,2023-05-12,1370.35,475843,3096,12,689.31,257883,0,0.0065063476819034,0.003875968992248,114.19583333333334,0.5030174772868244,-681.0400000000002,-0.9880024952488724
Google Display,2023-05-13,1478.01,437980,2387,1,0.0,292062,9471,0.0054500205488835,0.0004189359028068,1478.01,0.0,-1478.01,
Google Display,2023-05-14,1548.27,452065,2726,2,0.0,204125,23895,0.0060301062900246,0.0007336757153338,774.135,0.0,-1548.27,
Google Display,2023-05-15,324.71,75291,737,1,0.0,40337,627,0.0097886865628029,0.0013568521031207,324.71,0.0,-324.71,
Google Display,2023-05-16,3339.98,655895,4152,32,313.53000000000003,403294,0,0.0063302815237194,0.0077071290944123,104.374375,0.093871819591734,-3026.45,-9.652824291136412
Google Display,2023-05-17,199.04,33253,239,2,57.120000000000005,15887,0,0.0071873214446816,0.00836820083682,99.52,0.2869774919614148,-141.92000000000002,-2.484593837535014
Google Display,2023-05-18,1219.89,331925,1907,3,0.0,144483,0,0.0057452737817278,0.0015731515469323,406.63000000000005,0.0,-1219.89,
Google Display,2023-05-19,1022.73,244296,2078,14,807.99,138832,0,0.0085060745980286,0.0067372473532242,73.05214285714285,0.7900325599131736,-214.74,-0.2657706159729699
Google Display,2023-05-20,1330.25,251368,1248,1,0.0,111897,2514,0.0049648324369052,0.000801282051282,1330.25,0.0,-1330.25,
Google Display,2023-05-21,1295.24,207160,1009,0,0.0,134469,13539,0.0048706313960223,0.0,,0.0,-1295.24,
Google Display,2023-05-22,1701.57,305274,1829,2,0.0,158561,10455,0.005991338928307,0.0010934937124111,850.785,0.0,-1701.57,
Google Display,2023-05-23,569.03,121311,827,11,185.43,57479,4862,0.0068171888781726,0.0133010882708585,51.73,0.3258703407553204,-383.6,-2.0687051717629297
Google Display,2023-05-24,277.34,40673,190,1,44.04,18557,2925,0.0046714036338603,0.0052631578947368,277.34,0.1587942597533713,-233.3,-5.297456857402361
Google Display,2023-05-26,1854.11,324610,1920,5,213.6,156734,0,0.0059147900557592,0.0026041666666666,370.822,0.1152035208267039,-1640.5100000000002,-7.680290262172286
Google Display,2023-05-28,1441.39,277287,2026,15,327.26,140455,0,0.0073065091403491,0.0074037512339585,96.09266666666667,0.2270447276587183,-1114.13,-3.4044185051640903
Google Display,2023-05-29,1748.87,409751,1263,0,0.0,212300,86153,0.0030823597745948,0.0,,0.0,-1748.87,
Google Display,2023-05-30,601.21,114514,915,1,0.0,61143,20856,0.0079902893969296,0.0010928961748633,601.21,0.0,-601.21,
Google Display,2023-05-31,988.54,139597,620,3,229.33,63629,15510,0.0044413561896029,0.0048387096774193,329.5133333333334,0.2319885892326056,-759.21,-3.310556839488946
Google Display,2023-06-02,38.66,5602,42,0,0.0,3382,0,0.0074973223848625,0.0,,0.0,-38.66,
Google Display,2023-06-03,2047.59,418205,2752,4,28.15,193415,7619,0.0065805047763656,0.001453488372093,511.8975,0.01374786944652,-2019.44,-71.73854351687389
Google Display,2023-06-04,2039.44,692206,2834,1,0.0,289466,0,0.0040941569417196,0.0003528581510232,2039.44,0.0,-2039.44,
Google Display,2023-06-05,890.32,128302,551,0,0.0,55092,0,0.0042945550342161,0.0,,0.0,-890.32,
Google Display,2023-06-06,961.88,306138,1520,2,25.67,140029,48826,0.004965081107213,0.0013157894736842,480.94,0.0266873206637002,-936.21,-36.47097779509154
Google Display,2023-06-07,1693.9,386435,2484,15,900.11,173889,0,0.0064279891831744,0.0060386473429951,112.92666666666666,0.5313831985359231,-793.7899999999998,-0.8818811034206928
Google Display,2023-06-08,1095.47,243007,834,0,0.0,124856,50553,0.0034319999012374,0.0,,0.0,-1095.47,
Google Display,2023-06-09,1364.12,417999,1777,1,0.0,174781,94086,0.0042512063425989,0.0005627462014631,1364.12,0.0,-1364.12,
Google Display,2023-06-10,571.24,154257,466,0,0.0,75461,6196,0.003020932599493,0.0,,0.0,-571.24,
Google Display,2023-06-11,89.59,17533,90,1,22.63,7868,1483,0.0051331774368334,0.0111111111111111,89.59,0.2525951557093425,-66.96000000000001,-2.9589041095890414
Google Display,2023-06-12,72.44,21619,100,0,0.0,12140,0,0.0046255608492529,0.0,,0.0,-72.44,
Google Display,2023-06-13,249.05,54626,325,4,156.52,26051,4612,0.0059495478343645,0.0123076923076923,62.2625,0.6284681790805059,-92.53,-0.5911704574495272
Google Display,2023-06-14,552.29,88538,593,4,80.46,40054,18942,0.0066976891278321,0.0067453625632377,138.0725,0.145684332506473,-471.83,-5.864156102411136
Google Display,2023-06-15,540.19,103831,647,3,234.09,56655,19242,0.0062312796756267,0.0046367851622874,180.06333333333336,0.433347525870527,-306.1,-1.3076167286086549
Google Display,2023-06-16,1468.3000000000002,568382,3497,3,0.0,221043,1603,0.0061525523327621,0.0008578781812982,489.4333333333334,0.0,-1468.3000000000002,
Google Display,2023-06-17,1586.38,330954,1405,1,0.0,159571,15750,0.0042453029726185,0.0007117437722419,1586.38,0.0,-1586.38,
Google Display,2023-06-18,1206.62,258919,2258,2,0.0,142112,0,0.0087208740957596,0.0008857395925597,603.31,0.0,-1206.62,
Google Display,2023-06-19,118.91,22586,208,1,93.28,9599,3118,0.0092092446648366,0.0048076923076923,118.91,0.784458834412581,-25.629999999999995,-0.2747641509433962
Google Display,2023-06-21,78.1,20028,130,0,0.0,10809,4331,0.0064909127221889,0.0,,0.0,-78.1,
Google Display,2023-06-22,222.93,75413,475,0,0.0,38157,17180,0.006298648774084,0.0,,0.0,-222.93,
Google Display,2023-06-23,422.97,110205,464,0,0.0,44160,16147,0.004210335284243,0.0,,0.0,-422.97,
Google Display,2023-06-24,722.18,138563,788,4,94.93,62141,13701,0.0056869438450379,0.0050761421319796,180.545,0.1314492231853554,-627.25,-6.607500263351943
Google Display,2023-06-25,4074.44,899922,4137,10,211.92,470903,9946,0.0045970650789735,0.0024172105390379,407.444,0.0520120556444566,-3862.52,-18.22631181577954
Google Display,2023-06-26,22.94,9146,30,0,0.0,4446,0,0.003280122457905,0.0,,0.0,-22.94,
Google Display,2023-06-27,796.4,138590,719,5,448.17,67194,0,0.0051879644996031,0.0069541029207232,159.28,0.5627448518332496,-348.23,-0.7770042617756654
Google Display,2023-06-28,549.77,72207,504,5,175.09,33383,2800,0.0069799326935061,0.0099206349206349,109.954,0.3184786365207269,-374.68,-2.139928037009537
Google Display,2023-06-29,3882.63,1345234,10388,45,1363.97,730984,192900,0.0077220766052597,0.0043319214478244,86.28066666666668,0.3513005359769022,-2518.66,-1.846565540297807
Google Display,2023-06-30,227.37,42421,243,0,0.0,20454,0,0.0057282949482567,0.0,,0.0,-227.37,
Google Display,2023-07-01,346.69,118162,601,2,60.24,77309,2550,0.0050862375382948,0.0033277870216306,173.345,0.1737575355504918,-286.45,-4.755146082337317
Google Display,2023-07-02,149.2,35168,197,1,85.39,11589,0,0.0056016833484986,0.0050761421319796,149.2,0.572319034852547,-63.80999999999999,-0.7472771987352147
Google Display,2023-07-03,382.69,85948,575,0,0.0,43510,12724,0.0066900916833434,0.0,,0.0,-382.69,
Google Display,2023-07-04,795.95,181738,902,1,120.85,101837,4557,0.0049631887662459,0.0011086474501108,795.95,0.1518311451724354,-675.1,-5.58626396359123
Google Display,2023-07-05,1561.7,402827,2916,34,1365.94,201508,0,0.0072388395018208,0.0116598079561042,45.93235294117648,0.8746494205032977,-195.76,-0.143315226144633
Google Display,2023-07-06,1083.66,272997,1255,1,0.0,177210,2403,0.004597120114873,0.0007968127490039,1083.66,0.0,-1083.66,
Google Display,2023-07-08,1857.44,515033,3060,8,204.77,281488,93941,0.0059413668638708,0.0026143790849673,232.18,0.1102431303299164,-1652.6699999999998,-8.070859989256238
Google Display,2023-07-09,996.9,264191,1937,1,0.0,130570,2105,0.0073318167537879,0.0005162622612287,996.9,0.0,-996.9,
Google Display,2023-07-10,444.91,112862,433,1,21.95,71356,13530,0.0038365437436869,0.0023094688221709,444.91,0.0493358207277876,-422.96,-19.26924829157176
Google Display,2023-07-11,940.17,202252,1435,1,0.0,105437,13486,0.0070951090718509,0.0006968641114982,940.17,0.0,-940.17,
Google Display,2023-07-12,1000.96,172041,1103,4,230.54,107998,0,0.0064112624316296,0.0036264732547597,250.24,0.2303188938618925,-770.4200000000001,-3.3418061941528587
Google Display,2023-07-13,911.03,256946,2261,15,1595.9699999999998,119129,0,0.0087995142948323,0.0066342326404245,60.73533333333333,1.7518303458722544,684.9399999999998,0.4291684680789738
Google Display,2023-07-14,1504.6,411657,2159,1,0.0,165820,0,0.0052446575668578,0.000463177396943,1504.6,0.0,-1504.6,
Google Display,2023-07-16,1599.16,403501,2544,9,285.67,163518,23172,0.0063048170884334,0.0035377358490566,177.68444444444444,0.1786375347057205,-1313.4899999999998,-4.597927678790211
Google Display,2023-07-17,1749.7099999999998,447799,2492,1,0.0,218174,3409,0.0055649967954372,0.0004012841091492,1749.7099999999998,0.0,-1749.7099999999998,
Google Display,2023-07-18,182.37,20625,116,0,0.0,15939,0,0.0056242424242424,0.0,,0.0,-182.37,
Google Display,2023-07-20,1482.11,263331,1885,24,377.33,141726,16414,0.0071582912759986,0.0127320954907161,61.75458333333333,0.2545897403026766,-1104.78,-2.927888055548194
Google Display,2023-07-21,346.56,108893,857,4,437.68,59222,0,0.0078701110264204,0.0046674445740956,86.64,1.2629270544783011,91.12,0.2081886309632608
Google Display,2023-07-22,626.33,131951,581,2,198.48,70212,13336,0.0044031496540382,0.0034423407917383,313.165,0.3168936503121357,-427.85,-2.155632809351068
Google Display,2023-07-23,521.14,187131,1594,24,226.42,106389,0,0.0085180969481272,0.015056461731493,21.714166666666667,0.4344705837203054,-294.72,-1.3016517975443866
Google Display,2023-07-24,99.12,20383,96,0,0.0,15852,0,0.004709807192268,0.0,,0.0,-99.12,
Google Display,2023-07-25,1205.94,444535,2710,15,1465.23,167166,0,0.0060962578874554,0.0055350553505535,80.396,1.2150106970496044,259.29,0.1769619786654654
Google Display,2023-07-26,240.84,77383,372,5,224.03,45887,0,0.0048072574079578,0.0134408602150537,48.168,0.9302026241488124,-16.810000000000002,-0.0750345935812168
Google Display,2023-07-27,351.8,126714,698,15,207.18,45737,0,0.0055084678883154,0.0214899713467048,23.453333333333333,0.588914155770324,-144.62,-0.6980403513852689
Google Display,2023-07-28,981.33,364660,1981,14,878.94,225997,0,0.0054324576317665,0.0070671378091872,70.095,0.8956620097215005,-102.39,-0.1164925933510819
Google Display,2023-07-29,62.04,11750,73,0,0.0,5752,1477,0.0062127659574468,0.0,,0.0,-62.04,
Google Display,2023-07-30,1075.63,193996,811,2,71.24,71880,15157,0.0041804985669807,0.002466091245376,537.8149999999999,0.0662309530228796,-1004.39,-14.098680516563729
Google Display,2023-07-31,1475.8,324723,1518,0,0.0,203705,70483,0.0046747535591873,0.0,,0.0,-1475.8,
Google Display,2023-08-01,1064.01,201850,1608,8,690.67,112931,0,0.0079663116175377,0.0049751243781094,133.00125,0.6491198390992565,-373.34,-0.5405475842298059
Google Display,2023-08-02,1062.18,289168,2436,14,867.6800000000001,109414,0,0.0084241686493664,0.0057471264367816,75.87,0.8168860268504397,-194.5,-0.2241609810068227
Google Display,2023-08-03,53.17,11367,87,0,0.0,5408,0,0.0076537344945896,0.0,,0.0,-53.17,
Google Display,2023-08-04,86.6,32437,292,3,108.01,12112,0,0.0090020655424361,0.0102739726027397,28.866666666666664,1.247228637413395,21.41000000000001,0.1982223868160356
Google Display,2023-08-05,189.71,45491,269,0,0.0,24364,0,0.0059132575674309,0.0,,0.0,-189.71,
Google Display,2023-08-06,2385.1,442531,2959,6,22.54,208348,89085,0.006686537214342,0.0020277120648867,397.51666666666665,0.009450337512054,-2362.56,-104.81632653061224
Google Display,2023-08-07,898.4,242111,1335,10,862.94,145759,0,0.0055139997769618,0.0074906367041198,89.84,0.9605298308103296,-35.45999999999992,-0.0410920805618002
Google Display,2023-08-08,1979.2,511260,3067,2,61.66,221999,0,0.0059989046669013,0.0006521030322791,989.6,0.0311540016168148,-1917.54,-31.09860525462212
Google Display,2023-08-09,25.74,6531,23,0,0.0,5239,0,0.0035216659010871,0.0,,0.0,-25.74,
Google Display,2023-08-10,350.29,112465,866,4,248.85,62755,0,0.007700173387276,0.0046189376443418,87.5725,0.7104113734334409,-101.44000000000004,-0.4076351215591723
Google Display,2023-08-11,66.08,18484,122,2,32.6,7202,0,0.0066003029647262,0.0163934426229508,33.04,0.4933414043583535,-33.48,-1.0269938650306747
Google Display,2023-08-12,1134.01,325195,764,0,0.0,175414,67566,0.0023493596150002,0.0,,0.0,-1134.01,
Google Display,2023-08-13,1788.73,540479,1609,1,68.0,287191,6682,0.0029769889301897,0.0006215040397762,1788.73,0.0380157989187859,-1720.73,-25.30485294117647
Google Display,2023-08-14,65.89,22799,74,0,0.0,10978,0,0.0032457563928242,0.0,,0.0,-65.89,
Google Display,2023-08-15,1113.71,197760,912,1,0.0,94023,0,0.0046116504854368,0.0010964912280701,1113.71,0.0,-1113.71,
Google Display,2023-08-16,165.99,33016,212,1,19.08,21371,0,0.0064211291495032,0.0047169811320754,165.99,0.1149466835351527,-146.91000000000005,-7.699685534591197
Google Display,2023-08-17,520.54,112783,916,1,109.2,49288,0,0.0081217914047329,0.0010917030567685,520.54,0.2097821493064894,-411.34,-3.766849816849816
Google Display,2023-08-18,711.04,99657,662,1,0.0,57405,0,0.0066427847516983,0.0015105740181268,711.04,0.0,-711.04,
Google Display,2023-08-20,169.17000000000002,46575,153,0,0.0,28285,8569,0.0032850241545893,0.0,,0.0,-169.17000000000002,
Google Display,2023-08-21,992.66,220333,1422,3,127.78,108129,0,0.0064538675550189,0.0021097046413502,330.8866666666667,0.1287248403280075,-864.8800000000001,-6.768508373767413
Google Display,2023-08-22,842.67,177540,1475,11,379.63,101934,1567,0.0083079869325222,0.007457627118644,76.60636363636364,0.4505085027353531,-463.04,-1.2197139319864077
Google Display,2023-08-23,62.45,15501,121,1,36.3,7284,0,0.0078059480033546,0.0082644628099173,62.45,0.5812650120096076,-26.15000000000001,-0.7203856749311297
Google Display,2023-08-24,526.0,107216,636,2,59.31,47107,0,0.0059319504551559,0.0031446540880503,263.0,0.1127566539923954,-466.69,-7.868656213117518
Google Display,2023-08-25,845.5,212133,1239,0,0.0,131738,0,0.0058406754253227,0.0,,0.0,-845.5,
Google Display,2023-08-26,397.89,51552,184,0,0.0,29712,0,0.0035692116697703,0.0,,0.0,-397.89,
Google Display,2023-08-28,1259.9,306193,1537,5,461.97,169093,15982,0.0050197097908835,0.0032530904359141,251.98,0.366671958091912,-797.9300000000001,-1.7272333701322595
Google Display,2023-08-29,2054.12,621221,4103,8,99.52,294681,3699,0.0066047348689113,0.0019497928345113,256.765,0.0484489708488306,-1954.6,-19.640273311897104
Google Display,2023-08-30,322.74,121274,1114,9,735.84,88039,0,0.0091858106436664,0.0080789946140035,35.86,2.279977691020636,413.1,0.5613992172211351
Google Display,2023-08-31,1594.4499999999998,512128,2783,1,0.0,362939,0,0.005434188327918,0.0003593244699964,1594.4499999999998,0.0,-1594.4499999999998,
Google Display,2023-09-01,596.89,150001,1031,3,209.48,97244,0,0.0068732875114165,0.002909796314258,198.9633333333333,0.3509524367973998,-387.41,-1.84938896314684
Google Display,2023-09-02,196.38,56309,357,1,9.04,32129,8905,0.0063400166936013,0.0028011204481792,196.38,0.0460332009369589,-187.34,-20.72345132743363
Google Display,2023-09-03,796.0699999999999,114468,791,0,0.0,59332,0,0.0069102281860432,0.0,,0.0,-796.0699999999999,
Google Display,2023-09-04,637.12,146007,702,1,74.03,92968,5322,0.004807988658078,0.0014245014245014,637.12,0.1161947513812154,-563.09,-7.606240713224369
Google Display,2023-09-05,504.53,147643,1353,11,991.93,73495,0,0.0091639969385612,0.008130081300813,45.86636363636364,1.9660476086654903,487.3999999999999,0.4913653181172058
Google Display,2023-09-06,116.03,38042,263,0,0.0,16788,0,0.0069134114925608,0.0,,0.0,-116.03,
Google Display,2023-09-07,2190.28,391709,2057,0,0.0,241317,38694,0.0052513473011853,0.0,,0.0,-2190.28,
Google Display,2023-09-08,78.17,21717,147,1,21.28,10785,0,0.0067688907307639,0.0068027210884353,78.17,0.2722271971344505,-56.89,-2.6734022556390977
Google Display,2023-09-09,1061.41,210246,849,2,114.67,92532,50759,0.0040381267657886,0.0023557126030624,530.705,0.108035537633902,-946.74,-8.256213482166217
Google Display,2023-09-10,177.8,29783,143,0,0.0,16340,6283,0.0048013967699694,0.0,,0.0,-177.8,
Google Display,2023-09-11,538.35,89754,742,1,0.0,35990,14682,0.0082670410232413,0.0013477088948787,538.35,0.0,-538.35,
Google Display,2023-09-12,890.36,138309,1113,2,0.0,86809,5018,0.0080471986638613,0.0017969451931716,445.18,0.0,-890.36,
Google Display,2023-09-13,442.23,107375,366,0,0.0,40773,24311,0.0034086146682188,0.0,,0.0,-442.23,
Google Display,2023-09-14,1080.48,281013,2129,3,100.07,133937,40166,0.0075761619569201,0.0014091122592766,360.16,0.0926162446320154,-980.41,-9.797241930648548
Google Display,2023-09-15,1385.69,351741,2003,2,36.72,189433,31984,0.0056945309190569,0.00099850224663,692.845,0.0264994334952262,-1348.97,-36.73665577342048
Google Display,2023-09-16,230.44,37090,247,1,26.23,20982,5471,0.0066594769479644,0.0040485829959514,230.44,0.1138257247005728,-204.21,-7.785360274494853
Google Display,2023-09-17,1164.24,408139,2671,1,0.0,208842,51783,0.0065443390609571,0.0003743916136278,1164.24,0.0,-1164.24,
Google Display,2023-09-18,1727.53,342549,2238,1,0.0,208992,56493,0.0065333718679663,0.0004468275245755,1727.53,0.0,-1727.53,
Google Display,2023-09-19,1993.29,431724,4195,34,3050.41,204082,4091,0.0097168561395706,0.0081048867699642,58.62617647058824,1.5303392883122875,1057.12,0.346550135883373
Google Display,2023-09-21,1969.13,439038,2068,1,0.0,216617,0,0.0047102984251932,0.0004835589941972,1969.13,0.0,-1969.13,
Google Display,2023-09-22,2094.9,444737,2675,23,368.08,243807,48645,0.0060147907639796,0.0085981308411214,91.08260869565218,0.1757028975130078,-1726.8200000000002,-4.691425777004999
Google Display,2023-09-23,1180.18,262524,1710,1,0.0,129914,30434,0.0065136901768981,0.0005847953216374,1180.18,0.0,-1180.18,
Google Display,2023-09-24,2153.55,423355,3076,22,773.6,181166,24875,0.0072657698621724,0.0071521456436931,97.88863636363637,0.3592208214343758,-1379.9500000000005,-1.783802998965874
Google Display,2023-09-26,1944.1,331223,1482,2,0.0,163811,0,0.0044743269640091,0.0013495276653171,972.05,0.0,-1944.1,
Google Display,2023-09-27,187.34,25077,153,0,0.0,14496,5394,0.0061012082785022,0.0,,0.0,-187.34,
Google Display,2023-09-28,2727.61,489437,3313,18,173.77,268806,77633,0.0067690019348761,0.00543314216722,151.5338888888889,0.063707788136867,-2553.84,-14.696668009437763
Google Display,2023-09-29,245.64,49290,348,0,0.0,23416,0,0.0070602556299452,0.0,,0.0,-245.64,
Google Display,2023-09-30,810.64,188334,1110,9,379.41,102929,10570,0.0058937844467807,0.0081081081081081,90.07111111111111,0.4680375999210501,-431.23,-1.1365804802192876
Google Display,2023-10-01,524.78,172983,1089,9,933.49,81271,1735,0.0062954163125856,0.0082644628099173,58.30888888888889,1.7788216014329816,408.71,0.4378300785225337
Google Display,2023-10-02,43.23,8972,52,0,0.0,5598,0,0.0057958091841284,0.0,,0.0,-43.23,
Google Display,2023-10-03,1066.46,194998,1157,0,0.0,94201,0,0.0059333941886583,0.0,,0.0,-1066.46,
Google Display,2023-10-04,598.75,210377,1549,41,557.33,84080,4095,0.0073629721880243,0.0264686894770819,14.603658536585366,0.9308225469728602,-41.41999999999996,-0.0743186263075735
Google Display,2023-10-05,2055.44,543163,3014,8,217.76,218586,3072,0.0055489788516522,0.0026542800265428,256.93,0.105943253026116,-1837.68,-8.439015429831008
Google Display,2023-10-08,88.83,18639,132,0,0.0,10665,0,0.0070819249959761,0.0,,0.0,-88.83,
Google Display,2023-10-09,5396.29,776870,6441,52,2787.2,401930,0,0.0082909624518902,0.0080732805464989,103.77480769230768,0.5165030048422157,-2609.09,-0.9360971584385764
Google Display,2023-10-10,3147.62,696527,4357,23,1339.35,373298,95390,0.006255321042831,0.0052788616020197,136.85304347826087,0.4255119741264828,-1808.27,-1.3501101280471872
Google Display,2023-10-11,1029.36,194457,1639,1,0.0,124346,25436,0.0084285986104897,0.0006101281269066,1029.36,0.0,-1029.36,
Google Display,2023-10-12,195.28,47429,379,3,239.35,28623,1598,0.0079908916485694,0.0079155672823219,65.09333333333333,1.2256759524784924,44.06999999999999,0.1841236682682264
Google Display,2023-10-13,128.11,23704,169,0,0.0,14653,0,0.0071295983800202,0.0,,0.0,-128.11,
Google Display,2023-10-14,536.25,89141,820,6,340.96,48641,0,0.0091989095926677,0.0073170731707317,89.375,0.6358228438228438,-195.29,-0.5727651337400282
Google Display,2023-10-15,1837.66,328736,1493,1,0.0,137478,0,0.00454163827509,0.000669792364367,1837.66,0.0,-1837.66,
Google Display,2023-10-16,473.81,120091,1033,7,551.21,60947,13724,0.0086018102938604,0.0067763794772507,67.68714285714286,1.1633566197420908,77.40000000000003,0.1404183523520981
Google Display,2023-10-17,874.94,141296,1590,25,471.62,69792,12014,0.0112529724832974,0.0157232704402515,34.997600000000006,0.5390312478569959,-403.3200000000001,-0.8551800178109495
Google Display,2023-10-18,83.24,19301,224,0,0.0,8622,3132,0.0116056162893114,0.0,,0.0,-83.24,
Google Display,2023-10-19,1599.0700000000002,261345,1948,1,0.0,156096,3218,0.0074537488760068,0.0005133470225872,1599.0700000000002,0.0,-1599.0700000000002,
Google Display,2023-10-20,1312.05,398330,3738,44,2553.53,255877,0,0.0093841789471041,0.0117710005350454,29.81931818181818,1.9462139400175296,1241.4799999999998,0.4861818737199093
Google Display,2023-10-21,263.15,33872,273,1,0.0,21996,0,0.0080597543693906,0.0036630036630036,263.15,0.0,-263.15,
Google Display,2023-10-22,1516.88,438438,3628,61,3655.43,156653,0,0.0082748301926384,0.0168136714443219,24.86688524590164,2.409834660619165,2138.55,0.5850337716766564
Google Display,2023-10-23,1507.11,323348,2860,6,0.0,234338,0,0.0088449596100795,0.002097902097902,251.18500000000003,0.0,-1507.11,
Google Display,2023-10-24,2904.99,654726,6241,58,1560.24,372621,0,0.0095322318038385,0.0092933824707578,50.08603448275863,0.5370896285357264,-1344.7500000000002,-0.8618866328257193
Google Display,2023-10-25,2536.84,489044,4834,24,490.03,234034,10062,0.0098845911615314,0.0049648324369052,105.70166666666668,0.1931655130004257,-2046.81,-4.17690753627329
Google Display,2023-10-26,140.9,19326,104,0,0.0,8993,0,0.0053813515471385,0.0,,0.0,-140.9,
Google Display,2023-10-27,4628.06,1041110,8468,72,4305.81,483468,99237,0.0081336266100604,0.0085025980160604,64.2786111111111,0.9303703927779676,-322.2499999999991,-0.074840738444102
Google Display,2023-10-29,1771.09,559002,2414,11,768.83,339694,76732,0.0043184103098021,0.0045567522783761,161.0081818181818,0.4340999045785364,-1002.26,-1.303617184553152
Google Display,2023-10-30,4799.41,1166417,9044,38,563.6400000000001,474761,5646,0.0077536592830865,0.0042016806722689,126.30026315789472,0.1174394352639178,-4235.77,-7.51502732240437
Google Display,2023-10-31,1582.23,326131,2948,31,1256.11,144233,32020,0.0090393124235353,0.0105156037991858,51.03967741935484,0.7938858446622805,-326.1199999999999,-0.259626943500171
Google Display,2023-11-01,152.38,28251,249,0,0.0,14658,0,0.0088138472974407,0.0,,0.0,-152.38,
Google Display,2023-11-02,997.11,115480,1220,2,53.32,63387,27130,0.0105645999307239,0.001639344262295,498.555,0.0534745414247174,-943.79,-17.700487621905477
Google Display,2023-11-03,2034.33,572691,4226,14,400.21,301209,0,0.0073791975079056,0.003312825366777,145.30928571428572,0.1967281611144701,-1634.12,-4.083156342919967
Google Display,2023-11-04,1278.23,371189,3642,5,0.0,203811,0,0.0098117131703795,0.001372872048325,255.646,0.0,-1278.23,
Google Display,2023-11-05,1510.71,276044,1878,7,566.13,131814,5840,0.006803263247888,0.003727369542066,215.81571428571428,0.374744325515817,-944.58,-1.6684860367760057
Google Display,2023-11-06,474.48,99766,933,7,399.3,44632,4848,0.0093518834071727,0.007502679528403,67.78285714285714,0.8415528578654528,-75.18,-0.1882794891059354
Google Display,2023-11-07,703.92,170635,1264,6,695.71,72561,14354,0.00740762446157,0.0047468354430379,117.32,0.9883367428116832,-8.209999999999923,-0.0118008940506819
Google Display,2023-11-08,1856.76,402154,3763,6,0.0,190864,41917,0.0093571119521377,0.0015944724953494,309.46,0.0,-1856.76,
Google Display,2023-11-09,2601.75,779015,6059,14,0.0,486318,26353,0.0077777706462648,0.0023106123122627,185.8392857142857,0.0,-2601.75,
Google Display,2023-11-10,463.54,120083,1291,22,445.55,68229,0,0.0107508972960369,0.0170410534469403,21.07,0.96118997281788,-17.989999999999952,-0.0403770620581302
Google Display,2023-11-11,4031.07,1299643,11645,207,5378.72,704107,5913,0.0089601529035281,0.0177758694718763,19.47376811594203,1.3343157027786667,1347.65,0.2505521759823899
Google Display,2023-11-12,1062.93,169028,1450,18,1133.91,73809,3395,0.0085784603734292,0.0124137931034482,59.05166666666667,1.066777680562219,70.97999999999979,0.0625975606529617
Google Display,2023-11-13,925.6,300790,2305,4,41.19,181804,51495,0.0076631536952691,0.0017353579175704,231.4,0.044500864304235,-884.4100000000001,-21.47147365865501
Google Display,2023-11-14,1277.23,331811,2029,0,0.0,162217,0,0.0061149268710199,0.0,,0.0,-1277.23,
Google Display,2023-11-15,1520.87,312705,2499,5,0.0,161302,38281,0.0079915575382549,0.002000800320128,304.17400000000004,0.0,-1520.87,
Google Display,2023-11-16,1024.12,127367,845,2,259.83,80159,0,0.0066343715405089,0.0023668639053254,512.06,0.2537105026754677,-764.29,-2.941500211676866
Google Display,2023-11-17,5273.709999999999,1212395,9701,8,0.0,671312,257276,0.0080015176571991,0.0008246572518297,659.2137499999999,0.0,-5273.709999999999,
Google Display,2023-11-18,2386.97,515498,4180,14,123.12,248280,85406,0.0081086638551458,0.0033492822966507,170.49785714285713,0.0515800366154581,-2263.85,-18.387345679012345
Google Display,2023-11-20,2214.75,773555,4799,6,145.48,543873,30923,0.0062038251966569,0.0012502604709314,369.125,0.0656868721074613,-2069.27,-14.223742095133352
Google Display,2023-11-21,2457.63,438222,3442,16,130.89,211886,7195,0.0078544664576401,0.0046484601975595,153.601875,0.0532586272140232,-2326.74,-17.77630071052029
Google Display,2023-11-22,660.66,173978,881,1,0.0,113842,20276,0.0050638586487946,0.0011350737797956,660.66,0.0,-660.66,
Google Display,2023-11-23,3457.56,615993,3842,4,0.0,343411,52474,0.0062370838629659,0.0010411244143675,864.39,0.0,-3457.56,
Google Display,2023-11-24,3137.58,537814,3952,4,0.0,234788,53097,0.0073482653854306,0.0010121457489878,784.395,0.0,-3137.58,
Google Display,2023-11-25,4432.280000000001,1009550,9631,88,968.61,604815,55522,0.0095398940121836,0.0091371612501297,50.36681818181819,0.218535381338724,-3463.6700000000005,-3.575918068159528
Google Display,2023-11-26,1124.18,314971,3401,58,1041.36,144948,0,0.0107978194817935,0.0170538077036165,19.38241379310345,0.9263285239018662,-82.82000000000016,-0.0795306138127066
Google Display,2023-11-27,549.67,104532,762,2,118.6,47051,0,0.0072896337963494,0.0026246719160104,274.835,0.2157658231302417,-431.07,-3.634654300168634
Google Display,2023-11-28,1670.88,428780,3451,11,134.97,203307,17942,0.0080484164373338,0.0031874818893074,151.8981818181818,0.0807777937374317,-1535.91,-11.379639919982218
Google Display,2023-11-29,1122.02,149524,1483,25,423.87,83345,0,0.0099181402316684,0.0168577208361429,44.8808,0.3777740147234452,-698.15,-1.6470851912142874
Google Display,2023-11-30,142.95,38715,245,1,0.0,17249,0,0.0063282965258943,0.0040816326530612,142.95,0.0,-142.95,
Google Display,2023-12-01,1281.79,365038,2413,2,0.0,216457,0,0.0066102707115423,0.0008288437629506,640.895,0.0,-1281.79,
Google Display,2023-12-02,431.55,107269,685,0,0.0,49051,0,0.0063858151003551,0.0,,0.0,-431.55,
Google Display,2023-12-03,595.26,100295,784,3,32.38,43003,4419,0.0078169400269205,0.0038265306122448,198.42,0.0543963982125457,-562.88,-17.383570105003088
Google Display,2023-12-04,1732.21,425695,3557,11,236.95,164986,16727,0.0083557476597094,0.0030924936744447,157.47363636363636,0.1367905738911563,-1495.26,-6.310445241612155
Google Display,2023-12-05,3115.51,433174,2970,5,53.76,215962,9108,0.0068563671873196,0.0016835016835016,623.1020000000001,0.0172556018115814,-3061.75,-56.95219494047619
Google Display,2023-12-06,967.3,195199,2185,6,344.79,87273,3787,0.0111937048857832,0.0027459954233409,161.21666666666667,0.3564457769047865,-622.51,-1.8054757968618576
Google Display,2023-12-07,516.87,142184,1293,1,0.0,73091,0,0.0090938502222472,0.0007733952049497,516.87,0.0,-516.87,
Google Display,2023-12-08,1896.15,405460,2597,8,101.23,158721,0,0.0064050707838011,0.0030804774740084,237.01875,0.0533871265458956,-1794.92,-17.731107379235407
Google Display,2023-12-09,1160.31,305502,2766,22,1315.85,122859,0,0.0090539505469685,0.0079537237888647,52.74136363636364,1.1340503830872783,155.53999999999996,0.1182049625717216
Google Display,2023-12-10,1094.14,143221,1008,12,483.75,77441,0,0.0070380740254571,0.0119047619047619,91.17833333333331,0.4421280640503044,-610.3899999999999,-1.26178811369509
Google Display,2023-12-11,394.27,84989,851,5,307.86,31262,0,0.0100130605137135,0.0058754406580493,78.854,0.7808354680802496,-86.40999999999997,-0.2806795296563372
Google Display,2023-12-12,1659.25,596257,3643,14,172.3,238669,98396,0.0061097815203846,0.003842986549547,118.51785714285714,0.1038420973331324,-1486.95,-8.630005803830528
Google Display,2023-12-13,50.75,6194,39,1,8.59,2805,0,0.0062964158863416,0.0256410256410256,50.75,0.1692610837438423,-42.16,-4.908032596041909
Google Display,2023-12-14,1952.24,331503,2768,3,0.0,170663,4309,0.0083498490209741,0.0010838150289017,650.7466666666668,0.0,-1952.24,
Google Display,2023-12-15,68.66,24640,125,0,0.0,10502,0,0.0050730519480519,0.0,,0.0,-68.66,
Google Display,2023-12-16,422.43,90686,791,5,400.63,34217,0,0.0087224047813333,0.0063211125158027,84.486,0.9483938167270316,-21.80000000000001,-0.0544142974814667
Google Display,2023-12-18,924.93,117759,622,0,0.0,57608,0,0.0052819742015472,0.0,,0.0,-924.93,
Google Display,2023-12-19,745.67,114701,831,1,0.0,61187,0,0.0072449237582933,0.0012033694344163,745.67,0.0,-745.67,
Google Display,2023-12-20,1677.15,510014,4830,8,0.0,206717,0,0.0094703282654985,0.0016563146997929,209.64375,0.0,-1677.15,
Google Display,2023-12-21,3121.6800000000003,821109,6000,37,2086.62,393996,0,0.0073071906409502,0.0061666666666666,84.36972972972974,0.6684285384792803,-1035.0600000000004,-0.4960462374557899
Google Display,2023-12-23,992.18,184410,1580,2,0.0,94744,0,0.0085678650832384,0.0012658227848101,496.09,0.0,-992.18,
Google Display,2023-12-24,1682.0700000000002,425797,2025,2,48.24,247014,12124,0.0047557873822502,0.0009876543209876,841.0350000000001,0.0286789491519377,-1633.8300000000002,-33.868781094527364
Google Display,2023-12-25,1614.76,583621,4223,1,0.0,259140,0,0.0072358602586267,0.0002367984844896,1614.76,0.0,-1614.76,
Google Display,2023-12-26,4278.870000000001,751072,5552,37,2131.06,325558,20906,0.0073921008904605,0.0066642651296829,115.64513513513516,0.4980427075372702,-2147.810000000001,-1.0078599382466946
Google Display,2023-12-27,1031.07,224989,1909,18,1775.56,88836,0,0.008484859259786,0.0094290204295442,57.281666666666666,1.7220557285150375,744.49,0.4192987001284102
Google Display,2023-12-28,102.08,22009,150,0,0.0,14070,0,0.0068153937025762,0.0,,0.0,-102.08,
Google Display,2023-12-29,174.38,36132,124,0,0.0,28498,6754,0.0034318609542787,0.0,,0.0,-174.38,
Google Display,2023-12-30,445.09,75328,645,1,0.0,30645,0,0.0085625531011045,0.0015503875968992,445.09,0.0,-445.09,
Google Display,2023-12-31,2911.1,937946,7619,61,477.35,616741,0,0.0081230689186797,0.0080063000393752,47.72295081967213,0.1639758167015904,-2433.75,-5.098460249292971
Google Display,2024-01-02,1172.1999999999998,245083,1718,11,374.25,145883,44450,0.0070098701256309,0.0064027939464493,106.56363636363636,0.3192714553830404,-797.9499999999998,-2.1321309285237136
Google Display,2024-01-03,2238.02,586326,2995,2,0.0,258071,0,0.0051080798054324,0.0006677796327212,1119.01,0.0,-2238.02,
Google Display,2024-01-04,1509.94,502721,2791,11,669.03,214156,1283,0.005551787174198,0.0039412396990326,137.26727272727274,0.4430838311456084,-840.9100000000001,-1.2569092566850515
Google Display,2024-01-05,1700.9,421496,2002,0,0.0,191730,82169,0.0047497485148139,0.0,,0.0,-1700.9,
Google Display,2024-01-07,237.04,40758,268,1,104.54,16412,0,0.0065753962412287,0.003731343283582,237.04,0.4410226122173473,-132.5,-1.2674574325616987
Google Display,2024-01-08,3419.7200000000003,424399,2588,18,160.56,198589,0,0.0060980351037584,0.0069551777434312,189.98444444444445,0.0469512123799609,-3259.1600000000003,-20.298704534130543
Google Display,2024-01-09,2372.12,357706,2732,29,644.1500000000001,165339,3183,0.0076375570999647,0.010614934114202,81.79724137931034,0.2715503431529603,-1727.9699999999998,-2.682558410308157
Google Display,2024-01-10,1627.3,530387,2451,3,0.0,313000,105688,0.00462115398756,0.0012239902080783,542.4333333333333,0.0,-1627.3,
Google Display,2024-01-11,1818.94,521547,3527,24,219.35,334839,6988,0.0067625736510803,0.0068046498440601,75.78916666666666,0.1205922130471593,-1599.59,-7.292409391383633
Google Display,2024-01-12,624.39,217700,800,0,0.0,125505,39052,0.00367478180983,0.0,,0.0,-624.39,
Google Display,2024-01-13,802.53,149105,1405,15,144.18,83131,16556,0.0094228899097951,0.0106761565836298,53.502,0.179656835258495,-658.3499999999999,-4.566167290886392
Google Display,2024-01-15,3168.78,506096,2551,10,208.91000000000005,279245,10834,0.0050405456672251,0.0039200313602508,316.878,0.0659275809617581,-2959.87,-14.168158537169116
Google Display,2024-01-16,27.59,10241,48,0,0.0,4520,0,0.0046870422810272,0.0,,0.0,-27.59,
Google Display,2024-01-17,1097.84,206070,761,0,0.0,133343,0,0.0036929198815936,0.0,,0.0,-1097.84,
Google Display,2024-01-18,810.69,150817,936,5,453.88,71888,15770,0.0062061969141409,0.0053418803418803,162.138,0.5598687537776461,-356.81000000000006,-0.7861328985634971
Google Display,2024-01-19,248.12,64950,378,0,0.0,22689,0,0.0058198614318706,0.0,,0.0,-248.12,
Google Display,2024-01-20,55.74,21423,129,1,45.99,8673,0,0.0060215656070578,0.0077519379844961,55.74,0.8250807319698601,-9.75,-0.2120026092628832
Google Display,2024-01-21,1721.26,259089,1285,2,18.97,137118,0,0.0049596856678593,0.001556420233463,860.63,0.0110209962469353,-1702.29,-89.73589878755931
Google Display,2024-01-22,1760.71,361236,2163,3,159.97,163548,0,0.0059877753047868,0.001386962552011,586.9033333333333,0.090855393562824,-1600.74,-10.006501218978558
Google Display,2024-01-23,756.4200000000001,187669,1485,15,444.83,81893,18654,0.0079128678684279,0.0101010101010101,50.428,0.5880727638084661,-311.5900000000001,-0.7004698424117081
Google Display,2024-01-24,262.3,97353,746,0,0.0,67691,14404,0.0076628352490421,0.0,,0.0,-262.3,
Google Display,2024-01-25,2049.94,471427,3524,33,1054.14,199792,0,0.0074751764324062,0.0093643586833144,62.11939393939394,0.5142296847712616,-995.8,-0.944656307511336
Google Display,2024-01-26,1641.91,607620,2749,0,0.0,269744,0,0.0045242092097034,0.0,,0.0,-1641.91,
Google Display,2024-01-27,2181.96,551428,2284,3,0.0,259561,0,0.0041419732041173,0.0013134851138353,727.3199999999998,0.0,-2181.96,
Google Display,2024-01-28,55.86,18250,117,1,43.35,8510,0,0.0064109589041095,0.0085470085470085,55.86,0.776047261009667,-12.509999999999998,-0.2885813148788926
Google Display,2024-01-29,127.11,38206,322,2,111.07999999999998,14880,1940,0.0084279956027849,0.0062111801242236,63.55500000000001,0.8738887577688614,-16.03000000000003,-0.1443104069139361
Google Display,2024-01-30,1014.62,354762,3579,33,1279.17,184583,77542,0.0100884536675292,0.0092204526404023,30.74606060606061,1.260738010289567,264.55000000000007,0.2068137933191054
Google Display,2024-01-31,1523.16,294021,2043,3,0.0,156728,0,0.006948483271603,0.0014684287812041,507.72,0.0,-1523.16,
Google Display,2024-02-01,1516.17,192316,982,2,173.2,78154,28072,0.0051061794130493,0.0020366598778004,758.085,0.1142352110911045,-1342.97,-7.753868360277137
Google Display,2024-02-02,115.37,13317,59,0,0.0,10577,0,0.0044304272734099,0.0,,0.0,-115.37,
Google Display,2024-02-03,1009.69,275113,1535,24,675.36,111855,32169,0.0055795255040656,0.0156351791530944,42.07041666666667,0.6688785666887856,-334.33000000000004,-0.4950396825396826
Google Display,2024-02-04,533.41,124768,764,1,0.0,67925,0,0.0061233649653757,0.0013089005235602,533.41,0.0,-533.41,
Google Display,2024-02-05,173.57,66115,637,2,78.25,28205,0,0.0096347273689782,0.0031397174254317,86.785,0.4508267557757677,-95.32,-1.21814696485623
Google Display,2024-02-06,2072.1000000000004,519860,3217,9,182.76,333322,1783,0.0061882045166006,0.0027976375505129,230.23333333333332,0.0882003764297089,-1889.3400000000004,-10.337820091923836
Google Display,2024-02-07,608.85,72170,524,9,170.95,35943,0,0.0072606346127199,0.0171755725190839,67.65,0.2807752319947441,-437.9,-2.561567709856684
Google Display,2024-02-08,218.94,50136,331,2,122.95,26120,0,0.0066020424445508,0.0060422960725075,109.47,0.5615693797387412,-95.99,-0.7807238714924766
Google Display,2024-02-09,315.8,67461,326,0,0.0,39438,0,0.0048324216954981,0.0,,0.0,-315.8,
Google Display,2024-02-11,4328.43,788248,4833,32,877.37,479734,32434,0.0061313190772447,0.0066211462859507,135.2634375,0.202699362124373,-3451.0600000000004,-3.9334146369262686
Google Display,2024-02-12,461.01,149473,491,0,0.0,85234,0,0.0032848741913255,0.0,,0.0,-461.01,
Google Display,2024-02-13,729.81,263087,940,1,0.0,123274,75046,0.0035729625561126,0.001063829787234,729.81,0.0,-729.81,
Google Display,2024-02-14,82.85,33040,138,0,0.0,21424,5583,0.0041767554479418,0.0,,0.0,-82.85,
Google Display,2024-02-15,343.14,63554,292,0,0.0,29284,10239,0.0045945180476445,0.0,,0.0,-343.14,
Google Display,2024-02-16,146.84,23513,288,4,77.1,7747,0,0.0122485433589928,0.0138888888888888,36.71,0.5250612912013075,-69.74000000000001,-0.9045395590142674
Google Display,2024-02-17,1711.74,388597,1689,2,81.44,258876,42366,0.0043464051446614,0.0011841326228537,855.87,0.0475773189853599,-1630.3,-20.018418467583498
Google Display,2024-02-18,1221.9199999999998,158757,784,1,15.62,78750,26901,0.0049383649224916,0.0012755102040816,1221.9199999999998,0.0127831609270656,-1206.3,-77.22791293213828
Google Display,2024-02-19,709.7,215445,1209,12,187.83,80535,0,0.0056116410220705,0.009925558312655,59.14166666666667,0.2646611244187685,-521.87,-2.7784166533567585
Google Display,2024-02-20,1627.5700000000002,411436,2405,2,0.0,187452,59220,0.0058453805695174,0.0008316008316008,813.7850000000001,0.0,-1627.5700000000002,
Google Display,2024-02-21,755.03,191847,1665,2,0.0,101034,0,0.0086787909115076,0.0012012012012012,377.515,0.0,-755.03,
Google Display,2024-02-22,1600.4999999999998,392498,2755,17,176.71,210146,47062,0.0070191440465938,0.0061705989110707,94.1470588235294,0.110409247110278,-1423.7899999999995,-8.057212381868597
Google Display,2024-02-23,1861.19,413837,3031,38,1160.33,182997,0,0.0073241396975137,0.0125371164632134,48.97868421052632,0.6234344693448814,-700.8600000000001,-0.6040178225160086
Google Display,2024-02-25,1311.75,401616,2950,18,1826.0,191518,0,0.0073453248874546,0.0061016949152542,72.875,1.3920335429769393,514.25,0.2816265060240964
Google Display,2024-02-26,1092.99,217787,1614,9,1002.67,91830,0,0.0074109106604159,0.0055762081784386,121.44333333333331,0.9173642942753364,-90.32000000000004,-0.0900794877676604
Google Display,2024-02-27,758.98,211386,833,1,0.0,107827,0,0.0039406583217431,0.0012004801920768,758.98,0.0,-758.98,
Google Display,2024-02-28,28.2,4442,36,0,0.0,2459,0,0.0081044574515983,0.0,,0.0,-28.2,
Google Display,2024-02-29,253.37,64144,350,0,0.0,32679,7327,0.0054564729358942,0.0,,0.0,-253.37,
Google Display,2024-03-01,824.34,163934,1184,2,170.47,74113,13622,0.0072224187782888,0.0016891891891891,412.17,0.2067957396220006,-653.87,-3.835689564146184
Google Display,2024-03-02,950.57,215501,1224,7,442.21,107245,24622,0.0056797880288258,0.005718954248366,135.79571428571427,0.4652050874738315,-508.36,-1.1495895615205445
Google Display,2024-03-03,2609.1,454389,3026,4,0.0,182209,12346,0.0066594921972142,0.0013218770654329,652.275,0.0,-2609.1,
Google Display,2024-03-04,28.24,4065,21,0,0.0,1588,0,0.0051660516605166,0.0,,0.0,-28.24,
Google Display,2024-03-05,3450.56,776334,4917,61,1133.17,397759,0,0.0063336141403055,0.0124059385804352,56.56655737704918,0.3284017666697579,-2317.39,-2.045050610235004
Google Display,2024-03-06,1966.06,307026,2547,42,614.75,138264,0,0.008295714369467,0.0164899882214369,46.81095238095238,0.3126811999633785,-1351.31,-2.1981455876372507
Google Display,2024-03-07,1348.64,310473,2286,15,541.75,144374,0,0.0073629590978925,0.0065616797900262,89.90933333333332,0.4017009728318899,-806.8899999999999,-1.4894139363174894
Google Display,2024-03-08,1417.5,428964,3043,14,1317.31,197999,10325,0.0070938353801251,0.0046007229707525,101.25,0.9293192239858906,-100.19000000000004,-0.0760565090980863
Google Display,2024-03-09,670.74,221238,663,0,0.0,104044,0,0.0029967727063162,0.0,,0.0,-670.74,
Google Display,2024-03-10,2776.82,752401,3325,3,0.0,365806,21530,0.0044191860457389,0.0009022556390977,925.6066666666668,0.0,-2776.82,
Google Display,2024-03-11,811.14,158599,1172,17,309.54,62867,0,0.0073897061141621,0.0145051194539249,47.71411764705882,0.3816110659072416,-501.6,-1.6204690831556503
Google Display,2024-03-12,1135.09,237765,1323,1,0.0,106409,0,0.0055643177086619,0.000755857898715,1135.09,0.0,-1135.09,
Google Display,2024-03-13,2165.41,716950,4401,5,83.46,369513,74247,0.0061385033823837,0.0011361054305839,433.082,0.038542354565648,-2081.95,-24.94548286604361
Google Display,2024-03-14,1668.92,229231,1415,11,314.49,123479,19527,0.0061728125777054,0.007773851590106,151.72,0.1884392301608225,-1354.43,-4.3067506121021335
Google Display,2024-03-15,26.13,3875,19,0,0.0,1510,0,0.0049032258064516,0.0,,0.0,-26.13,
Google Display,2024-03-17,2134.2,417036,2199,16,1462.96,240261,0,0.0052729260783241,0.0072760345611641,133.3875,0.6854840221160154,-671.2399999999998,-0.4588232077432054
Google Display,2024-03-18,870.94,184682,1112,1,30.71,89802,14432,0.0060211606978481,0.0008992805755395,870.94,0.0352607527499024,-840.23,-27.360143275805925
Google Display,2024-03-19,99.33,15572,80,0,0.0,6626,3727,0.0051374261494991,0.0,,0.0,-99.33,
Google Display,2024-03-21,195.21,40139,378,4,62.93,22548,0,0.009417274969481,0.0105820105820105,48.8025,0.3223707801854413,-132.28,-2.10201811536628
Google Display,2024-03-22,280.12,64328,563,3,138.84,29051,0,0.0087520208929237,0.0053285968028419,93.37333333333332,0.4956447236898472,-141.28,-1.017574186113512
Google Display,2024-03-23,1724.9299999999998,452342,3275,21,730.57,213044,8086,0.0072400970946761,0.006412213740458,82.13952380952381,0.4235360275489441,-994.3599999999998,-1.3610742297110472
Google Display,2024-03-24,1423.84,271183,1784,5,224.54,125807,12327,0.0065785834657777,0.0028026905829596,284.768,0.1577003034048769,-1199.3,-5.341141890086399
Google Display,2024-03-25,886.8000000000001,296192,1843,8,731.8599999999999,117695,0,0.0062223152549697,0.0043407487791644,110.85,0.8252819124943616,-154.94000000000017,-0.2117071571065507
Google Display,2024-03-26,44.92,8971,52,0,0.0,4311,2580,0.0057964552446772,0.0,,0.0,-44.92,
Google Display,2024-03-27,1339.21,235483,1179,1,0.0,149588,48375,0.0050067308468127,0.0008481764206955,1339.21,0.0,-1339.21,
Google Display,2024-03-28,167.18,26235,138,3,97.69,10148,0,0.005260148656375,0.0217391304347826,55.72666666666667,0.5843402320851776,-69.49000000000001,-0.7113317637424508
Google Display,2024-03-29,1616.84,442930,2135,1,0.0,284424,32807,0.0048201747454451,0.0004683840749414,1616.84,0.0,-1616.84,
Google Display,2024-03-30,276.47,64673,470,4,313.59,25254,2917,0.007267329488349,0.0085106382978723,69.1175,1.1342641154555646,37.11999999999995,0.1183711215281098
Google Display,2024-03-31,835.4200000000001,156690,522,0,0.0,82148,26586,0.0033314187248707,0.0,,0.0,-835.4200000000001,
Google Display,2024-04-02,3927.25,1006905,4601,24,674.68,430770,135739,0.0045694479618236,0.0052162573353618,163.63541666666666,0.1717945126997262,-3252.57,-4.820907689571353
Google Display,2024-04-04,452.91,146367,1503,9,372.57,79446,0,0.0102687081104347,0.0059880239520958,50.32333333333334,0.8226137643240379,-80.34000000000003,-0.2156373298977374
Google Display,2024-04-05,312.95,66883,501,4,96.35,37407,1786,0.0074906927021814,0.0079840319361277,78.2375,0.3078766576130372,-216.6,-2.248053969901401
Google Display,2024-04-06,289.3,75931,396,0,0.0,30182,1438,0.005215261224006,0.0,,0.0,-289.3,
Google Display,2024-04-07,1729.53,387210,2228,12,701.11,193626,691,0.0057539836264559,0.0053859964093357,144.1275,0.4053760270131192,-1028.42,-1.4668454308168477
Google Display,2024-04-08,1690.28,378686,2708,2,0.0,209311,24827,0.0071510433446179,0.000738552437223,845.14,0.0,-1690.28,
Google Display,2024-04-09,2409.98,620918,5232,43,1443.45,259867,2400,0.0084262334156845,0.0082186544342507,56.04604651162791,0.5989468792272136,-966.53,-0.6695971457272506
Google Display,2024-04-10,569.38,98372,643,2,32.47,49166,0,0.0065364128003903,0.0031104199066874,284.69,0.0570269415855843,-536.91,-16.53557129658146
Google Display,2024-04-11,1977.27,367289,2407,10,502.21,159437,0,0.0065534225092502,0.0041545492314083,197.727,0.2539916147010778,-1475.06,-2.937137850699906
Google Display,2024-04-12,2353.93,640353,4312,11,480.36,322782,52515,0.0067337858962166,0.0025510204081632,213.9936363636364,0.2040672407420781,-1873.57,-3.900345574152718
Google Display,2024-04-13,708.4000000000001,90559,808,11,458.03,45139,0,0.0089223600083923,0.0136138613861386,64.4,0.6465697346132128,-250.3700000000001,-0.5466235836080608
Google Display,2024-04-14,1727.01,331636,1958,3,20.23,135283,11240,0.0059040634912976,0.001532175689479,575.67,0.0117138870070237,-1706.78,-84.36875926841324
Google Display,2024-04-15,996.37,301107,2685,24,1549.98,111384,19075,0.0089170959160697,0.0089385474860335,41.51541666666666,1.555626925740438,553.6100000000001,0.3571723506109757
Google Display,2024-04-16,549.72,99851,587,3,177.39,44956,11394,0.0058787593514336,0.0051107325383304,183.24,0.3226915520628683,-372.33,-2.098934550989346
Google Display,2024-04-17,670.7,219403,1676,3,99.7,115665,1038,0.007638911044972,0.0017899761336515,223.5666666666667,0.1486506634859102,-571.0,-5.727181544633901
Google Display,2024-04-18,97.54,13545,88,0,0.0,9745,2192,0.0064968623108157,0.0,,0.0,-97.54,
Google Display,2024-04-19,694.81,198098,1308,1,0.0,88287,41907,0.0066027925572191,0.0007645259938837,694.81,0.0,-694.81,
Google Display,2024-04-20,2031.03,336585,1935,10,460.08,143087,7105,0.0057489192923035,0.0051679586563307,203.103,0.2265254575264767,-1570.9500000000005,-3.414514866979656
Google Display,2024-04-21,1760.0,338023,2521,17,318.37,136778,30721,0.0074580723796901,0.006743355811186,103.52941176470588,0.1808920454545454,-1441.63,-4.52815906021296
Google Display,2024-04-22,54.25,21587,142,2,19.33,10771,0,0.006578033075462,0.0140845070422535,27.125,0.3563133640552995,-34.92,-1.8065183652353856
Google Display,2024-04-23,385.14,101954,418,2,12.16,46218,26361,0.0040998881848676,0.0047846889952153,192.57,0.0315729345173183,-372.98,-30.672697368421048
Google Display,2024-04-25,581.35,132008,1287,16,742.16,64752,0,0.0097494091267195,0.0124320124320124,36.334375,1.2766147759525242,160.80999999999997,0.2166783442923358
Google Display,2024-04-26,522.18,160946,1118,14,137.95,90976,6128,0.0069464292371354,0.0125223613595706,37.29857142857143,0.2641809337776246,-384.23,-2.7852845233780354
Google Display,2024-04-27,1024.79,282476,2537,16,1336.55,152151,37455,0.0089812939860377,0.0063066614111154,64.049375,1.3042184252383415,311.76,0.2332572668437394
Google Display,2024-04-28,867.85,184549,956,2,52.18,83731,0,0.0051801960454946,0.002092050209205,433.925,0.0601255977415451,-815.6700000000001,-15.631851284016866
Google Display,2024-04-29,1402.24,302970,1531,19,659.6,211330,0,0.0050533056078159,0.0124101894186806,73.8021052631579,0.4703902327704244,-742.64,-1.1258944815039418
Google Display,2024-04-30,352.3,133830,536,0,0.0,87411,0,0.004005081073003,0.0,,0.0,-352.3,
Google Display,2024-05-02,500.23,76093,492,0,0.0,38929,1362,0.0064657721472408,0.0,,0.0,-500.23,
Google Display,2024-05-03,1328.72,237542,1218,1,0.0,149179,14698,0.0051275142922093,0.0008210180623973,1328.72,0.0,-1328.72,
Google Display,2024-05-04,1729.86,390484,2014,9,948.27,241768,45027,0.0051577017240143,0.0044687189672293,192.20666666666665,0.548177309146405,-781.5899999999999,-0.8242272770413489
Google Display,2024-05-06,1356.15,231806,1093,3,56.36,102653,23923,0.0047151497372803,0.0027447392497712,452.05,0.0415588246137964,-1299.79,-23.06227821149752
Google Display,2024-05-07,2367.7,559279,2525,2,0.0,401963,93646,0.0045147413008534,0.0007920792079207,1183.85,0.0,-2367.7,
Google Display,2024-05-08,2689.3,666615,4643,25,987.18,384412,0,0.0069650397905837,0.0053844497092397,107.572,0.3670769345182761,-1702.12,-1.724224558844385
Google Display,2024-05-10,880.83,187015,912,1,65.82,98719,12509,0.0048766141753335,0.0010964912280701,880.83,0.0747249753073805,-815.01,-12.382406563354603
Google Display,2024-05-11,2047.87,558575,3184,7,387.68,294979,12609,0.0057002193080606,0.0021984924623115,292.55285714285714,0.1893088916776944,-1660.1899999999998,-4.2823720594304575
Google Display,2024-05-12,648.8,167954,840,0,0.0,89010,27491,0.0050013694225799,0.0,,0.0,-648.8,
Google Display,2024-05-13,152.54,23771,230,0,0.0,13675,2087,0.0096756552101299,0.0,,0.0,-152.54,
Google Display,2024-05-14,378.61,94327,819,1,0.0,58396,0,0.008682561726759,0.0012210012210012,378.61,0.0,-378.61,
Google Display,2024-05-16,1537.84,332299,2355,5,250.1,146891,4302,0.0070869909328646,0.0021231422505307,307.568,0.1626307028039328,-1287.74,-5.148900439824071
Google Display,2024-05-17,444.43,102641,553,1,109.44,60163,12935,0.0053877105640046,0.0018083182640144,444.43,0.2462480030600994,-334.99,-3.0609466374269005
Google Display,2024-05-18,745.42,147262,737,0,0.0,94605,35800,0.0050046855264766,0.0,,0.0,-745.42,
Google Display,2024-05-19,657.81,198458,734,5,105.42,92883,23826,0.0036985155549284,0.0068119891008174,131.56199999999998,0.1602590413645277,-552.39,-5.239897552646556
Google Display,2024-05-20,1084.19,303545,1509,8,264.19,164815,31660,0.0049712563211385,0.0053015241882041,135.52375,0.2436750016141082,-820.0,-3.1038267913244257
Google Display,2024-05-21,718.01,227062,1964,13,196.99,114414,0,0.0086496199275968,0.0066191446028513,55.23153846153846,0.2743555103689364,-521.02,-2.64490583278339
Google Display,2024-05-22,961.74,264003,1715,37,349.01,101328,2379,0.0064961383014586,0.0215743440233236,25.99297297297297,0.3628943373468921,-612.73,-1.7556230480501993
Google Display,2024-05-23,329.19,101658,437,0,0.0,43021,0,0.0042987271046056,0.0,,0.0,-329.19,
Google Display,2024-05-24,744.85,201605,1505,10,110.2,118775,31207,0.0074650926316311,0.0066445182724252,74.485,0.1479492515271531,-634.65,-5.759074410163339
Google Display,2024-05-25,620.48,231160,941,0,0.0,111761,0,0.0040707734902232,0.0,,0.0,-620.48,
Google Display,2024-05-26,1365.58,337684,1940,4,43.94,165423,14416,0.0057450160505087,0.002061855670103,341.395,0.0321768039953719,-1321.64,-30.07828857533
Google Display,2024-05-27,32.51,3656,27,0,0.0,2350,0,0.0073851203501094,0.0,,0.0,-32.51,
Google Display,2024-05-28,463.89,132707,1032,13,541.32,61699,0,0.0077765302508533,0.0125968992248062,35.683846153846154,1.1669145702645023,77.43000000000006,0.1430392374196409
Google Display,2024-05-29,3339.78,687328,4033,21,382.0,333222,41665,0.0058676497974766,0.0052070419042896,159.03714285714284,0.1143787914173987,-2957.78,-7.742879581151832
Google Display,2024-05-30,850.6099999999999,168227,1368,4,109.8,94173,0,0.0081318694383184,0.0029239766081871,212.6525,0.1290838339544562,-740.81,-6.746903460837887
Google Display,2024-05-31,870.89,161812,958,8,360.37,62300,0,0.0059204508936296,0.0083507306889352,108.86125,0.4137950831907589,-510.52,-1.4166551044759552
Google Display,2024-06-01,533.85,111876,494,0,0.0,81798,0,0.0044156029890235,0.0,,0.0,-533.85,
Google Display,2024-06-02,776.28,148748,1095,7,515.0,70223,3279,0.0073614435152069,0.0063926940639269,110.89714285714284,0.6634204153140619,-261.28,-0.5073398058252426
Google Display,2024-06-03,288.5,79678,437,2,21.61,42387,9548,0.0054845754160495,0.0045766590389016,144.25,0.0749046793760831,-266.89,-12.350300786672836
Google Display,2024-06-04,1015.0,125734,593,5,220.41000000000005,53962,0,0.0047163058520368,0.0084317032040472,203.0,0.2171527093596059,-794.5899999999999,-3.6050542171407822
Google Display,2024-06-07,1952.8,413272,2695,2,0.0,179016,3243,0.0065211289417139,0.0007421150278293,976.4,0.0,-1952.8,
Google Display,2024-06-08,764.44,181368,1054,4,157.29,89883,0,0.0058113889991619,0.0037950664136622,191.11,0.2057584637119983,-607.1500000000001,-3.860067391442559
Google Display,2024-06-10,752.86,159909,927,4,314.89,110562,991,0.0057970470705213,0.0043149946062567,188.215,0.4182583747310257,-437.97,-1.3908666518466768
Google Display,2024-06-11,231.31,40061,251,4,178.36,17564,3005,0.0062654451960759,0.0159362549800796,57.8275,0.7710864208205438,-52.95000000000002,-0.2968714958510878
Google Display,2024-06-12,608.77,94256,556,1,125.67,52733,655,0.0058988287217789,0.0017985611510791,608.77,0.2064326428700494,-483.1,-3.844195114187953
Google Display,2024-06-13,410.83,82485,513,2,140.6,41874,1500,0.0062193126022913,0.0038986354775828,205.415,0.3422340140690796,-270.23,-1.921977240398293
Google Display,2024-06-16,259.37,74481,478,3,95.8,37187,0,0.0064177441226621,0.006276150627615,86.45666666666666,0.3693565177160041,-163.57,-1.70741127348643
Google Display,2024-06-17,47.55,10623,62,0,0.0,4385,0,0.0058363927327496,0.0,,0.0,-47.55,
Google Display,2024-06-18,1286.86,246207,1603,7,112.15,113207,11886,0.0065107815781029,0.0043668122270742,183.83714285714288,0.0871501173398815,-1174.71,-10.474453856442263
Google Display,2024-06-19,735.75,171139,727,0,0.0,95460,0,0.0042480089284149,0.0,,0.0,-735.75,
Google Display,2024-06-20,759.3199999999999,127206,539,3,38.37,61425,5000,0.0042372215147084,0.0055658627087198,253.10666666666663,0.0505320549965758,-720.9499999999999,-18.789418816783947
Google Display,2024-06-21,1196.19,211955,1052,3,332.03,113816,10648,0.0049633176853577,0.0028517110266159,398.73,0.2775729608172614,-864.1600000000001,-2.6026563864711023
Google Display,2024-06-22,184.9,58782,347,1,0.0,26666,0,0.0059031676363512,0.0028818443804034,184.9,0.0,-184.9,
Google Display,2024-06-23,520.77,124861,888,3,279.85,46792,11971,0.0071119084421877,0.0033783783783783,173.59,0.5373773450851624,-240.92,-0.8608897623726994
Google Display,2024-06-24,82.82,12006,65,0,0.0,6384,0,0.0054139596868232,0.0,,0.0,-82.82,
Google Display,2024-06-25,791.01,134530,654,0,0.0,100464,5742,0.0048613692113283,0.0,,0.0,-791.01,
Google Display,2024-06-27,298.36,60805,526,2,136.08,25831,7107,0.0086506043910862,0.0038022813688212,149.18,0.456093310095187,-162.28,-1.192533803644915
Google Display,2024-06-28,3844.37,580659,2540,2,119.56,337202,81888,0.0043743401893365,0.0007874015748031,1922.185,0.0311000241912198,-3724.81,-31.15431582469053
Google Display,2024-06-29,389.3,118078,417,1,0.0,70074,0,0.003531563881502,0.0023980815347721,389.3,0.0,-389.3,
Google Display,2024-06-30,881.49,226448,1280,12,1276.64,90191,0,0.0056525118349466,0.009375,73.4575,1.448275079694608,395.1500000000001,0.3095234365208673
Google Display,2024-07-01,1157.79,209734,1490,11,1153.34,96506,18428,0.0071042367951786,0.0073825503355704,105.25363636363636,0.996156470517106,-4.4500000000000455,-0.0038583592002358
Google Display,2024-07-02,1011.83,356387,1342,1,0.0,222704,50559,0.0037655694511864,0.0007451564828614,1011.83,0.0,-1011.83,
Google Display,2024-07-03,1822.74,545162,2997,0,0.0,306961,0,0.0054974484648599,0.0,,0.0,-1822.74,
Google Display,2024-07-04,236.25,59154,288,1,12.6,25200,3263,0.0048686479358961,0.0034722222222222,236.25,0.0533333333333333,-223.65,-17.75
Google Display,2024-07-05,353.39,51983,350,2,28.96,25528,11095,0.0067329703941673,0.0057142857142857,176.695,0.0819491213673278,-324.43,-11.202693370165743
Google Display,2024-07-06,81.67,12523,94,1,10.35,5193,0,0.0075061886129521,0.0106382978723404,81.67,0.1267295212440308,-71.32000000000001,-6.890821256038648
Google Display,2024-07-07,943.18,120673,393,1,36.37,55166,15025,0.0032567351437355,0.0025445292620865,943.18,0.0385610381899531,-906.81,-24.932911740445427
Google Display,2024-07-08,1072.11,227844,1001,1,101.96,141543,0,0.0043933568582012,0.0009990009990009,1072.11,0.0951021816791187,-970.15,-9.515005884660653
Google Display,2024-07-09,1710.01,275154,2115,6,318.78,143661,23308,0.0076866045923373,0.0028368794326241,285.00166666666667,0.1864199624563599,-1391.23,-4.364232385971516
Google Display,2024-07-10,811.8299999999999,224457,867,0,0.0,113202,0,0.0038626552079017,0.0,,0.0,-811.8299999999999,
Google Display,2024-07-11,921.66,246008,1910,8,557.72,131172,32598,0.0077639751552795,0.0041884816753926,115.2075,0.6051255343619123,-363.94,-0.6525496664993186
Google Display,2024-07-12,1390.96,316060,2475,8,623.62,156352,3680,0.0078307916218439,0.0032323232323232,173.87,0.4483378386150572,-767.34,-1.2304608575735223
Google Display,2024-07-13,961.22,239471,819,2,105.01,118279,23589,0.0034200383344956,0.0024420024420024,480.61,0.1092465824681134,-856.21,-8.153604418626797
Google Display,2024-07-14,911.4,211436,851,0,0.0,102016,0,0.0040248585860496,0.0,,0.0,-911.4,
Google Display,2024-07-15,1702.3000000000002,376469,1971,7,377.57,202796,72670,0.0052354908372269,0.0035514967021816,243.1857142857143,0.2217999177583269,-1324.7300000000002,-3.5085679476653344
Google Display,2024-07-16,49.72,6304,54,0,0.0,2428,0,0.0085659898477157,0.0,,0.0,-49.72,
Google Display,2024-07-17,279.01,65169,263,0,0.0,33248,0,0.004035661127223,0.0,,0.0,-279.01,
Google Display,2024-07-18,991.17,229456,1700,7,70.46,104805,0,0.0074088278362736,0.0041176470588235,141.59571428571428,0.0710877044301179,-920.71,-13.06713028668748
Google Display,2024-07-20,782.47,266037,1802,1,0.0,150095,1441,0.0067734939125008,0.0005549389567147,782.47,0.0,-782.47,
Google Display,2024-07-22,1673.87,280816,956,2,18.07,160941,0,0.0034043644236795,0.002092050209205,836.935,0.0107953425295871,-1655.8,-91.63254012174876
Google Display,2024-07-23,3134.48,752337,4051,1,0.0,435545,34827,0.005384555059767,0.0002468526289804,3134.48,0.0,-3134.48,
Google Display,2024-07-24,341.93,64198,288,2,39.98,29987,10447,0.0044861210629614,0.0069444444444444,170.965,0.1169245167139472,-301.95,-7.552526263131566
Google Display,2024-07-25,303.49,38947,304,2,95.45,17073,0,0.0078054792410198,0.006578947368421,151.745,0.3145078915285512,-208.04,-2.179570455735988
Google Display,2024-07-26,1062.48,259146,1379,4,60.57,120331,23191,0.0053213246586866,0.0029006526468455,265.62,0.0570081319177772,-1001.91,-16.541357107478948
Google Display,2024-07-27,330.45,46894,220,2,134.82,22294,0,0.0046914317396681,0.009090909090909,165.225,0.4079891057648661,-195.63,-1.451045838896306
Google Display,2024-07-28,493.21,89979,693,4,339.16,53338,0,0.0077017970859867,0.0057720057720057,123.3025,0.6876584010867582,-154.04999999999995,-0.4542104021700671
Google Display,2024-07-29,955.56,194971,1138,2,34.67,85762,2328,0.0058367654676849,0.0017574692442882,477.78,0.0362823893842354,-920.89,-26.56158061724834
Google Display,2024-07-30,212.89,35473,282,0,0.0,21041,0,0.0079497082287937,0.0,,0.0,-212.89,
Google Display,2024-07-31,280.39,71336,385,0,0.0,37180,10113,0.0053969945048783,0.0,,0.0,-280.39,
Google Display,2024-08-01,1958.83,399032,2231,1,0.0,183300,49385,0.0055910302933098,0.0004482294935006,1958.83,0.0,-1958.83,
Google Display,2024-08-02,184.8,38295,187,1,44.2,14692,5157,0.0048831440135787,0.0053475935828877,184.8,0.2391774891774892,-140.59999999999997,-3.180995475113121
Google Display,2024-08-03,111.98,28860,244,2,152.0,12569,0,0.0084546084546084,0.0081967213114754,55.99,1.357385247365601,40.02,0.2632894736842105
Google Display,2024-08-04,104.03,14328,73,0,0.0,8229,3277,0.0050949190396426,0.0,,0.0,-104.03,
Google Display,2024-08-05,206.85,64823,425,0,0.0,35156,0,0.0065563148882341,0.0,,0.0,-206.85,
Google Display,2024-08-06,1799.55,391053,1846,4,73.33,170539,75722,0.004720587746418,0.0021668472372697,449.8875,0.0407490761579283,-1726.22,-23.54043365607528
Google Display,2024-08-07,750.8299999999999,171142,1311,9,453.63,82021,0,0.0076603054773229,0.0068649885583524,83.42555555555555,0.60417138366874,-297.19999999999993,-0.6551594912153075
Google Display,2024-08-08,575.6800000000001,197677,1224,1,0.0,139150,0,0.0061919191408206,0.0008169934640522,575.6800000000001,0.0,-575.6800000000001,
Google Display,2024-08-09,285.12,71086,531,0,0.0,33418,0,0.0074698252820527,0.0,,0.0,-285.12,
Google Display,2024-08-10,580.49,125924,680,3,36.5,57499,8011,0.0054000825894984,0.0044117647058823,193.49666666666667,0.0628779134868817,-543.99,-14.903835616438355
Google Display,2024-08-11,91.28,19727,107,0,0.0,8516,0,0.0054240381203426,0.0,,0.0,-91.28,
Google Display,2024-08-12,544.55,195455,977,0,0.0,72539,0,0.0049985930265278,0.0,,0.0,-544.55,
Google Display,2024-08-13,1678.4,255892,1590,6,119.13,150686,5142,0.0062135588451377,0.0037735849056603,279.7333333333333,0.0709783126787416,-1559.27,-13.088810543104172
Google Display,2024-08-14,811.4,154990,974,8,297.53,70159,10532,0.0062842764049293,0.0082135523613963,101.425,0.3666872072960315,-513.87,-1.727119954290324
Google Display,2024-08-15,1531.33,510124,2703,13,151.75,296585,22166,0.0052987116857862,0.0048094709581945,117.79461538461538,0.0990968635108043,-1379.58,-9.091136738056012
Google Display,2024-08-16,954.02,178922,1077,6,318.0,105930,1140,0.0060193827477895,0.0055710306406685,159.00333333333333,0.333326345359636,-636.02,-2.0000628930817608
Google Display,2024-08-17,1858.55,250977,1034,5,162.34,131855,6182,0.0041198994330157,0.0048355899419729,371.71,0.0873476635011164,-1696.2100000000005,-10.448503141554763
Google Display,2024-08-18,375.46,68017,367,3,237.44,37014,0,0.0053957098960553,0.0081743869209809,125.15333333333336,0.6323975922867948,-138.02000000000004,-0.5812836927223721
Google Display,2024-08-19,1235.59,260489,1744,7,353.16,133768,31900,0.0066951003689215,0.0040137614678899,176.51285714285717,0.2858229671654836,-882.4300000000001,-2.498669158455092
Google Display,2024-08-20,737.15,115157,690,2,241.2,54145,0,0.005991819863317,0.0028985507246376,368.575,0.3272061317235298,-495.95,-2.0561774461028195
Google Display,2024-08-21,633.89,220602,1151,5,160.85,118633,0,0.0052175410921025,0.0043440486533449,126.778,0.2537506507438199,-473.04,-2.9408765930991607
Google Display,2024-08-22,3553.36,795500,3057,1,0.0,341466,46699,0.0038428661219358,0.0003271180896303,3553.36,0.0,-3553.36,
Google Display,2024-08-23,224.86,59447,436,1,80.01,30414,0,0.007334264134439,0.0022935779816513,224.86,0.3558213999822112,-144.84999999999997,-1.810398700162479
Google Display,2024-08-24,1244.84,178737,764,3,126.67000000000002,77658,16173,0.0042744367422525,0.0039267015706806,414.94666666666666,0.1017560489701488,-1118.1699999999998,-8.827425594063312
Google Display,2024-08-25,807.89,158533,716,0,0.0,78215,10747,0.0045164098326531,0.0,,0.0,-807.89,
Google Display,2024-08-26,573.59,141766,1025,1,0.0,79225,5455,0.0072302244543825,0.0009756097560975,573.59,0.0,-573.59,
Google Display,2024-08-27,1627.47,226143,804,0,0.0,105406,19475,0.0035552725487855,0.0,,0.0,-1627.47,
Google Display,2024-08-28,1477.96,253070,1439,12,277.12,130599,25969,0.005686173785909,0.0083391243919388,123.16333333333334,0.1875016915207448,-1200.84,-4.333285219399539
Google Display,2024-08-29,362.85,86509,430,0,0.0,48424,16610,0.0049705810956085,0.0,,0.0,-362.85,
Google Display,2024-08-30,104.07,28145,157,0,0.0,13511,0,0.005578255462782,0.0,,0.0,-104.07,
Google Display,2024-08-31,1809.14,325284,2258,3,229.37,216335,16102,0.0069416263941663,0.0013286093888396,603.0466666666666,0.1267839968161668,-1579.77,-6.887430788682042
Google Display,2024-09-01,366.9,86611,635,1,0.0,44243,8039,0.0073316322407084,0.0015748031496062,366.9,0.0,-366.9,
Google Display,2024-09-02,1588.69,464602,2214,1,0.0,200139,62505,0.0047653690685791,0.0004516711833785,1588.69,0.0,-1588.69,
Google Display,2024-09-03,136.1,38046,344,6,74.89,22247,0,0.0090416863796456,0.0174418604651162,22.683333333333334,0.5502571638501103,-61.21,-0.8173320870610228
Google Display,2024-09-04,414.09,103174,857,11,98.63,38342,24226,0.0083063562525442,0.0128354725787631,37.64454545454545,0.2381849356420101,-315.46,-3.198418331136571
Google Display,2024-09-05,565.35,138352,1020,1,38.81,65735,3767,0.0073724991326471,0.0009803921568627,565.35,0.0686477403378438,-526.54,-13.567121875805205
Google Display,2024-09-06,521.04,97098,837,13,503.65,42055,0,0.0086201569548291,0.015531660692951,40.08,0.9666244434208506,-17.389999999999986,-0.034527945994242
Google Display,2024-09-08,1051.36,237616,1682,4,90.64,121957,29681,0.0070786479024981,0.0023781212841854,262.84,0.0862121442702785,-960.72,-10.59929390997352
Google Display,2024-09-09,315.3,80070,408,7,163.22,41976,0,0.0050955414012738,0.017156862745098,45.04285714285714,0.5176657151918808,-152.08,-0.9317485602254626
Google Display,2024-09-10,834.46,125853,730,2,0.0,46835,0,0.0058004179479233,0.0027397260273972,417.23,0.0,-834.46,
Google Display,2024-09-11,1571.0300000000002,308345,1792,18,174.46,156426,16892,0.0058116719907895,0.0100446428571428,87.27944444444445,0.1110481658529754,-1396.5700000000002,-8.005101455921128
Google Display,2024-09-12,862.18,151972,821,1,0.0,87710,5719,0.0054023109520174,0.0012180267965895,862.18,0.0,-862.18,
Google Display,2024-09-13,448.36,63090,436,1,0.0,34058,1302,0.0069107624029164,0.0022935779816513,448.36,0.0,-448.36,
Google Display,2024-09-14,1435.85,234583,1760,4,0.0,129044,37049,0.007502674959396,0.0022727272727272,358.9625,0.0,-1435.85,
Google Display,2024-09-15,1387.16,469503,2640,18,812.51,246976,16322,0.0056229672653848,0.0068181818181818,77.06444444444445,0.5857363245768332,-574.6500000000001,-0.7072528338112762
Google Display,2024-09-16,78.17,10630,74,0,0.0,5856,0,0.0069614299153339,0.0,,0.0,-78.17,
Google Display,2024-09-17,542.05,109032,736,7,144.14,58819,0,0.0067503118350575,0.0095108695652173,77.43571428571428,0.2659164283737663,-397.91,-2.760579991674761
Google Display,2024-09-18,1458.9,184530,936,0,0.0,88860,0,0.0050723459600065,0.0,,0.0,-1458.9,
Google Display,2024-09-19,99.06,19018,103,0,0.0,14420,3954,0.0054159217583342,0.0,,0.0,-99.06,
Google Display,2024-09-20,2364.0,484856,1956,9,410.88,205994,65000,0.0040341874700942,0.004601226993865,262.6666666666667,0.1738071065989847,-1953.12,-4.753504672897196
Google Display,2024-09-21,402.0,114084,957,10,427.62,61169,0,0.0083885558009887,0.0104493207941483,40.2,1.0637313432835822,25.620000000000005,0.059913006875263
Google Display,2024-09-22,1962.39,283838,2184,18,1468.82,123333,0,0.0076945299783679,0.0082417582417582,109.02166666666666,0.7484852654161507,-493.57,-0.3360316444492858
Google Display,2024-09-24,1531.42,291739,2662,13,548.29,178750,22188,0.0091245942434847,0.0048835462058602,117.80153846153848,0.3580271904506927,-983.13,-1.7930839519232529
Google Display,2024-09-25,2580.59,744676,3709,24,516.41,283237,9097,0.0049806895884921,0.0064707468320301,107.52458333333334,0.2001131524186329,-2064.1800000000003,-3.9971727890629545
Google Display,2024-09-26,426.53,53141,510,5,256.49,22230,0,0.0095971095764099,0.0098039215686274,85.306,0.6013410545565377,-170.03999999999996,-0.6629498226051697
Google Display,2024-09-27,685.29,196662,1484,7,158.28,141798,0,0.0075459417681097,0.0047169811320754,97.89857142857144,0.2309679113951757,-527.01,-3.329605761940864
Google Display,2024-09-28,1134.45,234997,1121,0,0.0,126831,7692,0.004770273663068,0.0,,0.0,-1134.45,
Google Display,2024-09-29,474.69,148275,713,6,211.44,80121,23683,0.0048086326083291,0.0084151472650771,79.115,0.4454275421854263,-263.25,-1.2450340522133938
Google Display,2024-09-30,1634.55,382209,2928,21,851.7099999999999,163186,0,0.0076607301240944,0.0071721311475409,77.83571428571429,0.5210669603254718,-782.84,-0.919139143605218
Google Display,2024-10-01,1341.97,264791,2204,5,0.0,120129,0,0.0083235457398476,0.0022686025408348,268.394,0.0,-1341.97,
Google Display,2024-10-02,1585.79,395419,2841,2,0.0,242022,9565,0.0071847837357334,0.0007039774727208,792.895,0.0,-1585.79,
Google Display,2024-10-03,450.85,96684,695,0,0.0,50655,0,0.0071883662239874,0.0,,0.0,-450.85,
Google Display,2024-10-04,631.6899999999999,109295,859,1,0.0,62445,0,0.0078594629214511,0.0011641443538998,631.6899999999999,0.0,-631.6899999999999,
Google Display,2024-10-05,897.04,100543,925,11,535.55,41342,0,0.0092000437623703,0.0118918918918918,81.5490909090909,0.5970190849906358,-361.49,-0.6749883297544581
Google Display,2024-10-06,87.1,13820,81,0,0.0,7444,740,0.0058610709117221,0.0,,0.0,-87.1,
Google Display,2024-10-07,234.41000000000005,48647,347,0,0.0,21642,5442,0.0071330195078833,0.0,,0.0,-234.41000000000005,
Google Display,2024-10-08,4416.17,1232361,13229,147,6324.33,562316,36104,0.0107346792052004,0.0111119510167057,30.041972789115647,1.4320848155754873,1908.16,0.3017173360656385
Google Display,2024-10-10,380.93,44915,528,5,250.81,16477,0,0.0117555382388956,0.0094696969696969,76.186,0.6584149318772478,-130.12,-0.5187990909453372
Google Display,2024-10-11,2179.85,488505,3581,19,426.1,262044,3412,0.0073305288584559,0.0053057805082379,114.72894736842105,0.1954721655159758,-1753.75,-4.115817883126026
Google Display,2024-10-12,1843.46,472183,3998,22,520.86,297188,5021,0.0084670562049036,0.0055027513756878,83.79363636363637,0.2825447799247068,-1322.6,-2.5392619897861226
Google Display,2024-10-13,209.39,48410,428,3,213.01,27480,2900,0.0088411485230324,0.0070093457943925,69.79666666666667,1.0172883136730502,3.619999999999976,0.0169945073001266
Google Display,2024-10-14,690.72,135588,1343,14,345.01,58991,0,0.0099050063427441,0.0104244229337304,49.33714285714286,0.4994932823720175,-345.71000000000004,-1.002028926697777
Google Display,2024-10-15,125.03,26971,192,0,0.0,14786,0,0.0071187571836416,0.0,,0.0,-125.03,
Google Display,2024-10-16,1476.24,272011,1369,25,593.98,121366,0,0.0050328846995158,0.0182615047479912,59.0496,0.4023600498563919,-882.26,-1.485336206606283
Google Display,2024-10-17,2253.6,338621,2238,22,468.5,184367,5265,0.0066091589121761,0.0098302055406613,102.43636363636364,0.2078895988640397,-1785.1,-3.810245464247599
Google Display,2024-10-18,1561.13,389919,2203,8,399.81,176206,38499,0.0056498913876984,0.0036314117113027,195.14125,0.256102951067496,-1161.32,-2.9046797228683623
Google Display,2024-10-19,1398.84,468060,3006,8,249.46,219626,83066,0.0064222535572362,0.0026613439787092,174.855,0.1783334763089417,-1149.38,-4.607472139822016
Google Display,2024-10-20,619.62,124632,693,1,80.59,67762,0,0.0055603697284806,0.0014430014430014,619.62,0.1300635873599948,-539.03,-6.688546966124829
Google Display,2024-10-21,2291.25,605041,5169,16,802.74,287243,12818,0.0085432226906936,0.0030953762816792,143.203125,0.3503502454991817,-1488.51,-1.854286568502877
Google Display,2024-10-22,2081.12,627619,6854,10,0.0,275534,0,0.0109206381578632,0.0014590020426028,208.112,0.0,-2081.12,
Google Display,2024-10-23,2398.21,558305,4790,4,0.0,339403,45740,0.0085795398572464,0.0008350730688935,599.5525,0.0,-2398.21,
Google Display,2024-10-24,567.25,120513,863,0,0.0,69716,17744,0.0071610531643889,0.0,,0.0,-567.25,
Google Display,2024-10-26,786.97,166523,1397,15,358.49,86170,6867,0.0083892315175681,0.0107372942018611,52.464666666666666,0.4555319770766357,-428.48,-1.1952355714245866
Google Display,2024-10-27,1428.1999999999998,248160,2012,3,127.1,146529,0,0.0081076724693745,0.0014910536779324,476.0666666666666,0.0889931382159361,-1301.1,-10.236821400472069
Google Display,2024-10-28,227.16,57294,432,2,178.41,30815,8464,0.0075400565504241,0.0046296296296296,113.57999999999998,0.7853935552033809,-48.74999999999997,-0.2732470153018327
Google Display,2024-10-29,1579.66,331279,3346,7,0.0,152880,4381,0.01010024782736,0.002092050209205,225.6657142857143,0.0,-1579.66,
Google Display,2024-10-30,943.19,113845,905,7,294.6,47611,2364,0.0079494048926171,0.0077348066298342,134.74142857142857,0.3123442784592712,-648.5899999999999,-2.201595383570943
Google Display,2024-10-31,840.22,236399,2863,51,1538.95,99827,34579,0.0121108803336731,0.0178134823611596,16.474901960784315,1.8316036276213368,698.73,0.4540303453653465
Google Display,2024-11-01,2087.98,558713,4270,3,37.11,247366,14598,0.0076425642503396,0.0007025761124121,695.9933333333333,0.0177731587467312,-2050.87,-55.26461870115872
Google Display,2024-11-02,703.05,149096,690,1,0.0,82622,28678,0.0046278907549498,0.0014492753623188,703.05,0.0,-703.05,
Google Display,2024-11-03,2276.64,832941,8438,4,0.0,339943,98984,0.0101303693779031,0.0004740459824602,569.16,0.0,-2276.64,
Google Display,2024-11-04,1122.74,191199,1078,0,0.0,87269,19096,0.0056381048018033,0.0,,0.0,-1122.74,
Google Display,2024-11-05,1116.77,126122,778,1,0.0,63469,0,0.006168630373765,0.0012853470437017,1116.77,0.0,-1116.77,
Google Display,2024-11-06,290.21000000000004,58222,644,1,0.0,33523,4919,0.0110611109202706,0.0015527950310559,290.21000000000004,0.0,-290.21000000000004,
Google Display,2024-11-07,157.77,52358,441,1,0.0,30579,0,0.0084227816188548,0.0022675736961451,157.77,0.0,-157.77,
Google Display,2024-11-08,152.26999999999998,31563,269,0,0.0,16259,1332,0.0085226372651522,0.0,,0.0,-152.26999999999998,
Google Display,2024-11-09,1699.17,524874,3289,20,535.64,186443,0,0.0062662658085559,0.006080875646093,84.9585,0.315236262410471,-1163.5300000000002,-2.1722238817115977
Google Display,2024-11-10,1458.19,320895,3461,38,543.07,150880,3474,0.0107854594181897,0.0109794856977752,38.37342105263158,0.3724274614419246,-915.12,-1.6850866370817756
Google Display,2024-11-11,2031.55,729505,8481,158,11474.0,293672,165619,0.0116256913934791,0.0186298785520575,12.857911392405065,5.647904309517363,9442.45,0.8229431758758934
Google Display,2024-11-12,1631.87,486532,3994,10,0.0,234059,0,0.0082091208800243,0.0025037556334501,163.18699999999998,0.0,-1631.87,
Google Display,2024-11-13,1064.44,272350,2592,4,0.0,136451,21298,0.0095171654121534,0.0015432098765432,266.11,0.0,-1064.44,
Google Display,2024-11-14,4187.34,1239431,6660,43,395.5,810635,16818,0.0053734334545448,0.0064564564564564,97.38,0.0944513700822001,-3791.84,-9.587458912768648
Google Display,2024-11-15,59.72,9357,52,0,0.0,4376,0,0.0055573367532328,0.0,,0.0,-59.72,
Google Display,2024-11-16,538.66,151489,1253,2,0.0,80121,0,0.0082712276138861,0.0015961691939345,269.33,0.0,-538.66,
Google Display,2024-11-17,1948.13,387584,2845,2,0.0,181823,46301,0.0073403442866578,0.0007029876977152,974.065,0.0,-1948.13,
Google Display,2024-11-18,4709.37,909905,9064,123,1357.0500000000002,617547,2165,0.0099614794951121,0.0135701676963812,38.28756097560976,0.2881595627440613,-3352.32,-2.470299546811097
Google Display,2024-11-19,64.79,13096,144,4,41.75,5324,0,0.0109957238851557,0.0277777777777777,16.1975,0.6443895662910942,-23.040000000000006,-0.5518562874251498
Google Display,2024-11-20,2562.62,310257,1838,7,337.58000000000004,133547,70664,0.0059241209706791,0.0038084874863982,366.0885714285714,0.1317323676549781,-2225.04,-6.591148764737246
Google Display,2024-11-21,1580.63,353970,1550,1,0.0,141169,71441,0.0043789021668502,0.0006451612903225,1580.63,0.0,-1580.63,
Google Display,2024-11-22,1085.87,156900,1956,39,462.66,67169,0,0.0124665391969407,0.0199386503067484,27.84282051282051,0.4260731026734324,-623.2099999999999,-1.3470150866727186
Google Display,2024-11-23,1722.57,543612,7575,84,6625.01,213840,80968,0.013934570980773,0.011089108910891,20.506785714285712,3.846003355451448,4902.4400000000005,0.7399898264304507
Google Display,2024-11-24,1755.3200000000002,480815,3334,2,0.0,192970,0,0.0069340598774996,0.0005998800239952,877.6600000000001,0.0,-1755.3200000000002,
Google Display,2024-11-25,1590.22,436655,5027,97,982.27,174386,0,0.0115125213269056,0.0192958026656057,16.394020618556702,0.6176944070631736,-607.95,-0.6189235139014732
Google Display,2024-11-26,2343.59,534339,7531,95,4237.55,196930,5895,0.0140940489090259,0.0126145266232904,24.66936842105263,1.808144769349588,1893.96,0.4469469386791896
Google Display,2024-11-27,235.18,58262,658,14,341.5,25342,0,0.0112938107171054,0.0212765957446808,16.798571428571428,1.4520792584403437,106.32,0.3113323572474377
Google Display,2024-11-28,88.92,31277,162,2,68.18,13507,0,0.0051795248904946,0.0123456790123456,44.46,0.7667566351776879,-20.739999999999995,-0.3041947785274272
Google Display,2024-11-29,2672.3,515290,3838,10,763.6500000000001,259159,37423,0.0074482330338256,0.0026055237102657,267.23,0.2857650712869064,-1908.65,-2.4993779872978457
Google Display,2024-12-01,5072.64,1141247,9700,33,1702.16,563430,26742,0.0084994746974143,0.0034020618556701,153.71636363636364,0.3355570275044158,-3370.4800000000005,-1.980119377731824
Google Display,2024-12-02,1005.14,125063,761,2,117.41,59604,0,0.0060849331936703,0.0026281208935611,502.57,0.1168095986628728,-887.73,-7.560940294693808
Google Display,2024-12-03,826.28,201653,2006,3,0.0,97978,0,0.0099477815851983,0.0014955134596211,275.4266666666667,0.0,-826.28,
Google Display,2024-12-04,1216.19,381018,1667,1,50.69,152160,52057,0.0043751213853413,0.0005998800239952,1216.19,0.0416793428658351,-1165.5,-22.99270072992701
Google Display,2024-12-05,1108.29,218917,1718,13,229.52,118601,13875,0.0078477231096717,0.0075669383003492,85.25307692307692,0.2070938111866028,-878.77,-3.8287295224817006
Google Display,2024-12-06,2480.89,901538,6057,11,0.0,407377,85709,0.0067185187978765,0.0018160805679379,225.5354545454545,0.0,-2480.89,
Google Display,2024-12-07,1481.81,564917,3421,2,0.0,261711,0,0.0060557568633976,0.0005846243788365,740.905,0.0,-1481.81,
Google Display,2024-12-08,382.85,64460,494,3,58.71,39068,0,0.0076636673906298,0.0060728744939271,127.61666666666666,0.1533498759305211,-324.14,-5.5210355987055015
Google Display,2024-12-09,688.86,211543,1427,1,0.0,118119,0,0.0067456734564603,0.0007007708479327,688.86,0.0,-688.86,
Google Display,2024-12-10,1620.9600000000005,276921,2210,5,322.72,145592,9683,0.0079806154101711,0.002262443438914,324.19200000000006,0.1990918961603,-1298.2400000000002,-4.022806147744175
Google Display,2024-12-11,1892.55,454459,4011,8,126.81,240469,39684,0.0088258786821253,0.0019945150835203,236.56875,0.0670048347467702,-1765.74,-13.924296191152116
Google Display,2024-12-12,2202.33,379287,2754,14,552.93,182420,55893,0.0072609923356192,0.0050835148874364,157.30928571428572,0.2510659165520154,-1649.4,-2.983017741847974
Google Display,2024-12-14,1430.26,274472,1479,1,0.0,162974,17816,0.0053885277915415,0.0006761325219743,1430.26,0.0,-1430.26,
Google Display,2024-12-15,1340.96,210338,1094,5,109.9,97135,21116,0.0052011524308493,0.0045703839122486,268.192,0.0819562104760768,-1231.06,-11.201637852593263
Google Display,2024-12-16,1582.02,222145,2242,20,401.38,123881,0,0.0100925071462333,0.0089206066012488,79.101,0.2537136066547831,-1180.64,-2.941451990632318
Google Display,2024-12-17,1691.55,353442,3400,20,220.8,210696,5805,0.0096196830031518,0.0058823529411764,84.5775,0.1305311696373149,-1470.75,-6.661005434782608
Google Display,2024-12-18,362.09,111125,1238,7,671.74,56453,0,0.0111406074240719,0.005654281098546,51.72714285714285,1.855174127979232,309.65000000000003,0.4609670408193647
Google Display,2024-12-19,3922.17,855108,7962,97,5906.030000000001,382110,6232,0.0093111045622307,0.0121828686259733,40.43474226804124,1.5058067345372588,1983.8600000000008,0.3359041521969919
Google Display,2024-12-20,1020.59,182224,1464,17,274.01,92195,0,0.0080340679603125,0.0116120218579234,60.03470588235295,0.2684819565153489,-746.58,-2.7246450859457685
Google Display,2024-12-21,169.69,45746,290,0,0.0,30309,0,0.0063393520744983,0.0,,0.0,-169.69,
Google Display,2024-12-22,1932.65,486322,3201,26,2436.24,212829,0,0.0065820588005477,0.0081224617307091,74.3326923076923,1.260569684112488,503.5899999999999,0.2067078777131973
Google Display,2024-12-23,2336.44,619512,4295,3,104.98,383295,62957,0.006932876199331,0.0006984866123399,778.8133333333334,0.0449316053483076,-2231.46,-21.256048771194514
Google Display,2024-12-24,2303.29,410978,3004,14,725.91,163758,10331,0.0073093936901731,0.0046604527296937,164.5207142857143,0.3151622244702143,-1577.38,-2.172969100852723
Google Display,2024-12-25,91.78,24100,115,0,0.0,19702,0,0.0047717842323651,0.0,,0.0,-91.78,
Google Display,2024-12-26,624.5699999999999,121599,885,3,137.98,63038,0,0.007278020378457,0.0033898305084745,208.19,0.2209199929551531,-486.5899999999999,-3.5265255834178864
Google Display,2024-12-28,662.39,81369,915,6,754.01,35099,0,0.0112450687608302,0.0065573770491803,110.39833333333333,1.138317305514878,91.62,0.1215103247967533
Google Display,2024-12-29,1936.71,713109,6089,3,0.0,415208,0,0.0085386665993557,0.0004926917392018,645.57,0.0,-1936.71,
Google Display,2024-12-30,3258.75,775455,5479,11,376.84,372582,31542,0.0070655292699125,0.0020076656324146,296.25,0.1156394322976601,-2881.91,-7.647569260163465
Google Display,2024-12-31,407.1,162176,1303,1,0.0,82716,0,0.0080344810576164,0.0007674597083653,407.1,0.0,-407.1,
Google Display,2025-01-01,427.29,95891,681,0,0.0,67100,0,0.0071018135174312,0.0,,0.0,-427.29,
Google Display,2025-01-02,1179.0,361964,2344,4,79.8,180564,12770,0.0064757821219789,0.0017064846416382,294.75,0.0676844783715012,-1099.2,-13.774436090225564
Google Display,2025-01-04,917.83,265500,1578,1,0.0,154702,63846,0.0059435028248587,0.0006337135614702,917.83,0.0,-917.83,
Google Display,2025-01-05,1732.2,447065,2861,6,241.37,210277,0,0.0063995168487803,0.0020971688220901,288.7,0.13934303198245,-1490.83,-6.176533952023863
Google Display,2025-01-06,483.81,63809,278,4,96.56,45275,0,0.004356752182294,0.014388489208633,120.9525,0.1995824807259048,-387.25,-4.010459817729909
Google Display,2025-01-07,158.07999999999998,47078,231,0,0.0,30701,0,0.0049067504991715,0.0,,0.0,-158.07999999999998,
Google Display,2025-01-08,430.68000000000006,60589,507,1,0.0,34222,2419,0.0083678555513377,0.0019723865877712,430.68000000000006,0.0,-430.68000000000006,
Google Display,2025-01-09,825.42,210245,1513,4,96.07,89565,0,0.0071963661442602,0.0026437541308658,206.355,0.1163892321484819,-729.3499999999999,-7.591860102008951
Google Display,2025-01-10,607.76,110139,937,10,433.35,56651,11885,0.008507431518354,0.0106723585912486,60.776,0.7130281690140845,-174.40999999999997,-0.402469135802469
Google Display,2025-01-11,1008.26,281278,1260,1,0.0,150185,56550,0.0044795540355093,0.0007936507936507,1008.26,0.0,-1008.26,
Google Display,2025-01-12,1119.69,317172,1432,0,0.0,148483,3851,0.0045149004325728,0.0,,0.0,-1119.69,
Google Display,2025-01-13,1504.82,290864,2432,16,989.97,183230,0,0.0083612960008801,0.006578947368421,94.05125,0.6578660570699485,-514.85,-0.520066264634282
Google Display,2025-01-14,1715.0,493236,2439,5,167.98,252211,0,0.0049448945332457,0.002050020500205,343.0,0.0979475218658892,-1547.02,-9.209548755804263
Google Display,2025-01-15,1973.52,564266,3299,2,0.0,229378,0,0.0058465333725583,0.0006062443164595,986.76,0.0,-1973.52,
Google Display,2025-01-16,2939.65,538680,2935,6,202.59,330230,53670,0.0054485037499071,0.0020442930153321,489.94166666666666,0.0689163675947816,-2737.06,-13.510341082975469
Google Display,2025-01-17,1566.53,344639,1756,5,223.26,191850,24693,0.0050951865575283,0.0028473804100227,313.306,0.1425188154711368,-1343.27,-6.016617396757145
Google Display,2025-01-18,760.76,103502,506,0,0.0,51560,0,0.0048887944194315,0.0,,0.0,-760.76,
Google Display,2025-01-19,458.07,95029,298,0,0.0,39859,0,0.0031358848351555,0.0,,0.0,-458.07,
Google Display,2025-01-20,518.63,124333,349,0,0.0,82295,0,0.0028069780347936,0.0,,0.0,-518.63,
Google Display,2025-01-21,537.36,142420,1085,3,24.21,56373,0,0.0076183120348265,0.0027649769585253,179.12,0.0450535953550692,-513.15,-21.195786864931843
Google Display,2025-01-24,228.6,50272,337,2,150.87,25789,5282,0.0067035327816677,0.0059347181008902,114.3,0.65997375328084,-77.72999999999999,-0.5152117717240007
Google Display,2025-01-25,1055.89,192318,1331,5,276.29999999999995,84341,0,0.0069208290435632,0.0037565740045078,211.17800000000005,0.2616749850836734,-779.5900000000001,-2.8215345638798417
Google Display,2025-01-26,2456.55,594697,3292,15,573.25,239425,5007,0.0055355920746195,0.0045565006075334,163.77,0.2333557224562903,-1883.3,-3.285303096380288
Google Display,2025-01-27,1777.44,421647,2331,9,541.76,270396,26725,0.0055283210837501,0.0038610038610038,197.4933333333333,0.3047979116032046,-1235.68,-2.280862374483166
Google Display,2025-01-28,832.3,129280,707,0,0.0,79846,21615,0.00546875,0.0,,0.0,-832.3,
Google Display,2025-01-29,582.57,87096,680,5,190.09,43441,3194,0.0078074768072012,0.0073529411764705,116.514,0.326295552465798,-392.48,-2.0647061918038823
Google Display,2025-01-30,36.64,6771,30,0,0.0,3250,0,0.004430660168365,0.0,,0.0,-36.64,
Google Display,2025-01-31,361.65,85292,800,7,761.75,41117,0,0.0093795432162453,0.00875,51.66428571428572,2.1063182635144475,400.1,0.5252379389563505
Google Display,2025-02-01,693.4200000000001,91147,890,1,0.0,36739,0,0.0097644464436569,0.0011235955056179,693.4200000000001,0.0,-693.4200000000001,
Google Display,2025-02-02,1581.9,297174,1795,2,202.05,175106,19352,0.0060402323218047,0.0011142061281337,790.95,0.1277261520955812,-1379.85,-6.829250185597624
Google Display,2025-02-03,1950.25,454741,2679,18,508.59,270949,4427,0.0058912655775485,0.0067189249720044,108.34722222222224,0.260781951031919,-1441.66,-2.8346212076525297
Google Display,2025-02-04,949.09,166222,622,1,81.11,65934,22490,0.0037419836122775,0.0016077170418006,949.09,0.0854608098283619,-867.9799999999999,-10.70126988040932
Google Display,2025-02-05,181.74,29348,220,0,0.0,13255,0,0.0074962518740629,0.0,,0.0,-181.74,
Google Display,2025-02-06,1926.44,461335,4099,15,121.59,227339,0,0.0088850835076462,0.0036594291290558,128.42933333333335,0.0631164220012042,-1804.85,-14.843737149436633
Google Display,2025-02-07,50.59,9679,70,0,0.0,3800,0,0.0072321520818266,0.0,,0.0,-50.59,
Google Display,2025-02-08,1026.59,291560,1710,10,867.18,159448,0,0.0058650020578954,0.0058479532163742,102.65900000000002,0.8447189238157393,-159.4100000000002,-0.1838257339883302
Google Display,2025-02-09,818.6400000000001,187837,717,1,0.0,90189,939,0.0038171393282473,0.00139470013947,818.6400000000001,0.0,-818.6400000000001,
Google Display,2025-02-10,4676.25,1134241,10096,69,2542.99,580131,41814,0.0089011065549561,0.0068343898573692,67.77173913043478,0.5438096765570702,-2133.26,-0.8388786428574239
Google Display,2025-02-11,3094.19,703690,3771,25,886.0899999999999,314863,30186,0.0053588938310903,0.0066295412357464,123.7676,0.2863722008021485,-2208.1000000000004,-2.491959056077825
Google Display,2025-02-12,796.3,144969,957,6,144.43,79758,4353,0.0066014113362167,0.006269592476489,132.71666666666667,0.1813763656913223,-651.8699999999999,-4.513397493595512
Google Display,2025-02-13,807.8499999999999,202248,1360,3,197.99,96705,13658,0.0067244175467742,0.0022058823529411,269.2833333333333,0.2450826267252584,-609.8599999999999,-3.080256578615081
Google Display,2025-02-14,3404.25,848152,6244,68,1055.37,487085,117917,0.0073618879634782,0.0108904548366431,50.0625,0.3100154218990967,-2348.88,-2.225645981977885
Google Display,2025-02-15,871.38,161942,531,0,0.0,80708,0,0.0032789517234565,0.0,,0.0,-871.38,
Google Display,2025-02-16,2268.75,630185,3732,7,325.04,411608,0,0.0059220705031062,0.0018756698821007,324.10714285714283,0.1432683195592286,-1943.71,-5.979910164902781
Google Display,2025-02-17,631.79,164293,634,0,0.0,72628,17321,0.0038589592983267,0.0,,0.0,-631.79,
Google Display,2025-02-18,217.15,57783,373,3,134.8,33200,0,0.0064551857812851,0.0080428954423592,72.38333333333334,0.620769053649551,-82.35,-0.6109050445103856
Google Display,2025-02-19,1523.55,293582,1600,1,0.0,137982,70725,0.005449925404146,0.000625,1523.55,0.0,-1523.55,
Google Display,2025-02-20,792.42,108213,603,0,0.0,70664,0,0.0055723434337833,0.0,,0.0,-792.42,
Google Display,2025-02-21,4970.22,1161264,7060,20,1291.1,658393,101868,0.0060795822483087,0.0028328611898017,248.511,0.2597671732840799,-3679.12,-2.8496011153280154
Google Display,2025-02-22,280.24,73939,495,1,0.0,44797,0,0.0066947077996727,0.002020202020202,280.24,0.0,-280.24,
Google Display,2025-02-23,1125.56,309323,2183,30,309.99,110088,0,0.0070573478208862,0.0137425561154374,37.51866666666667,0.2754095739009915,-815.5699999999999,-2.630955837285073
Google Display,2025-02-24,1404.12,167843,910,5,103.76,87240,0,0.0054217334056231,0.0054945054945054,280.824,0.0738968179357889,-1300.36,-12.532382420971471
Google Display,2025-02-26,950.25,222864,1321,3,169.02,122312,57807,0.005927381721588,0.0022710068130204,316.75,0.1778689818468824,-781.23,-4.622115725949592
Google Display,2025-02-27,1820.44,554233,2405,4,175.17,282760,89065,0.0043393302094967,0.0016632016632016,455.11,0.0962239898046626,-1645.2699999999998,-9.392418793172348
Google Display,2025-02-28,291.88,102787,948,1,0.0,50981,0,0.0092229562104157,0.0010548523206751,291.88,0.0,-291.88,
Google Display,2025-03-01,1741.64,256753,2059,16,398.71,116137,0,0.0080193804940935,0.0077707625060709,108.8525,0.2289279070301555,-1342.9299999999998,-3.3681874043791225
Google Display,2025-03-02,1478.38,395522,1995,22,607.23,161273,8218,0.0050439672129489,0.0110275689223057,67.1990909090909,0.4107401344715161,-871.1499999999999,-1.434629382606261
Google Display,2025-03-03,1518.1,299343,1664,15,649.78,149776,0,0.0055588405274217,0.009014423076923,101.20666666666668,0.4280218694420656,-868.3200000000002,-1.336329219120318
Google Display,2025-03-04,3487.32,888588,6509,40,1296.39,440556,1241,0.0073251045478894,0.0061453372253802,87.183,0.3717439179656585,-2190.9300000000003,-1.6900238354198969
Google Display,2025-03-05,759.91,209957,1547,2,0.0,81216,0,0.0073681753882937,0.0012928248222365,379.955,0.0,-759.91,
Google Display,2025-03-06,24.51,8439,76,0,0.0,3975,0,0.0090058063751629,0.0,,0.0,-24.51,
Google Display,2025-03-07,90.49,17445,136,0,0.0,13554,0,0.0077959300659214,0.0,,0.0,-90.49,
Google Display,2025-03-08,3078.94,755676,3645,2,0.0,407736,25979,0.0048234957839073,0.0005486968449931,1539.47,0.0,-3078.94,
Google Display,2025-03-09,399.42,118752,831,3,105.75,62283,4584,0.0069977768795472,0.003610108303249,133.14,0.2647589004055881,-293.67,-2.777021276595745
Google Display,2025-03-10,1118.11,152669,1171,3,48.32,68781,0,0.0076701884469014,0.0025619128949615,372.7033333333334,0.0432157837779824,-1069.7900000000002,-22.13969370860928
Google Display,2025-03-11,142.85,43873,271,0,0.0,29045,0,0.0061769197456294,0.0,,0.0,-142.85,
Google Display,2025-03-12,857.73,115897,859,5,426.93,52767,0,0.007411753539781,0.0058207217694994,171.546,0.4977440453289496,-430.8,-1.00906471786944
Google Display,2025-03-13,1005.01,215945,1142,3,54.99,96571,0,0.0052883836161985,0.0026269702276707,335.00333333333333,0.0547158734738957,-950.02,-17.276232042189488
Google Display,2025-03-15,1860.21,554819,3754,30,1593.13,256831,0,0.0067661705889668,0.0079914757591901,62.007,0.8564248122523801,-267.0799999999999,-0.1676448249672028
Google Display,2025-03-16,318.95,95270,637,3,158.41,51103,5175,0.0066862601028655,0.0047095761381475,106.31666666666666,0.4966609186392852,-160.54,-1.0134461208257055
Google Display,2025-03-17,1364.25,371528,2181,6,164.09,166815,9077,0.0058703516289485,0.0027510316368638,227.375,0.1202785413230712,-1200.16,-7.314034980803218
Google Display,2025-03-18,114.33,18920,74,0,0.0,11046,0,0.0039112050739957,0.0,,0.0,-114.33,
Google Display,2025-03-19,357.32,76807,364,0,0.0,40565,8236,0.0047391513794315,0.0,,0.0,-357.32,
Google Display,2025-03-20,423.39,73181,337,0,0.0,30510,0,0.0046050204287998,0.0,,0.0,-423.39,
Google Display,2025-03-21,1128.28,193225,1504,7,279.26,109475,24522,0.007783671885108,0.0046542553191489,161.18285714285713,0.2475094834615521,-849.02,-3.040249230108143
Google Display,2025-03-22,128.42000000000002,35487,141,0,0.0,17408,2420,0.0039732859920534,0.0,,0.0,-128.42000000000002,
Google Display,2025-03-23,264.43,58723,406,2,172.89,32796,0,0.0069138157110501,0.0049261083743842,132.215,0.6538214272208145,-91.54000000000002,-0.5294696049511252
Google Display,2025-03-24,507.17,69500,619,0,0.0,47275,0,0.0089064748201438,0.0,,0.0,-507.17,
Google Display,2025-03-25,1167.82,449471,4664,46,2389.36,206799,0,0.0103766427644942,0.0098627787307032,25.387391304347823,2.046000239762977,1221.5399999999995,0.5112415040010714
Google Display,2025-03-26,1277.17,261971,1444,9,587.99,109979,0,0.0055120604952456,0.0062326869806094,141.9077777777778,0.4603850701159594,-689.1800000000001,-1.1720947635163863
Google Display,2025-03-27,92.94,14536,127,1,87.03,10873,0,0.0087369290038525,0.0078740157480314,92.94,0.9364105874757908,-5.909999999999997,-0.0679076180627369
Google Display,2025-03-28,1245.86,439374,5199,41,2741.43,193341,0,0.0118327438583075,0.0078861319484516,30.38682926829268,2.200431830221694,1495.57,0.5455437490652688
Google Display,2025-03-29,696.73,169316,830,0,0.0,85003,16787,0.0049020765905171,0.0,,0.0,-696.73,
Google Display,2025-03-30,2288.33,583103,3966,32,1415.92,327637,3503,0.0068015427806065,0.0080685829551185,71.5103125,0.6187569100610489,-872.4099999999999,-0.6161435674331882
Google Display,2025-03-31,481.82,88055,623,1,97.35,44559,0,0.0070751235023564,0.0016051364365971,481.82,0.2020464073720476,-384.47,-3.9493579866461226
Google Display,2025-04-01,754.96,130213,1338,3,52.45,52625,0,0.0102754717270933,0.0022421524663677,251.6533333333333,0.0694738794108297,-702.51,-13.393898951382267
Google Display,2025-04-02,617.21,138955,771,0,0.0,73921,6652,0.0055485588859702,0.0,,0.0,-617.21,
Google Display,2025-04-03,2767.41,635683,3883,13,649.37,375278,68481,0.0061083905028135,0.0033479268606747,212.87769230769229,0.2346490039423143,-2118.04,-3.261684401804826
Google Display,2025-04-04,699.54,170407,1084,5,224.07,92563,14676,0.0063612410288309,0.0046125461254612,139.908,0.3203104897504074,-475.47,-2.121970812692462
Google Display,2025-04-05,86.02000000000001,24660,149,1,14.26,12110,0,0.0060421735604217,0.0067114093959731,86.02000000000001,0.1657754010695186,-71.76,-5.03225806451613
Google Display,2025-04-07,1260.28,267682,1986,12,761.39,144637,2800,0.0074192512010519,0.0060422960725075,105.02333333333333,0.6041435236614086,-498.89,-0.6552358187000092
Google Display,2025-04-08,2660.58,564573,3754,3,0.0,245893,7067,0.0066492729903838,0.000799147575919,886.86,0.0,-2660.58,
Google Display,2025-04-09,632.98,212326,1362,8,144.03,97197,24076,0.006414664242721,0.0058737151248164,79.1225,0.2275427343675945,-488.9500000000001,-3.3947788655141293
Google Display,2025-04-11,88.95,29212,148,2,188.5,11365,0,0.0050664110639463,0.0135135135135135,44.475,2.119168071950534,99.55,0.5281167108753315
Google Display,2025-04-12,1566.22,282666,1048,3,72.89,122555,54803,0.0037075559140469,0.0028625954198473,522.0733333333334,0.0465388004239506,-1493.33,-20.487446837700645
Google Display,2025-04-13,621.6500000000001,87746,432,0,0.0,59355,0,0.0049233013470699,0.0,,0.0,-621.6500000000001,
Google Display,2025-04-14,262.97,56902,347,2,180.29,32844,2198,0.0060982039295631,0.0057636887608069,131.485,0.6855915123398106,-82.67999999999998,-0.4585944866603804
Google Display,2025-04-15,56.11,19675,194,1,99.06,10847,0,0.0098602287166454,0.0051546391752577,56.11,1.7654607021921227,42.95,0.433575610740965
Google Display,2025-04-16,95.61,20325,166,1,21.52,11871,1955,0.0081672816728167,0.0060240963855421,95.61,0.2250810584666875,-74.09000000000002,-3.442843866171005
Google Display,2025-04-17,2752.24,483261,2848,6,196.25,263681,47353,0.0058932957552957,0.0021067415730337,458.70666666666665,0.0713055547481324,-2555.99,-13.024152866242035
Google Display,2025-04-18,107.6,12144,85,0,0.0,7932,1303,0.0069993412384716,0.0,,0.0,-107.6,
Google Display,2025-04-19,216.06,45470,173,0,0.0,21820,0,0.003804706399824,0.0,,0.0,-216.06,
Google Display,2025-04-20,67.99,7724,51,1,32.57,3662,0,0.0066027964785085,0.0196078431372549,67.99,0.4790410354463892,-35.419999999999995,-1.0875038378876265
Google Display,2025-04-21,1643.9299999999998,252497,1444,2,0.0,129627,31246,0.0057188798282751,0.0013850415512465,821.9649999999999,0.0,-1643.9299999999998,
Google Display,2025-04-22,941.66,137888,1016,10,777.24,49086,0,0.0073682989092596,0.0098425196850393,94.166,0.8253934541129495,-164.41999999999996,-0.2115434100149245
Google Display,2025-04-23,546.27,139240,1076,9,229.41,69288,0,0.0077276644642344,0.0083643122676579,60.696666666666665,0.4199571640397606,-316.86,-1.3811952399633844
Google Display,2025-04-24,1964.31,408492,3246,4,17.18,198729,5208,0.0079463000499397,0.0012322858903265,491.0775,0.0087460736849071,-1947.13,-113.337019790454
Google Display,2025-04-25,442.95,141157,971,2,0.0,63007,18213,0.0068788653768498,0.0020597322348094,221.475,0.0,-442.95,
Google Display,2025-04-26,968.52,215830,1530,2,53.43,112322,18856,0.0070889125700783,0.0013071895424836,484.26,0.0551666460166026,-915.09,-17.126895002807412
Google Display,2025-04-27,3185.94,940796,4415,6,356.57,428501,217975,0.0046928345783783,0.0013590033975084,530.99,0.1119198729417377,-2829.37,-7.934963681745519
Google Display,2025-04-28,23.67,2703,29,0,0.0,1301,0,0.0107288198298187,0.0,,0.0,-23.67,
Google Display,2025-04-29,226.87,42292,338,1,93.02,19071,2653,0.0079920552350326,0.0029585798816568,226.87,0.4100145457751135,-133.85000000000002,-1.4389378628251992
Google Display,2025-04-30,1764.58,315157,1763,0,0.0,129143,3309,0.0055940372576208,0.0,,0.0,-1764.58,
Google Display,2025-05-01,119.96,18137,134,0,0.0,8646,4789,0.0073882119424381,0.0,,0.0,-119.96,
Google Display,2025-05-02,2150.19,492802,2727,6,194.53,232914,34760,0.0055336626068887,0.0022002200220022,358.365,0.090471074649217,-1955.66,-10.053256567110472
Google Display,2025-05-03,1007.55,147237,1097,6,257.68,68876,6904,0.0074505728858914,0.0054694621695533,167.925,0.25574909433775,-749.8700000000001,-2.9100822725861537
Google Display,2025-05-04,914.99,310691,1776,3,129.21,159433,0,0.0057162904622277,0.0016891891891891,304.99666666666667,0.1412146580836949,-785.78,-6.081417846915873
Google Display,2025-05-05,315.09,76906,395,2,66.78999999999999,36192,9647,0.0051361402231295,0.0050632911392405,157.545,0.2119711828366498,-248.3,-3.7176223985626593
Google Display,2025-05-06,521.95,101936,574,3,149.27,46463,0,0.0056309841469157,0.0052264808362369,173.98333333333335,0.2859852476290832,-372.68000000000006,-2.4966838614591014
Google Display,2025-05-07,2415.79,383961,3069,20,529.35,160986,0,0.0079929992889902,0.006516780710329,120.7895,0.2191208672939287,-1886.44,-3.563691319542836
Google Display,2025-05-08,446.83,90700,552,3,134.73,52014,0,0.0060859977949283,0.0054347826086956,148.94333333333333,0.3015240695566546,-312.1,-2.316484821494842
Google Display,2025-05-09,315.04,67442,276,1,73.18,31474,4997,0.0040924053260579,0.0036231884057971,315.04,0.2322879634332148,-241.86,-3.3050013664935767
Google Display,2025-05-10,147.24,45561,186,0,0.0,18606,7656,0.0040824389280305,0.0,,0.0,-147.24,
Google Display,2025-05-11,1371.51,426516,3219,27,1331.76,178848,20284,0.0075471963537124,0.0083876980428704,50.79666666666667,0.9710173458450904,-39.75,-0.0298477203099657
Google Display,2025-05-12,1137.04,228699,1631,1,0.0,146327,2180,0.0071316446508292,0.0006131207847946,1137.04,0.0,-1137.04,
Google Display,2025-05-13,1482.37,221413,1821,14,1031.78,107262,0,0.0082244493322433,0.0076880834706205,105.8835714285714,0.6960340535763676,-450.5899999999999,-0.4367113144274941
Google Display,2025-05-14,1096.58,232605,1573,1,0.0,105002,14222,0.0067625373487242,0.0006357279084551,1096.58,0.0,-1096.58,
Google Display,2025-05-15,94.22,34605,366,3,319.29,19373,0,0.0105765062852188,0.0081967213114754,31.406666666666663,3.388770961579283,225.07,0.7049077641016005
Google Display,2025-05-16,773.05,204706,998,0,0.0,95203,0,0.0048752845544341,0.0,,0.0,-773.05,
Google Display,2025-05-17,2579.0200000000004,652070,3400,1,0.0,272353,146731,0.0052141641234836,0.0002941176470588,2579.0200000000004,0.0,-2579.0200000000004,
Google Display,2025-05-18,3441.78,881987,4786,6,387.11,412662,4842,0.0054263838355894,0.0012536564981195,573.63,0.1124737781031908,-3054.67,-7.890961225491461
Google Display,2025-05-19,65.42,10236,73,0,0.0,5919,1454,0.0071316920672137,0.0,,0.0,-65.42,
Google Display,2025-05-20,2397.36,537142,4304,26,1848.22,340069,27650,0.0080127787437958,0.0060408921933085,92.20615384615384,0.7709397003370374,-549.1400000000001,-0.297118308426486
Google Display,2025-05-21,1172.82,248598,1610,9,340.27,107859,4344,0.0064763191980627,0.0055900621118012,130.31333333333333,0.2901297726846404,-832.55,-2.4467334763570108
Google Display,2025-05-22,1165.78,303576,2087,2,0.0,134349,52291,0.0068747200042164,0.0009583133684714,582.89,0.0,-1165.78,
Google Display,2025-05-23,1027.61,189039,1369,11,146.66000000000005,86737,18266,0.0072418918847433,0.0080350620891161,93.41909090909093,0.1427195142125903,-880.95,-6.006750306832128
Google Display,2025-05-24,225.83,78944,655,9,111.91,33854,1802,0.008297020672882,0.0137404580152671,25.092222222222222,0.4955497498118053,-113.92000000000002,-1.0179608614064874
Google Display,2025-05-25,312.18,100084,688,4,182.58,42912,16384,0.0068742256504536,0.005813953488372,78.045,0.5848548914088026,-129.6,-0.70982582977325
Google Display,2025-05-26,620.13,146574,655,0,0.0,63419,13673,0.0044687325173632,0.0,,0.0,-620.13,
Google Display,2025-05-27,131.76,51704,447,3,377.71,35501,0,0.008645365929135,0.0067114093959731,43.92,2.866651487553127,245.95,0.6511609435810543
Google Display,2025-05-28,514.73,124885,607,1,0.0,60668,6854,0.0048604716339031,0.0016474464579901,514.73,0.0,-514.73,
Google Display,2025-05-29,520.53,78747,627,0,0.0,46686,16879,0.0079622080841174,0.0,,0.0,-520.53,
Google Display,2025-05-30,716.31,145447,941,13,361.84,56498,19212,0.0064697106162382,0.0138150903294367,55.10076923076922,0.5051444207117031,-354.47,-0.9796318814945832
Google Display,2025-05-31,83.61,18191,121,1,66.14,7754,0,0.0066516409213347,0.0082644628099173,83.61,0.7910537017103217,-17.47,-0.2641366797701844
Google Display,2025-06-01,1219.9299999999998,238336,1369,1,0.0,160392,33177,0.0057439916756176,0.0007304601899196,1219.9299999999998,0.0,-1219.9299999999998,
Google Display,2025-06-02,535.02,131495,931,3,20.27,59472,0,0.0070801171147191,0.0032223415682062,178.34,0.0378864341519943,-514.75,-25.394671928959053
Google Display,2025-06-03,2825.75,804457,4647,8,281.66,452475,79369,0.005776567299433,0.0017215407789972,353.21875,0.099676192161373,-2544.09,-9.032485975999432
Google Display,2025-06-04,99.6,28376,219,0,0.0,15259,0,0.0077177896814209,0.0,,0.0,-99.6,
Google Display,2025-06-05,550.33,83761,555,1,0.0,32884,0,0.00662599539165,0.0018018018018018,550.33,0.0,-550.33,
Google Display,2025-06-06,1682.64,304204,1633,8,561.41,124730,7166,0.0053681082431526,0.0048989589712186,210.33,0.333648314553321,-1121.23,-1.9971678452467896
Google Display,2025-06-07,539.78,148231,544,0,0.0,83007,12187,0.0036699475818148,0.0,,0.0,-539.78,
Google Display,2025-06-08,369.21,86932,351,0,0.0,43483,5316,0.0040376386140891,0.0,,0.0,-369.21,
Google Display,2025-06-09,254.21,43282,319,1,75.2,21304,5659,0.0073702693960537,0.0031347962382445,254.21,0.2958184178435152,-179.01,-2.380452127659574
Google Display,2025-06-10,1186.17,268675,832,0,0.0,130249,0,0.0030966781427375,0.0,,0.0,-1186.17,
Google Display,2025-06-11,1378.93,245354,1587,10,550.29,97840,5024,0.0064682051240248,0.0063011972274732,137.893,0.3990702936334694,-828.6400000000001,-1.5058242017845138
Google Display,2025-06-12,1320.5500000000002,359242,2431,22,288.22,162987,810,0.0067670261272345,0.0090497737556561,60.025000000000006,0.218257544205066,-1032.3300000000002,-3.5817431128998685
Google Display,2025-06-13,214.06,55551,305,4,32.97,30579,0,0.0054904502169177,0.0131147540983606,53.515,0.1540222367560497,-181.09,-5.492569002123142
Google Display,2025-06-14,2843.45,492756,2899,9,312.06,281476,68830,0.0058832363279188,0.003104518799586,315.93888888888887,0.1097469623169037,-2531.39,-8.11186951227328
Google Display,2025-06-16,1635.37,255792,1000,0,0.0,139160,27663,0.0039094264089572,0.0,,0.0,-1635.37,
Google Display,2025-06-17,1186.06,182096,1871,6,647.17,95015,5166,0.0102748001054388,0.0032068412613575,197.67666666666665,0.545646931858422,-538.89,-0.8326869292457932
Google Display,2025-06-18,320.43,66749,348,0,0.0,27186,1861,0.0052135612518539,0.0,,0.0,-320.43,
Google Display,2025-06-19,620.67,176227,1195,14,523.0,95008,0,0.0067810267439155,0.0117154811715481,44.33357142857143,0.8426377946412749,-97.66999999999996,-0.1867495219885276
Google Display,2025-06-21,920.47,195763,1267,1,0.0,93385,0,0.0064721116860693,0.0007892659826361,920.47,0.0,-920.47,
Google Display,2025-06-22,183.04,61464,263,0,0.0,24608,0,0.0042789275022777,0.0,,0.0,-183.04,
Google Display,2025-06-23,238.44,35307,210,1,20.85,16864,0,0.0059478290423995,0.0047619047619047,238.44,0.0874433819828887,-217.59,-10.435971223021582
Google Display,2025-06-24,1228.17,436878,1278,0,0.0,187595,87972,0.0029253018005026,0.0,,0.0,-1228.17,
Google Display,2025-06-25,930.71,227972,1518,17,255.87,126542,0,0.0066587124734616,0.0111989459815546,54.74764705882353,0.2749191477474186,-674.84,-2.637433071481612
Google Display,2025-06-26,911.53,213321,1334,10,362.72,112749,13158,0.0062534865296899,0.0074962518740629,91.153,0.3979243689181925,-548.81,-1.513040361711513
Google Display,2025-06-27,1326.51,235890,1848,10,450.83,103345,13211,0.0078341599898257,0.0054112554112554,132.651,0.3398617424670752,-875.6800000000001,-1.942372956546814
Google Display,2025-06-28,409.56,117930,934,9,269.38,65800,3427,0.0079199525142033,0.0096359743040685,45.50666666666667,0.6577302470944428,-140.18,-0.5203801321553196
Google Display,2025-06-29,1508.68,551616,3273,2,0.0,266212,94013,0.0059334754611903,0.0006110601894286,754.34,0.0,-1508.68,
Google Display,2025-07-01,395.22,90482,749,6,250.02,53796,0,0.0082778895249883,0.0080106809078771,65.87,0.6326096857446485,-145.20000000000002,-0.5807535397168228
Google Display,2025-07-02,760.62,196845,923,2,0.0,75600,0,0.0046889684777362,0.0021668472372697,380.31,0.0,-760.62,
Google Display,2025-07-03,388.9,96977,747,1,0.0,46602,24935,0.0077028573785536,0.001338688085676,388.9,0.0,-388.9,
Google Display,2025-07-04,1025.22,266004,2284,12,470.42,139865,38201,0.0085863370475631,0.0052539404553415,85.435,0.4588478570453171,-554.8,-1.1793716253560649
Google Display,2025-07-05,1432.17,402855,2296,8,63.5,178117,0,0.0056993210956795,0.0034843205574912,179.02125,0.0443383117925944,-1368.67,-21.55385826771653
Google Display,2025-07-06,2800.27,607429,2908,0,0.0,268693,25095,0.0047873907897054,0.0,,0.0,-2800.27,
Google Display,2025-07-07,139.69,21884,130,1,13.11,10259,0,0.0059404130871869,0.0076923076923076,139.69,0.0938506693392512,-126.58,-9.655225019069412
Google Display,2025-07-08,817.15,259436,1599,1,0.0,125324,2113,0.0061633697713501,0.0006253908692933,817.15,0.0,-817.15,
Google Display,2025-07-09,1262.47,167169,1108,1,0.0,75032,0,0.0066280231382612,0.0009025270758122,1262.47,0.0,-1262.47,
Google Display,2025-07-10,2053.28,642093,3949,41,1838.29,328726,57891,0.0061501994259398,0.0103823752848822,50.07999999999999,0.8952943582950208,-214.98999999999972,-0.1169510795358729
Google Display,2025-07-12,1187.46,319582,2202,5,171.74,154346,20984,0.0068902503895713,0.0022706630336058,237.492,0.1446280295757331,-1015.72,-5.914289041574473
Google Display,2025-07-13,635.58,184429,949,0,0.0,111117,1978,0.0051456115903681,0.0,,0.0,-635.58,
Google Display,2025-07-14,979.38,283720,2177,21,1228.93,163103,35436,0.0076730579444522,0.0096463022508038,46.63714285714285,1.2548040597112462,249.55000000000013,0.2030628270121163
Google Display,2025-07-15,2197.79,372044,2392,13,681.79,191707,5332,0.006429347066476,0.0054347826086956,169.06076923076924,0.3102161716997529,-1516.0,-2.223558573754382
Google Display,2025-07-16,2598.23,541551,3420,2,0.0,257937,0,0.0063151946908047,0.0005847953216374,1299.115,0.0,-2598.23,
Google Display,2025-07-17,1952.08,403461,2037,1,0.0,205607,71349,0.0050488151271126,0.0004909180166912,1952.08,0.0,-1952.08,
Google Display,2025-07-18,128.79,31650,229,3,42.02,13595,1221,0.0072353870458135,0.0131004366812227,42.93,0.3262675673577141,-86.76999999999998,-2.0649690623512607
Google Display,2025-07-19,406.29,75025,553,2,223.06,43263,1323,0.0073708763745418,0.0036166365280289,203.145,0.5490167122006449,-183.23,-0.8214381780686811
Google Display,2025-07-20,2664.04,696173,3472,3,0.0,513181,62279,0.0049872660962145,0.0008640552995391,888.0133333333333,0.0,-2664.04,
Google Display,2025-07-21,878.8000000000001,173376,778,2,89.21,88052,16493,0.0044873569582871,0.0025706940874035,439.4,0.1015134274010013,-789.59,-8.850913574711356
Google Display,2025-07-22,1375.49,428457,3889,42,501.25,270560,0,0.0090767568274062,0.0107996914373875,32.749761904761904,0.3644155900806258,-874.24,-1.7441197007481295
Google Display,2025-07-23,195.7,27436,95,0,0.0,16054,0,0.0034626038781163,0.0,,0.0,-195.7,
Google Display,2025-07-24,1460.77,246587,1643,3,0.0,114249,0,0.0066629627677047,0.0018259281801582,486.92333333333335,0.0,-1460.77,
Google Display,2025-07-25,449.82,74262,525,5,47.21,33214,940,0.0070695645148258,0.0095238095238095,89.964,0.1049530923480503,-402.61,-8.528066087693286
Google Display,2025-07-26,1075.55,141816,918,0,0.0,89749,0,0.0064731765104078,0.0,,0.0,-1075.55,
Google Display,2025-07-27,583.7199999999999,68200,391,1,60.6,27766,0,0.005733137829912,0.0025575447570332,583.7199999999999,0.1038168985129857,-523.1199999999999,-8.63234323432343
Google Display,2025-07-28,1925.41,655378,3847,12,232.37,378099,10450,0.0058698949308643,0.0031193137509747,160.45083333333335,0.1206859837644969,-1693.04,-7.28596634677454
Google Display,2025-07-29,514.01,86892,517,0,0.0,49884,18579,0.0059499148368089,0.0,,0.0,-514.01,
Google Display,2025-07-30,193.03,52108,331,0,0.0,22211,12365,0.0063521916020572,0.0,,0.0,-193.03,
Google Display,2025-07-31,2112.58,313501,1635,15,220.57,157843,21637,0.0052152943690769,0.0091743119266055,140.83866666666663,0.1044078804116293,-1892.01,-8.57782109987759
Google Display,2025-08-01,748.4,103614,812,2,80.68,67656,0,0.0078367788136738,0.0024630541871921,374.2,0.10780331373597,-667.72,-8.276152702032721
Google Display,2025-08-02,1409.6,324695,1520,5,163.57999999999998,172203,17860,0.0046813163122314,0.0032894736842105,281.92,0.1160471055618615,-1246.02,-7.617190365570364
Google Display,2025-08-03,1104.36,366129,1744,2,20.59,214711,0,0.0047633484372994,0.0011467889908256,552.1800000000001,0.0186442826614509,-1083.7700000000002,-52.635745507527936
Google Display,2025-08-04,291.13,71379,528,3,121.58,37093,5843,0.0073971336107258,0.0056818181818181,97.04333333333334,0.4176141242743792,-169.54999999999998,-1.3945550254976145
Google Display,2025-08-05,1721.5700000000002,365139,2297,6,361.79,181991,0,0.0062907550275374,0.0026121027427078,286.92833333333334,0.2101511991960826,-1359.7800000000002,-3.758478675474723
Google Display,2025-08-06,51.83,11702,58,0,0.0,5230,0,0.0049564177063749,0.0,,0.0,-51.83,
Google Display,2025-08-07,1011.47,269894,2127,17,1013.13,107335,4349,0.0078808717496498,0.0079924776680771,59.49823529411765,1.001641175714554,1.6599999999999682,0.0016384866700225
Google Display,2025-08-09,1102.03,364101,2308,1,0.0,198899,1908,0.0063389004699245,0.0004332755632582,1102.03,0.0,-1102.03,
Google Display,2025-08-10,461.48,85725,556,3,68.22,46287,0,0.0064858559346748,0.0053956834532374,153.82666666666668,0.1478287249718297,-393.26,-5.764585165640574
Google Display,2025-08-11,151.19,55803,240,2,180.09,31853,0,0.0043008440406429,0.0083333333333333,75.595,1.191150208347113,28.90000000000001,0.1604753178966072
Google Display,2025-08-12,2249.73,475765,2497,2,0.0,245810,3031,0.005248389435961,0.000800961153384,1124.865,0.0,-2249.73,
Google Display,2025-08-13,811.8199999999999,238011,1134,2,0.0,125028,55172,0.0047644856750318,0.001763668430335,405.91,0.0,-811.8199999999999,
Google Display,2025-08-14,279.83,46713,333,0,0.0,22830,0,0.0071286365679789,0.0,,0.0,-279.83,
Google Display,2025-08-15,534.45,93364,764,1,0.0,47382,0,0.0081830255773103,0.0013089005235602,534.45,0.0,-534.45,
Google Display,2025-08-16,260.11,36475,247,1,0.0,17731,0,0.006771761480466,0.0040485829959514,260.11,0.0,-260.11,
Google Display,2025-08-17,225.85,32255,255,2,147.14,15854,0,0.0079057510463494,0.0078431372549019,112.925,0.6514943546601727,-78.71000000000001,-0.5349327171401388
Google Display,2025-08-18,1532.92,275393,1405,5,341.58,114542,0,0.0051017999731293,0.0035587188612099,306.584,0.222829632335673,-1191.34,-3.487733473856784
Google Display,2025-08-19,394.4,101427,775,6,575.7,42222,0,0.0076409634515464,0.0077419354838709,65.73333333333333,1.459685598377282,181.30000000000007,0.3149209657807887
Google Display,2025-08-20,1217.77,203449,1326,1,0.0,107582,33697,0.0065176039203928,0.0007541478129713,1217.77,0.0,-1217.77,
Google Display,2025-08-21,2861.67,503577,2563,8,479.55,235848,0,0.0050895890797236,0.0031213421771361,357.70875,0.1675769742842466,-2382.12,-4.967406944010009
Google Display,2025-08-22,496.28,74327,574,1,0.0,33801,8402,0.0077226310761903,0.0017421602787456,496.28,0.0,-496.28,
Google Display,2025-08-23,198.49,49961,294,0,0.0,29170,0,0.0058845899801845,0.0,,0.0,-198.49,
Google Display,2025-08-24,822.94,193894,938,5,262.71,86152,31785,0.0048376948229444,0.0053304904051172,164.58800000000002,0.3192334799620871,-560.23,-2.1325035209927297
Google Display,2025-08-25,604.62,148376,684,0,0.0,79052,0,0.0046099099584838,0.0,,0.0,-604.62,
Google Display,2025-08-26,602.81,204924,986,0,0.0,102688,38688,0.0048115398879584,0.0,,0.0,-602.81,
Google Display,2025-08-27,1159.08,282150,984,1,73.24,156706,27793,0.0034875066454013,0.0010162601626016,1159.08,0.0631880456914104,-1085.84,-14.825778263244128
Google Display,2025-08-28,1264.48,205875,1346,10,796.88,107315,11344,0.0065379477838494,0.0074294205052005,126.448,0.6302037201062888,-467.6,-0.5867884750527056
Google Display,2025-08-29,1047.84,239499,1576,4,207.83,110772,0,0.0065804032584687,0.0025380710659898,261.96,0.1983413498244007,-840.0099999999999,-4.04181302025694
Google Display,2025-08-30,108.12,34765,168,0,0.0,14881,0,0.0048324464260031,0.0,,0.0,-108.12,
Google Display,2025-08-31,461.55,150293,955,8,259.7,83056,0,0.0063542546891738,0.0083769633507853,57.69375,0.5626692666016683,-201.85,-0.7772429726607626
Google Display,2025-09-01,489.36,182994,1182,0,0.0,107818,25147,0.0064592281714154,0.0,,0.0,-489.36,
Google Display,2025-09-03,551.74,92800,694,7,82.63,37024,4639,0.007478448275862,0.0100864553314121,78.82000000000001,0.1497625693261318,-469.11,-5.677235870749123
Google Display,2025-09-04,722.24,178455,1465,2,0.0,93093,24626,0.0082093524978285,0.0013651877133105,361.12,0.0,-722.24,
Google Display,2025-09-05,2407.85,727740,4457,45,1619.51,354119,5505,0.0061244400472696,0.0100964774512003,53.507777777777775,0.6725958842951181,-788.3399999999999,-0.4867768646071959
Google Display,2025-09-07,232.84,44308,308,0,0.0,27952,0,0.0069513406156901,0.0,,0.0,-232.84,
Google Display,2025-09-08,2533.58,821271,4876,33,415.66,392149,7245,0.0059371388981225,0.0067678424938474,76.7751515151515,0.1640603414930651,-2117.92,-5.09531828898619
Google Display,2025-09-09,357.17,78297,496,0,0.0,40361,8364,0.006334853187223,0.0,,0.0,-357.17,
Google Display,2025-09-10,1940.14,552466,4695,24,1534.23,282810,46795,0.0084982605264396,0.0051118210862619,80.83916666666666,0.7907831393610771,-405.9099999999999,-0.264569197577938
Google Display,2025-09-11,90.07,19476,161,0,0.0,9853,2179,0.0082665845142739,0.0,,0.0,-90.07,
Google Display,2025-09-12,1820.24,602110,4178,4,0.0,253784,0,0.0069389314244905,0.0009573958831977,455.06,0.0,-1820.24,
Google Display,2025-09-13,140.87,46527,332,0,0.0,22184,0,0.0071356416704279,0.0,,0.0,-140.87,
Google Display,2025-09-14,793.02,245659,1629,1,0.0,126266,8276,0.0066311431700039,0.0006138735420503,793.02,0.0,-793.02,
Google Display,2025-09-15,1289.5000000000002,305024,1322,2,68.52,193845,0,0.0043340851867394,0.0015128593040847,644.7500000000001,0.0531368747576579,-1220.9800000000002,-17.819322825452428
Google Display,2025-09-16,577.89,125973,792,1,17.34,87723,20450,0.0062870615131813,0.0012626262626262,577.89,0.0300057104293204,-560.55,-32.32698961937716
Google Display,2025-09-17,1356.5700000000002,299890,1538,1,0.0,145205,14207,0.0051285471339491,0.0006501950585175,1356.5700000000002,0.0,-1356.5700000000002,
Google Display,2025-09-18,502.68,92464,808,1,0.0,64226,0,0.0087385360789063,0.0012376237623762,502.68,0.0,-502.68,
Google Display,2025-09-19,960.19,240846,1523,3,177.92,143120,18510,0.0063235428448053,0.0019697964543663,320.06333333333333,0.1852966600360345,-782.2700000000001,-4.396751348920864
Google Display,2025-09-20,383.54,116459,562,1,30.62,57501,0,0.0048257326612799,0.0017793594306049,383.54,0.0798352192730875,-352.92,-11.525800130633574
Google Display,2025-09-22,1290.21,186356,1647,4,21.1,93843,0,0.0088379231148983,0.002428658166363,322.5525,0.0163539268801202,-1269.11,-60.14739336492891
Google Display,2025-09-23,2447.91,416879,2532,6,149.26,234111,2960,0.0060737048400135,0.0023696682464454,407.985,0.0609744639304549,-2298.65,-15.400308187056142
Google Display,2025-09-26,1821.08,249912,1628,3,46.0,156949,34117,0.0065142930311469,0.0018427518427518,607.0266666666666,0.0252597359808465,-1775.08,-38.58869565217391
Google Display,2025-09-27,1087.53,295145,1945,31,367.56,120344,4478,0.0065899811956834,0.0159383033419023,35.0816129032258,0.3379768833963201,-719.97,-1.9587822396343453
Google Display,2025-09-28,1427.36,262059,1481,7,56.24,171245,47986,0.0056513991124136,0.0047265361242403,203.9085714285714,0.0394014123977132,-1371.12,-24.37980085348506
Google Display,2025-09-29,787.79,124531,661,0,0.0,52571,6274,0.0053079152981988,0.0,,0.0,-787.79,
Google Display,2025-09-30,1891.91,702425,3229,2,0.0,324527,94298,0.0045969320568032,0.000619386807061,945.955,0.0,-1891.91,
Google Display,2025-10-01,1511.99,481776,5141,121,1449.19,209582,0,0.0106709342100893,0.0235362769889126,12.495785123966945,0.958465333765435,-62.79999999999996,-0.0433345524051366
Google Display,2025-10-02,4403.0,1087448,8412,11,168.95,670839,7884,0.0077355422971949,0.0013076557299096,400.27272727272725,0.038371564842153,-4234.05,-25.060964782480028
Google Display,2025-10-03,1624.41,413688,2573,8,15.23,174993,0,0.0062196631277677,0.0031092110376991,203.05125,0.0093757117968985,-1609.18,-105.6585686145765
Google Display,2025-10-04,1429.63,351105,2783,34,1090.73,209945,6918,0.0079264037823443,0.0122170319798778,42.047941176470594,0.7629456572679644,-338.9000000000001,-0.3107093414502215
Google Display,2025-10-05,1118.56,167480,1690,3,0.0,95032,0,0.010090757105326,0.001775147928994,372.8533333333333,0.0,-1118.56,
Google Display,2025-10-06,2211.4700000000003,490113,6443,76,3592.1600000000003,189776,0,0.0131459479752628,0.0117957473226757,29.09828947368421,1.6243313271263005,1380.69,0.3843620551423099
Google Display,2025-10-08,60.73,22291,283,5,47.73,9699,2296,0.0126957067874927,0.0176678445229682,12.146,0.7859377572863494,-13.0,-0.2723653886444584
Google Display,2025-10-09,1374.3,199869,1389,1,0.0,141445,0,0.0069495519565315,0.0007199424046076,1374.3,0.0,-1374.3,
Google Display,2025-10-10,922.18,272965,3483,3,0.0,143845,0,0.0127598776399904,0.0008613264427217,307.3933333333333,0.0,-922.18,
Google Display,2025-10-11,3404.24,682537,3629,7,59.16,341958,115883,0.0053169278735072,0.0019289060347203,486.32,0.0173783282024769,-3345.08,-56.54293441514537
Google Display,2025-10-12,370.72,60550,425,3,161.92,32888,0,0.0070189925681255,0.0070588235294117,123.57333333333332,0.4367716875269745,-208.8,-1.2895256916996047
Google Display,2025-10-13,522.95,79384,608,1,0.0,35149,0,0.0076589741005744,0.0016447368421052,522.95,0.0,-522.95,
Google Display,2025-10-14,426.64,92413,627,0,0.0,52807,0,0.0067847597199528,0.0,,0.0,-426.64,
Google Display,2025-10-15,1855.42,420361,3356,12,69.03,188325,0,0.0079836140840848,0.0035756853396901,154.61833333333334,0.0372045143417662,-1786.39,-25.878458641170507
Google Display,2025-10-17,2810.07,541253,4261,2,0.0,255345,97925,0.007872473686058,0.0004693733865289,1405.035,0.0,-2810.07,
Google Display,2025-10-18,2350.09,587271,6022,65,1803.84,284757,738,0.0102542097260038,0.010793756227167,36.15523076923077,0.7675620933666369,-546.2500000000002,-0.3028261930104667
Google Display,2025-10-19,1022.51,191939,2231,3,9.53,94042,31821,0.0116234845445688,0.001344688480502,340.83666666666664,0.0093202022474107,-1012.98,-106.29380902413432
Google Display,2025-10-20,934.82,206572,1629,8,339.93,128237,0,0.0078858703018802,0.0049109883364027,116.8525,0.3636315012515778,-594.8900000000001,-1.7500367722766454
Google Display,2025-10-21,943.12,207683,1471,2,0.0,115932,6615,0.0070829100118931,0.0013596193065941,471.56,0.0,-943.12,
Google Display,2025-10-22,1064.07,171786,1480,33,1417.18,82879,8968,0.0086153702862864,0.0222972972972973,32.24454545454545,1.3318484686157868,353.1100000000001,0.2491638323995541
Google Display,2025-10-23,1029.29,174673,1556,25,214.44,75565,7272,0.0089080739438837,0.0160668380462724,41.1716,0.208337786241001,-814.8499999999999,-3.799897407200149
Google Display,2025-10-25,3845.2,1299655,14019,160,2157.07,690725,84733,0.0107867087804071,0.0114130822455239,24.0325,0.5609773223759493,-1688.1299999999997,-0.7826032534873693
Google Display,2025-10-26,1069.24,306670,1942,2,0.0,179529,55828,0.0063325398636971,0.0010298661174047,534.62,0.0,-1069.24,
Google Display,2025-10-27,324.05,91945,1063,2,0.0,63946,0,0.0115612594485833,0.0018814675446848,162.025,0.0,-324.05,
Google Display,2025-10-28,450.57,75689,576,0,0.0,31574,8970,0.007610088652248,0.0,,0.0,-450.57,
Google Display,2025-10-30,183.75,32288,292,0,0.0,17919,3581,0.0090436075322101,0.0,,0.0,-183.75,
Google Display,2025-10-31,1285.81,271573,1598,2,0.0,161221,13536,0.0058842373873691,0.0012515644555694,642.905,0.0,-1285.81,
Google Display,2025-11-01,1219.39,283956,1476,1,0.0,142466,0,0.0051979884207412,0.0006775067750677,1219.39,0.0,-1219.39,
Google Display,2025-11-02,1671.6,228483,2089,11,282.99,147744,0,0.0091429121641435,0.0052656773575873,151.96363636363637,0.1692928930366116,-1388.61,-4.906922506095622
Google Display,2025-11-03,1514.71,253890,1949,1,0.0,137302,0,0.0076765528378431,0.0005130836326321,1514.71,0.0,-1514.71,
Google Display,2025-11-04,2679.64,434406,4128,23,2629.58,199734,40134,0.0095026311791273,0.0055717054263565,116.50608695652171,0.9813183860518576,-50.059999999999945,-0.0190372607032301
Google Display,2025-11-05,1900.43,402946,2551,20,746.62,255906,54495,0.006330873119475,0.0078400627205017,95.0215,0.392868982282957,-1153.81,-1.545377836114757
Google Display,2025-11-06,1343.99,403760,2555,12,540.81,257093,0,0.0063280166435506,0.0046966731898238,111.99916666666668,0.4023913868406759,-803.1800000000001,-1.485142656385792
Google Display,2025-11-07,5017.51,1532607,11143,11,0.0,805364,128133,0.0072706179731659,0.0009871668311944,456.1372727272728,0.0,-5017.51,
Google Display,2025-11-09,2142.88,413200,2991,2,0.0,212141,14853,0.0072386253630203,0.0006686726847208,1071.44,0.0,-2142.88,
Google Display,2025-11-10,1183.33,250488,2263,7,110.3,108269,15135,0.0090343649196767,0.0030932390631904,169.04714285714286,0.0932115301733244,-1073.03,-9.728286491387124
Google Display,2025-11-11,1237.18,399871,4190,11,0.0,185792,0,0.0104783792773169,0.0026252983293556,112.4709090909091,0.0,-1237.18,
Google Display,2025-11-12,50.0,5919,69,1,23.92,2402,1595,0.0116573745565129,0.0144927536231884,50.0,0.4784,-26.08,-1.0903010033444815
Google Display,2025-11-13,1274.84,355374,3850,89,1729.48,170438,0,0.0108336569360729,0.0231168831168831,14.324044943820226,1.3566251451162497,454.6399999999999,0.2628767028239701
Google Display,2025-11-14,919.3,212678,2200,5,0.0,117208,0,0.0103442763238322,0.0022727272727272,183.86,0.0,-919.3,
Google Display,2025-11-15,4109.75,738035,6256,58,1296.26,324338,68989,0.0084765627646385,0.0092710997442455,70.85775862068965,0.3154109130725713,-2813.49,-2.170467344514217
Google Display,2025-11-16,1144.72,199777,1254,1,0.0,86154,33307,0.0062769988537219,0.0007974481658692,1144.72,0.0,-1144.72,
Google Display,2025-11-17,2842.91,505771,2698,13,751.73,220120,0,0.0053344300088379,0.0048183839881393,218.6853846153846,0.2644227217885899,-2091.18,-2.781823261011267
Google Display,2025-11-18,1676.0,234530,1768,25,804.27,98251,5914,0.0075384812177546,0.0141402714932126,67.04,0.4798747016706444,-871.73,-1.0838773048851755
Google Display,2025-11-19,1260.79,223811,1836,38,1302.83,143702,0,0.008203350148116,0.0206971677559912,33.17868421052631,1.0333441730978197,42.03999999999997,0.0322682161141514
Google Display,2025-11-20,3651.88,823681,5911,11,217.84,414866,58337,0.0071763219013185,0.0018609372356623,331.9890909090909,0.0596514671895023,-3434.04,-15.7640470069776
Google Display,2025-11-22,2811.74,864145,7830,37,2815.25,390698,62722,0.0090609793495304,0.0047254150702426,75.99297297297296,1.001248337328487,3.5100000000002183,0.0012467809253175
Google Display,2025-11-23,909.54,244211,2230,1,0.0,146932,0,0.0091314478053814,0.0004484304932735,909.54,0.0,-909.54,
Google Display,2025-11-24,456.69,81745,568,5,311.95,33540,0,0.0069484372132852,0.0088028169014084,91.338,0.6830672885327027,-144.74,-0.463984612918737
Google Display,2025-11-25,3378.13,1002265,9840,171,6149.96,407337,0,0.0098177627673319,0.0173780487804878,19.75514619883041,1.8205220047777912,2771.83,0.4507069964682696
Google Display,2025-11-26,910.64,242652,2445,3,0.0,110222,0,0.010076158449137,0.0012269938650306,303.5466666666667,0.0,-910.64,
Google Display,2025-11-27,875.8299999999999,250934,1500,6,194.09,147459,0,0.0059776674344648,0.004,145.97166666666666,0.2216069328522658,-681.7399999999999,-3.512494203719923
Google Display,2025-11-28,1547.7800000000002,328093,3500,3,0.0,126081,45419,0.0106677070220943,0.0008571428571428,515.9266666666667,0.0,-1547.7800000000002,
Google Display,2025-11-29,3506.0,976115,7295,21,684.21,407729,129297,0.0074735046587748,0.0028786840301576,166.95238095238096,0.1951540216771249,-2821.79,-4.124157787813683
Google Display,2025-11-30,215.69,45013,472,2,47.32,25943,1910,0.0104858596405482,0.0042372881355932,107.845,0.2193889378274375,-168.37,-3.558114961961116
Google Display,2025-12-01,242.75,69376,552,12,346.44,29011,0,0.0079566420664206,0.0217391304347826,20.229166666666668,1.4271472708547888,103.69,0.2993014663433783
Google Display,2025-12-02,1549.15,316330,1571,1,0.0,176171,42959,0.0049663326273195,0.0006365372374283,1549.15,0.0,-1549.15,
Google Display,2025-12-03,4840.41,1555716,15431,124,7797.610000000001,595657,0,0.0099189055071748,0.0080357721469768,39.03556451612903,1.6109399823568666,2957.2000000000007,0.3792444095049637
Google Display,2025-12-04,2041.87,580880,2639,7,296.81,362086,0,0.0045431070100537,0.0026525198938992,291.69571428571425,0.1453618496770117,-1745.06,-5.879384117785789
Google Display,2025-12-05,469.35,79898,688,4,254.11,31324,11722,0.0086109789982227,0.005813953488372,117.3375,0.5414083306700757,-215.24,-0.8470347487308646
Google Display,2025-12-06,937.52,148319,1211,29,244.75,70028,0,0.0081648339052987,0.0239471511147811,32.32827586206896,0.2610610973632563,-692.77,-2.830520939734422
Google Display,2025-12-07,281.65,112381,509,0,0.0,45396,17880,0.004529235368968,0.0,,0.0,-281.65,
Google Display,2025-12-08,59.67,12861,104,0,0.0,5933,0,0.0080864629500038,0.0,,0.0,-59.67,
Google Display,2025-12-09,2097.44,496226,3827,4,0.0,247163,54338,0.0077122117744737,0.001045205121505,524.36,0.0,-2097.44,
Google Display,2025-12-10,220.29,79980,543,4,32.3,40191,4450,0.0067891972993248,0.007366482504604,55.072500000000005,0.1466249035362476,-187.99,-5.820123839009288
Google Display,2025-12-11,1372.39,421338,2450,4,0.0,278967,0,0.0058148090131913,0.0016326530612244,343.0975,0.0,-1372.39,
Google Display,2025-12-12,695.0699999999999,135551,575,0,0.0,83476,24165,0.0042419458358846,0.0,,0.0,-695.0699999999999,
Google Display,2025-12-13,2750.9300000000003,1035660,6844,4,0.0,588186,223005,0.0066083463684993,0.0005844535359438,687.7325000000001,0.0,-2750.9300000000003,
Google Display,2025-12-14,54.33,6740,31,0,0.0,4675,1653,0.0045994065281899,0.0,,0.0,-54.33,
Google Display,2025-12-15,1542.4399999999998,424010,3423,10,174.45,221834,27758,0.0080729228084243,0.0029214139643587,154.24399999999997,0.1131000233396436,-1367.9899999999998,-7.841731155058755
Google Display,2025-12-16,2690.55,862235,4788,7,37.07,480122,0,0.0055530104901795,0.0014619883040935,384.36428571428576,0.0137778521120217,-2653.48,-71.58025357431886
Google Display,2025-12-17,1574.04,407935,4074,21,139.41,207249,0,0.0099868851655288,0.0051546391752577,74.95428571428572,0.088568270183731,-1434.63,-10.290725199053153
Google Display,2025-12-18,595.4,109482,590,0,0.0,58212,7095,0.0053890137191501,0.0,,0.0,-595.4,
Google Display,2025-12-19,148.82,30283,136,0,0.0,20651,3925,0.0044909685301984,0.0,,0.0,-148.82,
Google Display,2025-12-20,1570.91,508797,4853,53,2135.06,249242,4025,0.0095381851701169,0.0109210797444879,29.63981132075472,1.3591230560630465,564.1500000000001,0.2642314501700187
Google Display,2025-12-21,1765.12,338492,2366,3,0.0,218429,9529,0.006989825461163,0.0012679628064243,588.3733333333333,0.0,-1765.12,
Google Display,2025-12-22,3242.73,1055888,8233,16,0.0,626478,34630,0.0077972284939311,0.0019433985181586,202.670625,0.0,-3242.73,
Google Display,2025-12-23,2178.52,714723,5124,17,109.18,329726,757,0.0071692110090202,0.0033177205308352,128.14823529411763,0.0501165929162918,-2069.34,-18.953471331745742
Google Display,2025-12-24,253.23,54137,302,4,106.51,23877,0,0.005578439883998,0.0132450331125827,63.307500000000005,0.4206057734075741,-146.72000000000003,-1.377523237254718
Google Display,2025-12-25,3103.61,908744,5925,42,1858.62,437348,8182,0.0065199880274312,0.0070886075949367,73.89547619047619,0.5988574595390529,-1244.9900000000002,-0.6698464452120392
Google Display,2025-12-26,344.0,70874,615,8,368.44,30323,0,0.0086773711092925,0.0130081300813008,43.0,1.0710465116279069,24.44,0.066333731408099
Google Display,2025-12-27,2129.79,478527,3868,71,784.1,236104,0,0.0080831384644962,0.0183557394002068,29.997042253521126,0.368158363031097,-1345.69,-1.7162224206096162
Google Display,2025-12-28,1350.82,293463,1982,9,292.01,154103,38928,0.0067538326807808,0.0045408678102926,150.0911111111111,0.2161723989872818,-1058.81,-3.625937467894935
Google Display,2025-12-29,74.68,11246,46,0,0.0,5466,0,0.0040903432331495,0.0,,0.0,-74.68,
Google Display,2025-12-30,1178.24,297311,1604,5,222.54,127779,56100,0.0053950240657089,0.0031172069825436,235.648,0.1888749321021184,-955.7,-4.294508852341152
Google Display,2025-12-31,697.0899999999999,225144,1509,5,191.55,110149,24151,0.0067023771452936,0.0033134526176275,139.41799999999998,0.2747851783844267,-505.5399999999999,-2.639206473505612
Google Search,2023-01-01,2015.51,220840,10852,14,0.0,103367,0,0.0491396486143814,0.0012900847769996,143.965,0.0,-2015.51,
Google Search,2023-01-02,1479.58,111748,5213,7,0.0,68736,0,0.046649604467194,0.0013427968540187,211.3685714285714,0.0,-1479.58,
Google Search,2023-01-03,3858.28,255232,14552,450,38332.56,107225,0,0.0570147943831494,0.0309235843870258,8.573955555555555,9.935142084037446,34474.28,0.8993471868302039
Google Search,2023-01-04,1535.09,130969,7554,136,9879.88,65937,0,0.057677771075598,0.0180037066454858,11.287426470588237,6.436026552189123,8344.79,0.8446246310683936
Google Search,2023-01-05,202.32,19841,809,0,0.0,10641,680,0.0407741545285015,0.0,,0.0,-202.32,
Google Search,2023-01-06,2396.75,206414,10098,399,12632.77,92739,0,0.0489211003129632,0.0395127748068924,6.006892230576441,5.270791697089809,10236.02,0.8102751811360454
Google Search,2023-01-07,1565.17,103890,5138,21,546.21,46388,0,0.0494561555491385,0.0040871934604904,74.53190476190477,0.3489780662803401,-1018.96,-1.865509602533824
Google Search,2023-01-08,6024.77,388067,22093,623,41901.99,187225,5134,0.0569308907997845,0.0281989770515547,9.670577849117176,6.954952637196108,35877.22,0.8562175686644
Google Search,2023-01-09,826.49,64302,3191,98,3885.5,29805,0,0.0496252060589095,0.0307113757442807,8.433571428571428,4.7012063061864025,3059.01,0.7872886372410244
Google Search,2023-01-10,1143.44,87810,5079,51,404.34,34332,2897,0.0578407926204304,0.0100413467217956,22.420392156862743,0.353617155250822,-739.1000000000001,-1.827917099470743
Google Search,2023-01-11,2951.81,208281,10475,9,0.0,121641,0,0.0502926335095375,0.0008591885441527,327.9788888888889,0.0,-2951.81,
Google Search,2023-01-12,788.6800000000001,63477,3618,189,1823.56,26384,2119,0.0569970225435984,0.0522388059701492,4.172910052910053,2.312167165390272,1034.88,0.5675053192656123
Google Search,2023-01-13,335.74,17669,753,0,0.0,7867,0,0.0426170128473597,0.0,,0.0,-335.74,
Google Search,2023-01-14,3240.85,277556,10288,90,844.33,117628,1056,0.0370663938088169,0.0087480559875583,36.00944444444444,0.2605273307928475,-2396.52,-2.838368884204044
Google Search,2023-01-15,444.33,47736,3259,140,4835.57,25608,0,0.0682713256242668,0.042957962565204,3.1737857142857147,10.882834829968717,4391.24,0.9081121770546182
Google Search,2023-01-16,1853.81,110288,4567,68,5255.91,62427,11565,0.041409763528217,0.0148894241296255,27.26191176470588,2.8351934664285983,3402.1,0.647290383587238
Google Search,2023-01-17,5994.9,465328,22489,246,30436.33,247602,20354,0.0483293504796616,0.0109386811329983,24.36951219512195,5.077037148242674,24441.43,0.8030347285628721
Google Search,2023-01-18,3318.58,220811,11480,10,0.0,114485,0,0.0519901635335196,0.0008710801393728,331.858,0.0,-3318.58,
Google Search,2023-01-19,1836.76,150005,8023,10,0.0,81291,0,0.0534848838372054,0.0012464165524118,183.676,0.0,-1836.76,
Google Search,2023-01-20,1689.92,99405,4377,28,1242.24,46885,3488,0.0440319903425381,0.0063970756225725,60.35428571428572,0.7350880515053967,-447.68000000000006,-0.3603812467800104
Google Search,2023-01-21,569.46,52542,3252,92,8609.17,27047,0,0.061893342468882,0.028290282902829,6.189782608695652,15.118129455975836,8039.71,0.9338542507582032
Google Search,2023-01-22,2195.12,165716,10784,220,25990.33,76407,0,0.0650751888773564,0.02040059347181,9.97781818181818,11.840049746710886,23795.21,0.9155408954022516
Google Search,2023-01-23,4022.15,238911,13421,254,8498.59,108154,18346,0.0561757307114364,0.018925564413978,15.835236220472442,2.1129470556791765,4476.4400000000005,0.5267273747762865
Google Search,2023-01-24,1007.35,80296,3459,26,384.03,59962,0,0.0430781109893394,0.0075166233015322,38.74423076923077,0.3812279743882463,-623.32,-1.6231023617946516
Google Search,2023-01-25,2869.84,278207,13013,294,7553.74,144139,0,0.0467745240055066,0.022592791823561,9.761360544217688,2.632111894739776,4683.9,0.6200769420181261
Google Search,2023-01-26,1980.35,125881,5067,10,168.86,61205,3984,0.0402523017770751,0.0019735543714229,198.035,0.08526775569975,-1811.49,-10.72776264361009
Google Search,2023-01-27,2887.95,167094,7258,22,1826.31,77325,5691,0.0434366284845655,0.0030311380545604,131.27045454545453,0.6323897574403989,-1061.64,-0.5813032836703517
Google Search,2023-01-28,387.97,31679,867,0,0.0,17009,3092,0.0273682881404084,0.0,,0.0,-387.97,
Google Search,2023-01-29,3390.1400000000003,260035,13358,323,27027.35,137638,1360,0.0513700078835541,0.0241802665069621,10.495789473684212,7.972340375323733,23637.210000000003,0.8745663189324888
Google Search,2023-01-30,3195.66,233258,15467,572,42798.380000000005,115729,0,0.0663085510464807,0.0369819615956552,5.586818181818182,13.392657541791056,39602.72,0.9253322205186272
Google Search,2023-01-31,4440.9,313099,14401,6,0.0,146606,4971,0.0459950367136273,0.0004166377334907,740.15,0.0,-4440.9,
Google Search,2023-02-01,4079.3,239430,10481,5,0.0,115882,3016,0.0437747984797226,0.0004770537162484,815.86,0.0,-4079.3,
Google Search,2023-02-02,1272.7,86346,4852,65,4247.1900000000005,45242,0,0.0561925277372431,0.013396537510305,19.58,3.3371493674864463,2974.4900000000007,0.700343050346229
Google Search,2023-02-03,1568.87,104545,4918,5,245.28,49490,4492,0.0470419436606246,0.0010166734444896,313.774,0.1563418256452096,-1323.59,-5.39624103065884
Google Search,2023-02-04,1505.25,101374,3898,36,2327.37,58974,1185,0.0384516739992503,0.0092355053873781,41.8125,1.5461684105630291,822.1199999999999,0.353239923175086
Google Search,2023-02-05,632.3199999999999,45635,2113,11,445.45,21689,0,0.0463021803440341,0.0052058684335068,57.48363636363636,0.7044692560728746,-186.86999999999995,-0.4195083623302277
Google Search,2023-02-06,3108.76,174983,9515,419,25129.58,66708,0,0.0543767108804855,0.044035733053074,7.41947494033413,8.083473796626306,22020.82,0.8762908094763224
Google Search,2023-02-07,790.53,44843,2848,60,2548.57,23111,0,0.0635104698615168,0.021067415730337,13.1755,3.22387512175376,1758.0399999999995,0.6898142880124932
Google Search,2023-02-08,1078.84,74007,4044,30,368.16,47052,1306,0.0546434796708419,0.0074183976261127,35.961333333333336,0.3412554224908234,-710.6800000000001,-1.9303563667970447
Google Search,2023-02-09,3988.58,244790,10686,16,1113.31,124346,12232,0.0436537440254912,0.001497286168819,249.28625,0.2791244001624638,-2875.27,-2.5826319713287407
Google Search,2023-02-10,1160.93,75695,3511,5,288.89,43284,12175,0.0463835127815575,0.0014240956992309,232.186,0.2488435995279646,-872.0400000000001,-3.018588390044654
Google Search,2023-02-11,760.91,40425,2050,2,0.0,17111,0,0.0507111935683364,0.0009756097560975,380.455,0.0,-760.91,
Google Search,2023-02-12,6298.06,515332,20160,53,1957.95,278039,26907,0.0391204116957611,0.0026289682539682,118.83132075471696,0.3108814460325878,-4340.11,-2.2166602824382644
Google Search,2023-02-13,1199.49,83974,3834,3,0.0,35254,3991,0.0456569890680448,0.0007824726134585,399.83,0.0,-1199.49,
Google Search,2023-02-14,4384.93,320835,13806,31,2063.29,176457,23184,0.0430314647716115,0.0022454005504852,141.4493548387097,0.4705411488894919,-2321.6400000000003,-1.1252126458229337
Google Search,2023-02-15,1821.86,135339,8741,333,13039.98,64315,0,0.0645859656122773,0.0380963276512984,5.471051051051052,7.157509358567617,11218.12,0.8602865955315881
Google Search,2023-02-16,903.36,109855,4451,7,0.0,57173,0,0.0405170451959401,0.0015726802965625,129.05142857142857,0.0,-903.36,
Google Search,2023-02-17,7471.88,673106,39265,1504,70690.04000000001,321990,0,0.058334051397551,0.0383038329300904,4.968005319148936,9.460810398453935,63218.16000000001,0.8943008095624221
Google Search,2023-02-18,893.52,50356,2386,11,86.49,26783,6088,0.0473826356342838,0.0046102263202011,81.22909090909091,0.0967969379532635,-807.03,-9.330905306971903
Google Search,2023-02-19,1512.45,132664,7936,22,1840.52,70531,6712,0.059820297895435,0.0027721774193548,68.74772727272727,1.2169129558001917,328.06999999999994,0.1782485384565231
Google Search,2023-02-20,4006.05,312210,14509,18,521.35,166285,19628,0.046471925947279,0.0012406092770004,222.5583333333333,0.1301406622483493,-3484.7000000000003,-6.683993478469358
Google Search,2023-02-21,4888.99,341270,17926,437,21100.05,174031,10652,0.0525273244058956,0.0243779984380229,11.18762013729977,4.315830058969235,16211.06,0.7682948618605169
Google Search,2023-02-22,2584.87,166711,7205,14,755.45,77863,0,0.0432185038779684,0.001943095072866,184.63357142857143,0.2922584114481579,-1829.42,-2.421629492355549
Google Search,2023-02-23,525.9,39444,1983,67,2369.46,20978,291,0.0502738059020383,0.0337871911245587,7.849253731343283,4.505533371363377,1843.56,0.778050695095085
Google Search,2023-02-24,1473.69,110727,3541,52,594.7,56560,1797,0.0319795533158127,0.0146851171985314,28.34019230769231,0.4035448432166874,-878.99,-1.4780393475702034
Google Search,2023-02-25,3965.97,405821,18168,9,0.0,192541,0,0.0447685063118961,0.0004953764861294,440.66333333333336,0.0,-3965.97,
Google Search,2023-02-26,405.13,18436,695,0,0.0,10356,0,0.037697982208722,0.0,,0.0,-405.13,
Google Search,2023-02-27,1749.56,146810,5521,10,666.81,63469,1723,0.0376064300796948,0.0018112660749864,174.956,0.3811301127140538,-1082.75,-1.6237758881840405
Google Search,2023-02-28,1657.2,184195,5377,22,2582.84,96517,30804,0.0291918890306468,0.0040915008368978,75.32727272727273,1.5585566014965002,925.64,0.3583806972170169
Google Search,2023-03-01,2684.81,167535,11005,129,5014.34,84539,0,0.065687766735309,0.0117219445706497,20.81248062015504,1.8676703379382529,2329.53,0.4645736029068631
Google Search,2023-03-02,2100.17,133190,6273,64,4813.9800000000005,67823,666,0.047098130490277,0.0102024549657261,32.81515625,2.2921858706676126,2713.8100000000004,0.5637352045500813
Google Search,2023-03-03,2248.33,170818,7813,24,514.77,90920,31788,0.0457387394771042,0.0030718034045821,93.68041666666666,0.2289566033455942,-1733.56,-3.367639916856072
Google Search,2023-03-04,3851.3,273947,15846,124,6669.03,143631,2792,0.0578433054568949,0.0078253186924144,31.05887096774193,1.7316308778853893,2817.73,0.4225097203041521
Google Search,2023-03-05,3465.58,239785,13576,191,16226.56,106798,0,0.0566173864086577,0.0140689451974071,18.144397905759163,4.682206153082601,12760.98,0.7864254654097973
Google Search,2023-03-06,727.28,48816,2138,3,0.0,23647,0,0.0437971156997705,0.0014031805425631,242.42666666666665,0.0,-727.28,
Google Search,2023-03-07,1564.61,116497,6073,5,0.0,71127,2463,0.052130097770758,0.0008233163181294,312.922,0.0,-1564.61,
Google Search,2023-03-08,1804.92,144713,7755,253,3461.58,79532,8324,0.0535888275414095,0.0326241134751773,7.134071146245059,1.917857855195798,1656.66,0.4785849236475828
Google Search,2023-03-09,4078.57,301855,19340,642,80709.03,146407,21666,0.0640704974242599,0.033195449844881,6.352912772585669,19.78856069651864,76630.45999999999,0.9494657537081042
Google Search,2023-03-10,1818.7,103523,5787,202,8604.029999999999,43924,0,0.0559006211180124,0.0349058233972697,9.003465346534654,4.730868202562269,6785.329999999999,0.7886223083833971
Google Search,2023-03-11,2279.62,228744,11846,45,558.87,95703,36187,0.0517871507012205,0.0037987506331251,50.65822222222222,0.245159280932787,-1720.75,-3.0789808005439547
Google Search,2023-03-12,2331.44,151165,6939,6,0.0,73043,1586,0.0459034829490953,0.0008646779074794,388.5733333333333,0.0,-2331.44,
Google Search,2023-03-13,1088.93,61322,3266,24,2407.14,33868,606,0.0532598414924496,0.0073484384568279,45.372083333333336,2.21055531576869,1318.2099999999998,0.5476249823441927
Google Search,2023-03-14,7902.2,560191,30024,30,300.38,280063,57664,0.0535960056480736,0.0009992006394884,263.40666666666664,0.0380121991344182,-7601.82,-25.3073440308942
Google Search,2023-03-15,3353.94,193940,14556,311,24523.67,108779,0,0.075054140455811,0.0213657598241275,10.784372990353695,7.311898841362695,21169.73,0.8632366199675661
Google Search,2023-03-16,3939.96,328600,21269,312,24826.03,163093,0,0.0647261107729762,0.0146692369175795,12.628076923076923,6.301086813064091,20886.07,0.8412972190881909
Google Search,2023-03-17,1835.36,100677,4726,72,2998.71,55670,0,0.0469422012972178,0.0152348709267879,25.49111111111112,1.6338538488361956,1163.35,0.3879501518986497
Google Search,2023-03-18,238.23,25157,1171,1,0.0,11139,1585,0.0465476805660452,0.0008539709649871,238.23,0.0,-238.23,
Google Search,2023-03-19,3242.44,193861,9152,70,2114.24,103032,9364,0.0472090827964366,0.0076486013986013,46.32057142857143,0.6520521582511934,-1128.2000000000005,-0.5336196458301803
Google Search,2023-03-20,348.51,34887,1798,0,0.0,20314,0,0.0515378221113881,0.0,,0.0,-348.51,
Google Search,2023-03-22,2176.01,195598,9891,247,9865.25,87798,11275,0.0505680017178089,0.0249721969467192,8.809757085020244,4.533641849072384,7689.24,0.7794267758039584
Google Search,2023-03-23,4596.25,349677,16088,93,1000.85,172860,26642,0.0460081732570343,0.00578070611636,49.42204301075269,0.2177536034810987,-3595.4,-3.59234650547035
Google Search,2023-03-24,3856.21,298735,11387,13,339.37,129155,27187,0.0381173950156493,0.0011416527619214,296.63153846153847,0.0880060992528933,-3516.84,-10.362848808085571
Google Search,2023-03-25,1632.11,124225,8391,161,4038.93,47587,0,0.0675467900986113,0.0191872244071028,10.137329192546584,2.4746677613641235,2406.82,0.5959053511697404
Google Search,2023-03-26,2025.62,201150,14518,105,4702.57,134224,4754,0.072174993785732,0.0072324011571841,19.291619047619047,2.32154599579388,2676.95,0.5692525576440117
Google Search,2023-03-27,3222.43,255650,12561,7,0.0,122664,46693,0.0491335810678662,0.0005572804713,460.3471428571429,0.0,-3222.43,
Google Search,2023-03-28,2647.21,177020,9305,131,5623.43,80194,12714,0.052564681956841,0.014078452444922,20.20770992366412,2.12428556857975,2976.2200000000003,0.5292534983097504
Google Search,2023-03-29,2075.8,212867,10108,64,2244.17,126771,28486,0.0474850493500636,0.0063316185199841,32.434375,1.0811108970035648,168.3699999999999,0.0750255105451012
Google Search,2023-03-30,1988.02,158811,7219,180,16847.15,73473,0,0.0454565489796046,0.024934201412938,11.044555555555556,8.474336274282956,14859.13,0.881996658188477
Google Search,2023-03-31,2293.64,160821,10799,354,11644.6,96308,0,0.0671491907151429,0.0327808130382442,6.479209039548023,5.076908320399016,9350.96,0.8030297305188672
Google Search,2023-04-01,3075.12,213777,12871,160,19501.97,108622,8831,0.0602075995078984,0.0124310465387304,19.2195,6.341856577954682,16426.850000000002,0.8423174684403679
Google Search,2023-04-02,812.03,71012,2538,54,517.24,35581,2430,0.0357404382357911,0.0212765957446808,15.037592592592592,0.6369715404603279,-294.79,-0.5699288531436083
Google Search,2023-04-03,2686.85,239207,12489,8,0.0,128898,2656,0.0522100105766135,0.0006405636960525,335.85625,0.0,-2686.85,
Google Search,2023-04-04,712.5,46530,2712,99,5024.83,25607,0,0.0582849774339136,0.036504424778761,7.196969696969697,7.052392982456141,4312.33,0.858204158150624
Google Search,2023-04-05,2270.52,139479,8154,283,23006.68,63930,1910,0.0584604133955649,0.0347068923227863,8.02303886925795,10.132780156087591,20736.16,0.9013104020223692
Google Search,2023-04-06,120.89,10723,752,6,505.42,5727,0,0.0701296279026391,0.0079787234042553,20.148333333333333,4.180825543882869,384.53,0.7608127893633019
Google Search,2023-04-07,911.46,72142,4081,30,3222.48,40848,1888,0.0565689889384824,0.0073511394266111,30.382,3.5355144493450066,2311.02,0.7171557309897967
Google Search,2023-04-08,2025.39,147891,8445,115,6689.82,85115,0,0.0571028663001805,0.0136175251628182,17.61208695652174,3.302978685586479,4664.429999999999,0.6972429751473134
Google Search,2023-04-09,1425.31,104926,4859,228,7778.33,60819,0,0.0463088271734365,0.0469232352335871,6.251359649122807,5.457289993054143,6353.02,0.8167588672632815
Google Search,2023-04-10,2455.65,173699,10310,215,10118.65,99091,0,0.0593555518454337,0.0208535402521823,11.421627906976743,4.120558711542769,7663.0,0.7573144638859928
Google Search,2023-04-11,2146.57,180831,6473,66,2487.11,78024,28312,0.0357958535870508,0.0101961995983315,32.52378787878788,1.158643789860102,340.5399999999995,0.1369219696756474
Google Search,2023-04-12,996.2,84546,5522,7,314.58,40839,552,0.0653135571168358,0.0012676566461427,142.31428571428572,0.3157799638626781,-681.6200000000001,-2.1667620319155705
Google Search,2023-04-13,1451.57,99070,4754,77,770.88,55423,0,0.047986272332694,0.0161968868321413,18.85155844155844,0.5310663626280511,-680.6899999999999,-0.8830038397675384
Google Search,2023-04-14,1741.75,120497,6093,127,7017.16,59849,0,0.0505655742466617,0.0208435910060725,13.714566929133856,4.028798622075499,5275.41,0.751787047751512
Google Search,2023-04-15,3433.85,319261,15474,102,7444.74,151236,34621,0.0484681812059725,0.0065917022101589,33.66519607843137,2.168044614645369,4010.89,0.5387548792838971
Google Search,2023-04-16,1500.86,84328,5776,129,12648.55,45155,0,0.0684944502419125,0.0223337950138504,11.634573643410851,8.427534880002133,11147.69,0.8813413395211308
Google Search,2023-04-17,2332.62,244732,8866,3,0.0,121765,0,0.0362273834234999,0.0003383713061132,777.54,0.0,-2332.62,
Google Search,2023-04-18,1122.34,76257,3282,67,1626.75,47860,1012,0.0430386718596325,0.0204143814747105,16.75134328358209,1.449427089830176,504.4099999999999,0.3100722299062547
Google Search,2023-04-19,1856.53,171653,9871,22,0.0,79373,11111,0.0575055489854532,0.002228750886435,84.38772727272728,0.0,-1856.53,
Google Search,2023-04-20,1752.92,118714,7412,165,6411.37,54904,13605,0.0624357700018531,0.0222611980572045,10.623757575757576,3.65753713803254,4658.45,0.7265919764418525
Google Search,2023-04-21,550.66,39348,1783,0,0.0,21912,1899,0.0453136118735386,0.0,,0.0,-550.66,
Google Search,2023-04-22,3529.03,308350,13927,339,6725.24,171373,4515,0.0451662072320415,0.0243412077259998,10.410117994100297,1.90569079888808,3196.21,0.4752559016481196
Google Search,2023-04-23,2722.58,192262,6593,5,0.0,94012,0,0.034291747719258,0.0007583801001061,544.516,0.0,-2722.58,
Google Search,2023-04-24,1016.97,87177,4253,8,0.0,41178,0,0.0487858035949849,0.0018810251587114,127.12125,0.0,-1016.97,
Google Search,2023-04-25,3526.86,264775,16785,394,48317.31,124138,0,0.063393447266547,0.0234733392910336,8.951421319796955,13.6998094622412,44790.45,0.927006284083282
Google Search,2023-04-26,2971.9700000000003,177875,8713,55,2345.11,87398,0,0.0489838369641602,0.0063124067485366,54.035818181818186,0.7890759327987833,-626.8600000000001,-0.2673051583934229
Google Search,2023-04-27,5674.04,426646,22837,536,27169.39,245538,11267,0.0535268114549298,0.0234706835398695,10.58589552238806,4.788367723879282,21495.35,0.7911605670940717
Google Search,2023-04-28,642.37,41481,3382,118,3480.69,15457,0,0.081531303488344,0.0348905972797161,5.443813559322034,5.418512695175678,2838.32,0.8154475118439161
Google Search,2023-04-29,2529.9,168674,9501,334,26583.7,72549,741,0.0563275905000177,0.0351541942953373,7.574550898203593,10.507806632673228,24053.8,0.9048326606153394
Google Search,2023-04-30,309.05,27639,1134,0,0.0,15731,4087,0.0410289807880169,0.0,,0.0,-309.05,
Google Search,2023-05-01,2550.29,233854,11468,175,14671.55,121045,0,0.0490391440813499,0.0152598535054063,14.573085714285714,5.7528947688302114,12121.259999999998,0.826174466910449
Google Search,2023-05-02,2352.21,163330,7947,74,2584.2,89171,0,0.0486560950223474,0.0093116899458915,31.786621621621624,1.098626398153226,231.98999999999972,0.0897724634316228
Google Search,2023-05-03,2539.86,129980,5081,26,321.79,66960,2285,0.0390906293275888,0.0051171029324936,97.68692307692308,0.1266959596198215,-2218.07,-6.892911526150594
Google Search,2023-05-04,5882.82,443913,16891,22,1318.6,255274,44398,0.0380502485847452,0.001302468770351,267.40090909090907,0.2241442029502857,-4564.219999999999,-3.461413620506597
Google Search,2023-05-05,2573.13,138434,8609,358,10379.49,64121,14496,0.062188479708742,0.041584388430712,7.187513966480447,4.033799302794651,7806.36,0.7520947561007333
Google Search,2023-05-06,2739.99,194139,9510,283,15793.78,96298,0,0.0489855206836338,0.0297581493165089,9.681943462897523,5.764174321804095,13053.79,0.8265146152472682
Google Search,2023-05-07,656.49,44871,3060,102,6521.36,27134,3942,0.0681954937487464,0.0333333333333333,6.436176470588236,9.933677588386722,5864.87,0.8993323478538219
Google Search,2023-05-08,461.22,25894,2097,154,6646.21,9630,0,0.0809840117401714,0.0734382451120648,2.994935064935065,14.410064611248428,6184.99,0.930604058553672
Google Search,2023-05-09,2270.02,160992,9940,22,587.97,90624,0,0.0617421983701053,0.0022132796780684,103.18272727272728,0.2590153390719024,-1682.05,-2.860775209619538
Google Search,2023-05-10,2704.34,188856,9342,35,3093.78,75187,15560,0.0494662600076248,0.0037465210875615,77.26685714285715,1.1440055614308853,389.44000000000005,0.1258783753208049
Google Search,2023-05-11,2077.66,160832,9718,179,3044.37,92443,3882,0.0604232988460008,0.018419427865816,11.607039106145251,1.4652878719328477,966.71,0.317540246422084
Google Search,2023-05-12,3564.17,265809,11647,141,8096.620000000001,131664,0,0.0438171769955118,0.0121061217480896,25.277801418439715,2.271670543212024,4532.450000000001,0.5597953219985624
Google Search,2023-05-13,3678.63,308491,15357,11,0.0,161802,4588,0.0497810308890697,0.0007162857328905,334.4209090909091,0.0,-3678.63,
Google Search,2023-05-14,302.34,32542,1820,3,0.0,18256,0,0.0559277241718394,0.0016483516483516,100.78,0.0,-302.34,
Google Search,2023-05-15,1634.27,151787,10136,332,48670.4,69471,0,0.066777787294037,0.0327545382794001,4.9225,29.78112551781529,47036.130000000005,0.9664216854597456
Google Search,2023-05-16,2343.98,151710,8602,311,9313.1,76261,2697,0.0567002834355019,0.0361543827016972,7.536913183279743,3.9731994300292666,6969.120000000001,0.7483136656967069
Google Search,2023-05-17,462.21,25391,1897,32,4223.98,14197,0,0.0747115119530542,0.0168687401159725,14.4440625,9.138659916488177,3761.77,0.8905747659790055
Google Search,2023-05-18,1763.2,120193,7491,60,446.07,48660,0,0.0623247610093765,0.0080096115338406,29.386666666666667,0.2529888838475499,-1317.13,-2.9527428430515394
Google Search,2023-05-19,3207.44,255856,12524,288,5447.52,142487,5249,0.0489494090425864,0.0229958479718939,11.136944444444444,1.6984012171700795,2240.0800000000004,0.4112109730666432
Google Search,2023-05-20,2034.96,161359,12278,9,0.0,82193,0,0.0760912003668837,0.0007330184069066,226.10666666666668,0.0,-2034.96,
Google Search,2023-05-21,1864.36,149487,8576,167,5034.15,85351,0,0.0573695371503876,0.019472947761194,11.163832335329342,2.7002027505417403,3169.7899999999995,0.6296574396869382
Google Search,2023-05-22,1571.01,134472,7776,183,5151.01,70817,0,0.0578261645547028,0.0235339506172839,8.584754098360655,3.2787888046543308,3580.0,0.6950093282676602
Google Search,2023-05-23,1620.98,81377,6959,334,4139.41,38239,4325,0.0855155633655701,0.0479954016381664,4.853233532934132,2.5536465594887043,2518.43,0.6084031299146496
Google Search,2023-05-24,2542.23,162347,6819,38,510.53,82183,11656,0.042002624009067,0.0055726646135797,66.90078947368421,0.2008197527367704,-2031.7,-3.979589838011479
Google Search,2023-05-25,2306.6800000000003,109150,5703,11,634.1,47581,2103,0.0522491983508932,0.0019288093985621,209.69818181818184,0.2748972549291622,-1672.5800000000004,-2.6377227566629875
Google Search,2023-05-26,720.1600000000001,38011,1495,13,960.04,17297,4877,0.039330720054721,0.008695652173913,55.39692307692308,1.333092646078649,239.87999999999988,0.2498645889754592
Google Search,2023-05-27,1110.06,90528,4778,135,2488.51,39339,4417,0.0527792506185931,0.0282544997907074,8.222666666666667,2.241779723618543,1378.4499999999998,0.5539258431752333
Google Search,2023-05-28,3480.47,236208,9429,5,0.0,136361,31844,0.0399182076813655,0.0005302789267154,696.0939999999999,0.0,-3480.47,
Google Search,2023-05-29,2718.04,157198,8337,54,1017.28,69833,6108,0.0530350258909146,0.0064771500539762,50.33407407407408,0.3742696943385675,-1700.76,-1.6718700849323689
Google Search,2023-05-30,2717.67,211536,11624,294,20386.74,90964,0,0.0549504576053248,0.0252924982794218,9.24377551020408,7.501550960933447,17669.07,0.8666942336047843
Google Search,2023-05-31,5521.07,375397,16536,15,0.0,186003,8080,0.0440493664041001,0.0009071117561683,368.0713333333333,0.0,-5521.07,
Google Search,2023-06-01,1141.22,94824,4835,158,9185.53,54860,6838,0.0509892010461486,0.0326783867631851,7.222911392405064,8.048868754490806,8044.309999999999,0.8757589382430845
Google Search,2023-06-02,4681.0,327469,16357,495,29960.67,128513,6591,0.0499497662374148,0.0302622730329522,9.456565656565656,6.400484939115574,25279.67,0.8437618384368574
Google Search,2023-06-03,731.23,67547,3275,11,754.49,35404,0,0.0484847587605667,0.0033587786259541,66.47545454545455,1.031809417009696,23.25999999999999,0.0308287717531047
Google Search,2023-06-04,1022.83,72760,4323,111,9672.35,34008,0,0.0594145134689389,0.025676613462873,9.214684684684686,9.456459040114192,8649.519999999999,0.8942521724296577
Google Search,2023-06-05,1719.9499999999998,122313,6216,9,58.41,73546,0,0.0508204360942827,0.0014478764478764,191.10555555555555,0.0339602895433006,-1661.5399999999995,-28.446156480054785
Google Search,2023-06-06,3415.62,275840,12139,11,0.0,135981,2414,0.0440073955916473,0.0009061701952384,310.5109090909091,0.0,-3415.62,
Google Search,2023-06-07,5599.8,431505,22645,21,0.0,259227,34274,0.0524791137993766,0.0009273570324574,266.65714285714284,0.0,-5599.8,
Google Search,2023-06-08,1765.15,115419,5103,46,3251.76,54203,4340,0.0442128245782756,0.0090143053106016,38.37282608695652,1.8422003795711408,1486.61,0.4571708859202401
Google Search,2023-06-09,3231.88,256608,12111,144,9093.58,129120,9814,0.0471965020576131,0.0118900173396086,22.44361111111111,2.8137121427775784,5861.7,0.6445976172200607
Google Search,2023-06-10,3387.12,235558,11974,42,3464.74,144414,981,0.0508324913609387,0.0035075997995657,80.64571428571428,1.0229162238125606,77.62000000000035,0.0224028354219942
Google Search,2023-06-11,280.07,21454,642,0,0.0,11537,0,0.0299244896056679,0.0,,0.0,-280.07,
Google Search,2023-06-12,1806.17,92623,4473,4,0.0,40437,3306,0.0482925407296243,0.0008942544153811,451.5425,0.0,-1806.17,
Google Search,2023-06-13,738.27,52982,4354,170,10989.48,30208,0,0.0821788531954248,0.0390445567294441,4.342764705882352,14.88544841318217,10251.21,0.9328202972297142
Google Search,2023-06-14,3961.24,328523,14764,183,2842.1400000000003,169464,19033,0.0449405368878282,0.0123950149011108,21.646120218579235,0.7174874534236756,-1119.0999999999997,-0.393752594875692
Google Search,2023-06-15,601.13,40959,1897,27,948.92,17382,2551,0.046314607290217,0.0142329994728518,22.26407407407408,1.5785603779548516,347.79,0.366511402436454
Google Search,2023-06-16,2175.24,187722,9735,172,22085.84,79369,612,0.0518585994182887,0.0176682074987159,12.64674418604651,10.153288832496646,19910.6,0.9015097456107622
Google Search,2023-06-17,2351.87,165457,9479,331,17410.23,71774,833,0.0572898094368929,0.0349192952843126,7.1053474320241685,7.402717837295427,15058.36,0.8649144784416979
Google Search,2023-06-18,3883.67,226200,11515,140,16959.399999999998,120132,5264,0.0509062776304155,0.0121580547112462,27.7405,4.366848882629059,13075.729999999998,0.7710019222378149
Google Search,2023-06-19,2276.9,207115,13400,381,32471.75,80415,3350,0.0646983559858049,0.0284328358208955,5.976115485564304,14.261386095129344,30194.85,0.9298805885115524
Google Search,2023-06-20,2596.69,252961,11333,177,6770.36,105469,17164,0.0448013725435936,0.0156181064148945,14.670564971751412,2.607303913828759,4173.67,0.6164620492854147
Google Search,2023-06-21,2926.31,204773,9762,8,0.0,103724,1336,0.0476723005474354,0.000819504199959,365.78875,0.0,-2926.31,
Google Search,2023-06-22,3086.13,301397,14577,211,11517.28,162559,26142,0.048364781334917,0.0144748576524662,14.626208530805688,3.731949075379196,8431.149999999998,0.7320435033271744
Google Search,2023-06-23,2804.13,214696,9400,12,446.2,112745,34523,0.0437828371278458,0.0012765957446808,233.6775,0.1591224372621811,-2357.9300000000003,-5.284468848050203
Google Search,2023-06-24,809.82,37372,1955,32,3933.86,18039,548,0.0523118912554853,0.0163682864450127,25.306875,4.8576967721222,3124.04,0.794141123476687
Google Search,2023-06-25,4299.33,336282,13376,28,1804.72,150426,10033,0.0397761402632314,0.0020933014354066,153.5475,0.4197677312511484,-2494.61,-1.38226982579015
Google Search,2023-06-26,2146.8,175759,11199,29,2361.61,91544,30198,0.0637179319408963,0.0025895169211536,74.02758620689656,1.1000605552450158,214.81,0.0909591338112558
Google Search,2023-06-27,5785.59,420075,18463,46,2719.34,254270,5098,0.043951675296078,0.0024914694253371,125.77369565217391,0.4700194794307927,-3066.25,-1.1275713960005
Google Search,2023-06-28,2146.05,188324,12041,428,10579.3,106918,1157,0.0639376818674199,0.0355452204966364,5.014135514018692,4.929661471074764,8433.25,0.7971463140283385
Google Search,2023-06-29,2064.11,119940,4869,4,0.0,54403,0,0.0405952976488244,0.0008215239268843,516.0275,0.0,-2064.11,
Google Search,2023-06-30,4264.389999999999,346403,15313,205,2380.27,148930,11843,0.0442057372482339,0.0133873179651276,20.80190243902439,0.5581736192046225,-1884.12,-0.7915572603108049
Google Search,2023-07-01,653.3199999999999,47725,2768,4,391.48,31248,2459,0.0579989523310633,0.0014450867052023,163.32999999999998,0.5992163105369498,-261.8399999999999,-0.6688464289363439
Google Search,2023-07-02,284.57,26059,999,25,367.85,13513,1131,0.0383360835028205,0.025025025025025,11.3828,1.292652071546544,83.28000000000003,0.2263966290607585
Google Search,2023-07-03,1640.7700000000002,97538,4996,95,1177.0500000000002,40676,1368,0.0512210625602329,0.0190152121697357,17.27126315789474,0.7173765975730907,-463.72,-0.3939679707743935
Google Search,2023-07-04,2847.15,191483,9342,189,15503.2,100137,6820,0.048787620833181,0.0202312138728323,15.064285714285717,5.445164462708322,12656.05,0.8163508178956603
Google Search,2023-07-05,2919.25,189339,7335,21,277.86,88433,9843,0.0387400377101389,0.0028629856850715,139.01190476190476,0.095181981673375,-2641.39,-9.506190167710356
Google Search,2023-07-06,1833.6000000000004,145563,6237,19,1080.65,77575,11671,0.0428474268873271,0.0030463363796697,96.50526315789476,0.5893597294938917,-752.9500000000003,-0.6967565816869479
Google Search,2023-07-07,624.01,43578,1608,2,0.0,19761,0,0.036899352884483,0.0012437810945273,312.005,0.0,-624.01,
Google Search,2023-07-08,1224.5700000000002,135391,8423,6,0.0,83067,0,0.0622124070285321,0.0007123352724682,204.09500000000003,0.0,-1224.5700000000002,
Google Search,2023-07-09,3467.0,332837,13118,30,2267.85,140957,52450,0.0394126854886926,0.002286933983839,115.56666666666666,0.6541246034035189,-1199.15,-0.5287607205062064
Google Search,2023-07-10,731.1300000000001,41623,1964,38,818.03,21198,0,0.0471854503519688,0.0193482688391038,19.24026315789474,1.118857111594381,86.89999999999986,0.1062308228304583
Google Search,2023-07-11,3251.82,248697,14402,435,23921.34,149042,0,0.0579098260131807,0.030204138314123,7.475448275862068,7.3562927837334176,20669.52,0.8640619630840078
Google Search,2023-07-12,2146.82,176136,8012,21,1654.03,87606,9783,0.0454875777808057,0.0026210683974038,102.2295238095238,0.7704558370054312,-492.7900000000002,-0.2979329274559713
Google Search,2023-07-13,868.12,55224,3199,29,2696.44,28017,1733,0.0579277125887295,0.0090653329165364,29.935172413793104,3.106068285490485,1828.32,0.6780495764786163
Google Search,2023-07-14,1891.03,109817,6937,136,7844.59,50157,0,0.0631687261535099,0.0196050165777713,13.904632352941176,4.148315997102109,5953.56,0.7589383256486317
Google Search,2023-07-15,3140.71,211470,11414,433,13090.92,132892,2997,0.0539745590391072,0.0379358682319957,7.25337182448037,4.168140324958369,9950.21,0.7600848527070672
Google Search,2023-07-16,1650.88,105867,3919,29,2416.29,45492,0,0.037018145408862,0.0073998468997193,56.92689655172414,1.4636375751114556,765.4099999999999,0.3167707518551166
Google Search,2023-07-17,4082.19,268252,11757,222,21804.35,154890,18626,0.0438281914021144,0.0188823679510079,18.388243243243245,5.341336390515876,17722.160000000003,0.812780935914164
Google Search,2023-07-18,1814.8,149905,8681,152,13762.14,70784,12430,0.0579100096727927,0.0175095035134201,11.939473684210526,7.583281904342076,11947.34,0.8681309738165722
Google Search,2023-07-19,1370.08,138104,5607,16,1589.57,73452,0,0.0405998378033945,0.0028535758872837,85.63,1.160202323951886,219.49,0.1380813679171096
Google Search,2023-07-20,2074.05,162426,8975,65,5299.01,86205,1751,0.0552559319320798,0.007242339832869,31.90846153846154,2.554909476627853,3224.96,0.6085967001383277
Google Search,2023-07-21,1491.55,76018,4072,143,9244.82,32544,0,0.0535662606224841,0.0351178781925343,10.43041958041958,6.198129462639536,7753.269999999999,0.8386610015121981
Google Search,2023-07-22,3740.89,275921,11420,25,337.99,148471,13049,0.0413886583478604,0.0021891418563922,149.6356,0.0903501573155051,-3402.9000000000005,-10.068049350572505
Google Search,2023-07-23,459.85,34024,1871,78,3659.07,12610,0,0.0549905948742064,0.0416889363976483,5.89551282051282,7.957094704795042,3199.2200000000003,0.8743259899373338
Google Search,2023-07-24,857.69,47012,2370,23,493.99,22401,0,0.0504126605972943,0.0097046413502109,37.29086956521739,0.575954016019774,-363.7000000000001,-0.7362497216542846
Google Search,2023-07-25,1885.81,151344,9392,402,5306.64,76656,0,0.0620572999259964,0.0428023850085178,4.6910696517412935,2.8139844416987927,3420.8300000000004,0.6446320082010463
Google Search,2023-07-26,315.19,25976,1140,11,97.67,14816,0,0.0438866646134893,0.0096491228070175,28.65363636363636,0.3098765823788826,-217.52,-2.2270912255554416
Google Search,2023-07-27,1556.85,88258,4670,112,4441.06,41433,0,0.0529130503750368,0.0239828693790149,13.900446428571428,2.852593377653595,2884.21,0.6494417999306472
Google Search,2023-07-28,1780.42,103146,5055,40,867.4,45941,0,0.049008201966145,0.0079129574678536,44.5105,0.4871884162163983,-913.02,-1.052593958957805
Google Search,2023-07-29,1828.82,107888,4994,25,198.89,52823,0,0.0462887438825448,0.0050060072086503,73.1528,0.1087531851138985,-1629.9299999999998,-8.195132988083865
Google Search,2023-07-30,3242.95,314760,14191,14,0.0,133444,0,0.0450851442368788,0.0009865407652737,231.6392857142857,0.0,-3242.95,
Google Search,2023-07-31,1548.63,133036,6621,82,3154.91,75857,0,0.0497684837186926,0.0123848361274731,18.88573170731707,2.037226451767046,1606.28,0.509136552231284
Google Search,2023-08-01,2372.3,155023,11703,399,26229.58,61623,0,0.0754920237642156,0.0340938220968982,5.945614035087719,11.05660329637904,23857.28,0.9095563100896012
Google Search,2023-08-02,960.74,79569,4140,55,1821.96,40134,2345,0.0520303133129736,0.0132850241545893,17.468,1.8964131815059224,861.22,0.4726887527717403
Google Search,2023-08-03,1250.31,125039,5839,90,10230.28,58112,7806,0.0466974304017146,0.015413598218873,13.892333333333331,8.18219481568571,8979.970000000001,0.8777834037778047
Google Search,2023-08-04,927.33,64954,2622,63,3321.78,34116,0,0.040367028974351,0.0240274599542334,14.719523809523809,3.5820905179385982,2394.4500000000003,0.7208334085941875
Google Search,2023-08-05,1363.71,116960,6015,62,4589.55,54215,15078,0.0514278385772913,0.0103075644222776,21.99532258064516,3.365488263633764,3225.84,0.7028662940811191
Google Search,2023-08-06,2223.6,185789,10203,26,668.69,90020,0,0.0549171371825027,0.0025482701166323,85.52307692307691,0.3007240510883253,-1554.91,-2.325307691157337
Google Search,2023-08-07,2386.57,162260,9083,195,7501.599999999999,80394,860,0.055978059903858,0.0214686777496421,12.238820512820514,3.143255802260147,5115.029999999999,0.6818585368454728
Google Search,2023-08-08,3045.0,243120,13863,224,10815.79,109955,32493,0.0570212240868706,0.0161581187333189,13.59375,3.5519835796387524,7770.790000000001,0.7184671669845661
Google Search,2023-08-09,651.0999999999999,45896,3179,83,7426.87,19552,0,0.0692652954505839,0.0261088392576281,7.844578313253011,11.406650284134544,6775.77,0.9123318436972776
Google Search,2023-08-10,4711.610000000001,330511,16570,171,7722.5,165136,9941,0.050134488715958,0.0103198551599275,27.55327485380117,1.6390363378972366,3010.8899999999994,0.3898853998057623
Google Search,2023-08-11,3451.7000000000003,248931,12342,146,6675.36,109029,693,0.049580004097521,0.0118295251985091,23.64178082191781,1.93393400353449,3223.6599999999994,0.4829192732676589
Google Search,2023-08-12,1757.84,121598,5714,117,12980.02,72210,7082,0.0469909044556653,0.02047602380119,15.024273504273506,7.384073635825785,11222.179999999998,0.8645733981919904
Google Search,2023-08-13,3844.21,295656,12907,51,1589.17,161488,0,0.0436554644586952,0.0039513442318121,75.37666666666667,0.4133931288873397,-2255.04,-1.4190048893447522
Google Search,2023-08-14,1837.89,152810,5473,3,0.0,76930,24248,0.0358157188665663,0.000548145441257,612.63,0.0,-1837.89,
Google Search,2023-08-15,1548.88,87381,4719,118,13931.96,50129,0,0.0540048752017028,0.0250052977325704,13.126101694915254,8.99486080264449,12383.079999999998,0.8888254057576966
Google Search,2023-08-16,1663.31,128573,5693,12,939.74,57753,8327,0.0442783477090835,0.0021078517477604,138.60916666666665,0.5649818734932154,-723.5699999999999,-0.7699682891012407
Google Search,2023-08-17,1665.11,113758,7560,35,1800.35,63807,0,0.0664568645721619,0.0046296296296296,47.57457142857143,1.0812198593486315,135.23999999999978,0.075118726914211
Google Search,2023-08-18,2213.76,151592,8205,134,8324.89,84026,0,0.0541255475222966,0.0163315051797684,16.52059701492537,3.760520562301243,6111.129999999999,0.7340793692168905
Google Search,2023-08-19,1130.56,60451,3154,13,671.27,28549,0,0.0521744884286446,0.0041217501585288,86.96615384615384,0.59375,-459.29,-0.6842105263157895
Google Search,2023-08-20,1951.73,125570,7896,80,4861.16,57743,0,0.062881261447798,0.0101317122593718,24.396625,2.490692872477238,2909.43,0.5985052950324614
Google Search,2023-08-21,2173.97,204111,11009,70,1039.28,102356,0,0.053936338560881,0.0063584340085384,31.05671428571428,0.478056274925597,-1134.6899999999998,-1.0918039411900544
Google Search,2023-08-22,2714.0,225332,14179,629,27874.19,117460,0,0.062924928549873,0.0443613795049016,4.314785373608904,10.270519528371407,25160.19,0.9026339420087184
Google Search,2023-08-23,1358.35,82420,3367,27,713.9,46546,11301,0.0408517350157728,0.008019008019008,50.30925925925926,0.5255641035079325,-644.4499999999999,-0.9027174674324134
Google Search,2023-08-24,929.71,63519,4067,4,0.0,33785,3657,0.0640280860844786,0.0009835259404966,232.4275,0.0,-929.71,
Google Search,2023-08-25,1991.14,196937,9663,417,9043.33,88409,1900,0.0490664527234597,0.0431542999068612,4.7749160671462825,4.541785108028567,7052.1900000000005,0.7798222557398657
Google Search,2023-08-26,1520.38,115177,6871,119,6253.62,68227,0,0.0596560077098726,0.0173191675156454,12.776302521008404,4.113195385364185,4733.24,0.7568800150952568
Google Search,2023-08-27,507.74,35006,1822,39,489.84,21919,0,0.0520482203050905,0.0214050493962678,13.01897435897436,0.9647457360066176,-17.900000000000034,-0.036542544504328
Google Search,2023-08-28,5902.38,448702,21054,65,1984.9,282165,9541,0.0469220105994624,0.0030872993255438,90.80584615384616,0.3362880736245379,-3917.48,-1.9736409894705025
Google Search,2023-08-29,1660.59,126234,6075,171,9664.07,69004,9297,0.0481249108797946,0.0281481481481481,9.711052631578948,5.819660482117801,8003.48,0.8281686701358744
Google Search,2023-08-30,997.2,71298,4165,100,11274.29,27426,6087,0.058416785884597,0.0240096038415366,9.972,11.305946650621742,10277.09,0.9115509712806747
Google Search,2023-08-31,1882.43,183346,10728,11,0.0,105575,7812,0.058512320966915,0.0010253542132736,171.13,0.0,-1882.43,
Google Search,2023-09-01,2185.02,197791,11689,82,4144.6,95665,0,0.0590977344773018,0.0070151424416117,26.646585365853657,1.8968247430229472,1959.5800000000004,0.4728031655648314
Google Search,2023-09-02,1394.91,78823,4391,94,2593.37,43597,0,0.0557070905700112,0.02140742427693,14.839468085106384,1.859166541210544,1198.4599999999998,0.4621245715034877
Google Search,2023-09-03,4046.58,307183,20736,541,51470.55,169213,0,0.0675037355582828,0.0260898919753086,7.479815157116451,12.719518704683956,47423.97,0.9213806730256427
Google Search,2023-09-04,6663.97,483391,27391,1408,30770.0,233312,0,0.0566642738487063,0.0514037457559052,4.732933238636364,4.617367725244861,24106.03,0.7834263893402664
Google Search,2023-09-05,1079.27,75777,5631,180,9348.14,46337,0,0.0743101468783404,0.0319659030367607,5.9959444444444445,8.661539744456901,8268.869999999999,0.8845470863722622
Google Search,2023-09-06,2687.5,212574,11303,22,0.0,125728,7653,0.0531720718432169,0.0019463859152437,122.1590909090909,0.0,-2687.5,
Google Search,2023-09-07,2639.89,164667,7688,10,0.0,93861,3585,0.046688164598857,0.0013007284079084,263.989,0.0,-2639.89,
Google Search,2023-09-08,4553.72,397347,22926,147,1370.79,190995,16311,0.0576976798616826,0.0064119340486783,30.97768707482993,0.301026413569565,-3182.9300000000003,-2.3219676245084955
Google Search,2023-09-09,1705.48,91563,4427,168,2643.03,41771,0,0.0483492240315411,0.0379489496272871,10.151666666666667,1.5497279358303822,937.5500000000002,0.3547254476869351
Google Search,2023-09-10,2251.9700000000003,249405,12764,10,0.0,125171,0,0.0511778031715482,0.0007834534628643,225.19700000000003,0.0,-2251.9700000000003,
Google Search,2023-09-11,615.9100000000001,35666,2100,5,198.93,14980,0,0.0588796052262659,0.0023809523809523,123.18200000000002,0.3229855011284115,-416.9800000000001,-2.0961142110290054
Google Search,2023-09-12,2182.35,169614,11139,28,0.0,77349,520,0.0656726449467614,0.0025136906365023,77.94107142857142,0.0,-2182.35,
Google Search,2023-09-13,854.4200000000001,54339,2712,3,0.0,28228,5712,0.0499089052062054,0.0011061946902654,284.8066666666667,0.0,-854.4200000000001,
Google Search,2023-09-14,3302.65,256951,12500,175,17000.59,116341,26425,0.0486474074823604,0.014,18.87228571428572,5.147560292492392,13697.94,0.8057332127884974
Google Search,2023-09-15,1059.39,105482,4435,17,182.82,46733,0,0.0420450882615043,0.0038331454340473,62.31705882352941,0.1725710078441367,-876.5699999999999,-4.794716114210699
Google Search,2023-09-16,2409.54,241037,18139,45,1131.8,103554,0,0.0752540066462825,0.0024808423838138,53.54533333333333,0.469716211393046,-1277.74,-1.128945043293868
Google Search,2023-09-17,4099.92,263202,15375,217,16504.93,139026,6252,0.0584152096108692,0.0141138211382113,18.8936405529954,4.025671232609417,12405.01,0.7515942206358949
Google Search,2023-09-18,4302.68,348616,17429,549,28345.52,167212,3294,0.0499948367257957,0.0314992254288828,7.837304189435337,6.587875463664506,24042.84,0.8482059951625512
Google Search,2023-09-19,3330.97,282345,17654,506,33150.880000000005,133524,14398,0.0625263418866989,0.0286620595898946,6.58294466403162,9.95232019501827,29819.910000000003,0.8995209176950959
Google Search,2023-09-20,2557.15,198656,8454,24,489.76,121542,0,0.0425559761597938,0.0028388928317956,106.54791666666668,0.1915257219951899,-2067.3900000000003,-4.221230806925842
Google Search,2023-09-21,2240.78,161141,9320,75,7403.78,73882,12651,0.0578375460000868,0.0080472103004291,29.877066666666668,3.304108390828193,5163.0,0.6973464905764353
Google Search,2023-09-22,447.14,46270,2993,16,109.91,19058,0,0.0646855413875081,0.0053458068827263,27.94625,0.2458066824708145,-337.23,-3.068237648985534
Google Search,2023-09-23,5053.89,405163,17450,8,0.0,263387,48497,0.0430690857753546,0.000458452722063,631.73625,0.0,-5053.89,
Google Search,2023-09-24,3886.03,244192,12301,347,5986.53,103920,1024,0.0503742956362206,0.0282090886919762,11.198933717579251,1.5405259352089409,2100.4999999999995,0.350871038815474
Google Search,2023-09-25,1446.28,118539,7070,55,511.59,71003,0,0.0596428179755186,0.0077793493635077,26.296,0.3537281854136128,-934.69,-1.8270294571825096
Google Search,2023-09-26,4982.02,292799,19232,145,9144.96,174202,0,0.0656832844374468,0.0075395174708818,34.35875862068965,1.8355927916788768,4162.94,0.455216862621597
Google Search,2023-09-27,1710.26,116400,7005,80,8923.58,77069,0,0.060180412371134,0.0114204139900071,21.37825,5.217674505630723,7213.32,0.8083437364824431
Google Search,2023-09-28,2801.17,265472,17829,568,25055.96,152528,8752,0.06715962512054,0.0318582085366537,4.931637323943662,8.94481948614329,22254.79,0.8882034454077993
Google Search,2023-09-29,4418.22,217509,15552,569,31988.99,96103,0,0.0715004896349116,0.0365869341563786,7.764885764499121,7.240243808592599,27570.77,0.8618831041555235
Google Search,2023-09-30,2099.9,193850,9485,71,5436.61,108986,0,0.0489295847304616,0.0074855034264628,29.57605633802817,2.5889851897709413,3336.71,0.6137482732805921
Google Search,2023-10-01,5705.110000000001,513266,28098,123,4832.639999999999,226768,72714,0.0547435442830812,0.0043775357676702,46.38300813008131,0.8470721861629309,-872.4700000000012,-0.1805369321944116
Google Search,2023-10-02,2606.03,255824,19810,901,73196.02,102744,0,0.0774360497842266,0.0454820797576981,2.8923751387347387,28.087174744726656,70589.99,0.964396561452385
Google Search,2023-10-03,784.8299999999999,58211,4322,249,9857.92,26522,1902,0.0742471354211403,0.0576122165664044,3.151927710843373,12.560579998216175,9073.09,0.9203858420437576
Google Search,2023-10-04,2262.88,131138,9112,11,0.0,62680,0,0.0694840549649987,0.0012071992976294,205.71636363636364,0.0,-2262.88,
Google Search,2023-10-05,431.1,27397,2045,41,1606.88,14672,0,0.0746432091104865,0.0200488997555012,10.514634146341464,3.727395035954535,1175.78,0.7317161206810714
Google Search,2023-10-06,302.83000000000004,21896,1620,3,0.0,8711,0,0.0739861161856046,0.0018518518518518,100.94333333333334,0.0,-302.83000000000004,
Google Search,2023-10-07,1993.64,165565,8773,32,2318.18,71138,1414,0.0529882523480204,0.0036475549982902,62.30125,1.1627876647739812,324.53999999999974,0.1399977568609856
Google Search,2023-10-08,309.58,23517,1148,29,1567.15,13080,0,0.0488157503082876,0.0252613240418118,10.675172413793105,5.062181019445701,1257.5700000000002,0.8024566888938519
Google Search,2023-10-09,7845.71,472043,32525,678,49591.83,214275,0,0.068902621159513,0.0208455034588777,11.571843657817109,6.320884916725191,41746.12,0.8417943036181564
Google Search,2023-10-10,3764.72,221393,15366,81,3061.18,98960,0,0.0694059884458858,0.005271378367825,46.47802469135802,0.8131228882891689,-703.54,-0.2298264068104456
Google Search,2023-10-11,657.3399999999999,62679,5267,19,821.7,37866,0,0.0840313342586831,0.0036073666223656,34.59684210526316,1.2500380320686404,164.36000000000013,0.200024339783376
Google Search,2023-10-12,1011.36,95968,5221,46,3157.26,59082,12585,0.0544035511837279,0.0088105726872246,21.986086956521746,3.121796392975795,2145.9,0.6796716139944129
Google Search,2023-10-13,7234.259999999999,568413,38876,550,29378.63,297021,0,0.0683939318769978,0.0141475460438316,13.153199999999998,4.061041488694076,22144.370000000003,0.7537577484041973
Google Search,2023-10-14,5311.3,354963,22802,52,2377.5,169805,3106,0.0642376811104255,0.0022805017103762,102.14038461538462,0.447630523600625,-2933.8,-1.2339852786540484
Google Search,2023-10-15,4287.67,326886,20536,78,1126.88,219220,0,0.0628231248814571,0.0037982080249318,54.970128205128205,0.2628187337178467,-3160.79,-2.804903805196649
Google Search,2023-10-16,6900.86,617264,36422,1405,51896.96,272426,60199,0.0590055470592809,0.0385755861841744,4.911644128113879,7.520361230339407,44996.1,0.8670276640481446
Google Search,2023-10-17,1612.63,116081,7286,79,1740.29,73811,0,0.0627665164841791,0.0108427120505078,20.413037974683544,1.0791626101461589,127.66000000000008,0.0733555901602606
Google Search,2023-10-18,2261.37,121415,8979,338,24704.44,61820,1200,0.0739529712144298,0.0376433901325314,6.690443786982248,10.924545739971787,22443.07,0.9084630131263854
Google Search,2023-10-19,1735.06,108884,10665,234,32197.07,49847,0,0.0979482752286837,0.0219409282700421,7.414786324786324,18.556747317095663,30462.01,0.9461112455263786
Google Search,2023-10-20,7028.03,523334,31521,528,21074.78,278898,16057,0.0602311334635242,0.0167507376035024,13.31066287878788,2.9986753044594288,14046.75,0.666519413251289
Google Search,2023-10-21,4294.55,299479,19363,338,29046.23,207601,23990,0.0646556185909529,0.0174559727314982,12.705769230769231,6.763509564447963,24751.68,0.8521477658202115
Google Search,2023-10-22,4176.46,253151,17248,29,621.14,130757,14961,0.068133248535459,0.0016813543599257,144.01586206896553,0.1487240390186904,-3555.32,-5.723862575264836
Google Search,2023-10-23,2166.74,194244,13793,26,1401.93,93559,1591,0.0710086283231399,0.001885014137606,83.33615384615383,0.6470227161542226,-764.8099999999997,-0.5455407901963719
Google Search,2023-10-24,1886.44,193349,14949,122,1255.66,90925,0,0.0773161485189993,0.0081610810087631,15.462622950819672,0.6656241385890884,-630.78,-0.5023493620884634
Google Search,2023-10-25,6231.17,554746,50764,3066,88205.14,243983,0,0.0915085462536007,0.0603971318257032,2.032345075016308,14.155470000016049,81973.97,0.9293559309582186
Google Search,2023-10-26,1610.76,138221,7473,243,7219.67,63483,0,0.0540655906121356,0.032517061421116,6.628641975308642,4.482151282624352,5608.91,0.7768928496731845
Google Search,2023-10-27,4880.7300000000005,384918,22786,403,24946.53,202372,0,0.0591970237816885,0.0176862986044062,12.110992555831269,5.111229262835682,20065.8,0.8043523488036212
Google Search,2023-10-28,2081.9,116226,7134,8,0.0,51460,0,0.0613804140209591,0.00112139052425,260.23749999999995,0.0,-2081.9,
Google Search,2023-10-29,991.09,63708,4420,184,5204.81,28794,0,0.0693790418785709,0.0416289592760181,5.386358695652175,5.251601771786619,4213.72,0.809581905967749
Google Search,2023-10-30,1006.4,78853,5003,6,0.0,46933,9041,0.0634471738551481,0.0011992804317409,167.73333333333332,0.0,-1006.4,
Google Search,2023-10-31,1136.51,74750,5471,103,1328.75,41090,0,0.073190635451505,0.0188265399378541,11.034077669902912,1.169149413555534,192.24,0.1446773283160865
Google Search,2023-11-01,3284.22,205258,15553,127,5657.1,90679,0,0.0757729296787457,0.0081656272101845,25.86,1.7225094542996513,2372.880000000001,0.4194516625125948
Google Search,2023-11-02,5055.98,401983,25990,37,0.0,233280,9268,0.064654475438016,0.0014236244709503,136.6481081081081,0.0,-5055.98,
Google Search,2023-11-03,2915.67,237573,13068,142,1253.19,117079,0,0.0550062507103079,0.0108662381389654,20.532887323943665,0.4298120157631008,-1662.48,-1.326598520575491
Google Search,2023-11-04,3154.09,252538,17585,639,22930.3,112692,37434,0.0696330849218731,0.036337787887404,4.935978090766824,7.270020830096795,19776.21,0.8624488122702276
Google Search,2023-11-05,1919.35,167475,8943,7,0.0,101395,1628,0.0533990147783251,0.0007827351000782,274.1928571428571,0.0,-1919.35,
Google Search,2023-11-06,1622.19,184403,10991,54,1633.17,74320,0,0.0596031517925413,0.0049131107269584,30.04055555555556,1.0067686275960277,10.980000000000018,0.006723121291721
Google Search,2023-11-07,1022.55,78070,6872,72,6960.53,46363,0,0.0880235685922889,0.0104772991850989,14.202083333333333,6.80703144100533,5937.98,0.8530930834289917
Google Search,2023-11-08,3829.22,221905,12279,9,0.0,126482,2948,0.0553344899844528,0.0007329587099926,425.4688888888888,0.0,-3829.22,
Google Search,2023-11-09,1705.78,98660,6847,331,9629.3,39287,0,0.06939995945672,0.0483423397108222,5.153413897280966,5.6451007750120175,7923.519999999999,0.8228552438910409
Google Search,2023-11-10,2626.51,235742,12673,275,4807.73,106737,0,0.0537579217958615,0.0216996764775506,9.550945454545456,1.830463238289593,2181.22,0.4536902030688078
Google Search,2023-11-11,3536.8,290592,20742,165,3115.62,194468,51273,0.0713784274859597,0.007954874168354,21.43515151515152,0.8809149513684686,-421.1800000000003,-0.135183366392564
Google Search,2023-11-12,2260.89,151097,11796,310,24454.99,62616,0,0.078069054977928,0.0262800949474398,7.293193548387096,10.816532427495366,22194.1,0.9075489296867428
Google Search,2023-11-13,4628.78,290545,19846,424,36592.29,133693,0,0.0683061143712678,0.0213645067016023,10.91693396226415,7.905385436335277,31963.51,0.873503953975004
Google Search,2023-11-14,6392.02,530274,40860,1974,38581.54,263144,0,0.0770545038979848,0.0483113069016152,3.238105369807497,6.035891627372881,32189.52,0.8343243945161338
Google Search,2023-11-15,1493.98,136278,9877,30,254.14,58605,0,0.0724768487943762,0.0030373595221221,49.79933333333334,0.1701093722807534,-1239.84,-4.878570866451563
Google Search,2023-11-16,2690.55,198515,16591,970,34087.22,82285,0,0.0835755484472206,0.0584654330661201,2.773762886597938,12.669238631506571,31396.67,0.9210686585764402
Google Search,2023-11-17,5612.38,469552,37573,1851,135142.8,236553,0,0.0800188264558558,0.0492640992201847,3.032079956780119,24.07941016110812,129530.41999999998,0.9584707435394264
Google Search,2023-11-18,2249.92,165703,7134,67,5928.19,99726,961,0.0430529320531312,0.0093916456405943,33.58089552238806,2.634844794481581,3678.27,0.6204710037971117
Google Search,2023-11-19,2795.52,254037,15807,182,7275.799999999999,133065,0,0.0622232194522845,0.0115138862529259,15.36,2.6026642628205128,4480.279999999999,0.6157783336540311
Google Search,2023-11-20,7050.370000000001,647006,40789,365,21503.2,267903,30702,0.0630426920306766,0.0089484910147343,19.316082191780826,3.0499392230478684,14452.83,0.6721246140109379
Google Search,2023-11-21,827.27,53568,3519,248,5454.18,26348,6961,0.0656922043010752,0.0704745666382495,3.3357661290322578,6.592986570285397,4626.91,0.8483236710192915
Google Search,2023-11-22,3682.77,334903,35052,2370,33465.98,123782,0,0.10466314126777,0.0676138308798356,1.5539113924050634,9.08717622876259,29783.210000000003,0.889954813813909
Google Search,2023-11-23,6288.67,483064,28157,356,22732.19,231582,9229,0.0582883427454747,0.0126433924068615,17.664803370786515,3.614785002234176,16443.519999999997,0.7233583741821619
Google Search,2023-11-24,5068.29,321104,21489,1149,14798.62,146440,0,0.0669222432607504,0.0534692168085997,4.411044386422977,2.91984476026431,9730.330000000002,0.6575160386576587
Google Search,2023-11-25,6507.25,438610,29176,1584,13741.04,215224,3164,0.0665192312076788,0.0542911982451329,4.108112373737374,2.1116508509739136,7233.789999999999,0.526436863585289
Google Search,2023-11-26,1373.4799999999998,98061,7425,588,14689.05,38148,0,0.0757181754214213,0.0791919191919191,2.335850340136054,10.694768034481756,13315.57,0.906496335705849
Google Search,2023-11-27,1932.85,206872,16613,527,73844.31000000001,73533,0,0.080305696275958,0.0317221453078914,3.667647058823529,38.2048839796156,71911.46,0.9738253360346923
Google Search,2023-11-28,1003.31,78659,6715,222,12857.33,34261,0,0.0853684893019234,0.033060312732688,4.519414414414414,12.814912639164367,11854.02,0.9219659136072575
Google Search,2023-11-29,2152.35,230071,20733,738,22170.34,107243,911,0.0901156599484507,0.0355954275792215,2.9164634146341464,10.300527330592145,20017.99,0.9029175917013452
Google Search,2023-11-30,3505.1,231139,13028,8,0.0,129052,36163,0.0563643521863467,0.000614062020264,438.1375,0.0,-3505.1,
Google Search,2023-12-01,1431.66,86924,4479,57,4062.79,48316,2199,0.0515277713864985,0.0127260549229738,25.11684210526316,2.8378176382660687,2631.13,0.6476165393731894
Google Search,2023-12-02,372.37,15720,1126,62,4461.15,5529,0,0.0716284987277353,0.0550621669626998,6.005967741935484,11.980422697854284,4088.78,0.9165304910168904
Google Search,2023-12-03,4684.400000000001,357974,19693,664,21487.74,167008,7224,0.0550123752004335,0.0337175646168689,7.054819277108434,4.587084792075825,16803.339999999997,0.7819966176061325
Google Search,2023-12-04,2372.91,143307,7000,35,348.79,78307,0,0.0488461833685723,0.005,67.79742857142857,0.1469882970698425,-2024.12,-5.803262708219845
Google Search,2023-12-05,2456.48,153831,11610,555,5756.45,93354,2011,0.0754724340347524,0.0478036175710594,4.42609009009009,2.343373444929329,3299.97,0.5732647725594767
Google Search,2023-12-06,1653.63,124153,8839,323,25549.95,64610,0,0.0711944133448245,0.0365425953162122,5.119597523219814,15.450826363817782,23896.32,0.9352785426194572
Google Search,2023-12-07,2591.67,194029,10891,17,0.0,106548,0,0.05613078457344,0.0015609218620879,152.45117647058825,0.0,-2591.67,
Google Search,2023-12-08,2608.24,146414,10794,15,0.0,91732,0,0.0737224582348682,0.0013896609227348,173.8826666666667,0.0,-2608.24,
Google Search,2023-12-09,4652.59,344005,17607,14,0.0,179278,11903,0.051182395604715,0.0007951382972681,332.3278571428572,0.0,-4652.59,
Google Search,2023-12-10,5147.04,454666,30061,815,34840.009999999995,248462,935,0.0661166658602138,0.0271115398689331,6.315386503067485,6.768940983555596,29692.97,0.8522664029086099
Google Search,2023-12-11,3534.54,255211,19302,250,27375.18,146259,38736,0.0756315362582333,0.0129520256968189,14.13816,7.745047446060874,23840.64,0.8708852325354572
Google Search,2023-12-12,1630.36,123354,5431,102,2035.86,56520,15683,0.0440277575109035,0.0187810716258515,15.98392156862745,1.2487180745356854,405.5,0.1991787254526342
Google Search,2023-12-13,4282.05,292040,18218,914,39629.15,136292,14875,0.062381865497877,0.050170161378856,4.684956236323852,9.254714447519296,35347.1,0.8919469632833406
Google Search,2023-12-14,4957.46,424498,25509,39,1238.48,195927,8985,0.0600921559112174,0.001528872162766,127.11435897435898,0.2498214811617239,-3718.98,-3.002858342484336
Google Search,2023-12-15,780.1800000000001,46774,2718,45,712.04,26679,0,0.0581092059691281,0.0165562913907284,17.337333333333333,0.9126611807531594,-68.1400000000001,-0.0956968709623056
Google Search,2023-12-16,3957.19,224318,15836,998,41774.33,101709,456,0.070596207170178,0.0630209648901237,3.965120240480962,10.556564127575376,37817.14,0.9052722090336338
Google Search,2023-12-17,4351.22,364622,26827,140,2103.19,166622,3487,0.0735748254356566,0.0052186230290379,31.08014285714286,0.4833563920004043,-2248.0300000000007,-1.0688668165976452
Google Search,2023-12-18,2316.36,208006,10870,493,45204.45,98687,862,0.052258107939194,0.0453541858325666,4.698498985801217,19.515295549914523,42888.09,0.948758142174056
Google Search,2023-12-19,3392.17,230363,13423,30,888.85,119285,0,0.0582689060309164,0.0022349698279073,113.07233333333332,0.2620299100575737,-2503.32,-2.816358215671936
Google Search,2023-12-20,893.73,50813,2530,81,3242.18,20713,0,0.0497904079664652,0.0320158102766798,11.033703703703704,3.627695165206494,2348.45,0.724342880407627
Google Search,2023-12-21,2780.87,135454,9253,370,3673.41,58471,0,0.0683110133329396,0.0399870312331135,7.515864864864865,1.320957110544542,892.54,0.2429731502881519
Google Search,2023-12-22,2264.55,246617,18084,1054,27850.69,109541,0,0.0733282782614337,0.0582835655828356,2.1485294117647062,12.298553796560023,25586.140000000003,0.9186896267201998
Google Search,2023-12-23,2062.16,190047,11937,48,436.25,97918,4515,0.0628107783863991,0.0040211108318673,42.961666666666666,0.211550025216278,-1625.91,-3.727014326647564
Google Search,2023-12-24,3767.96,307456,16811,13,0.0,175783,40984,0.0546777425062448,0.000773303194337,289.8430769230769,0.0,-3767.96,
Google Search,2023-12-25,5322.03,435872,24588,95,3932.07,207588,0,0.0564110564569414,0.0038636733365869,56.02136842105263,0.7388289806709095,-1389.9599999999996,-0.3534931982390953
Google Search,2023-12-26,3895.03,229579,15769,278,7829.24,110641,7269,0.0686865958994507,0.0176295262857505,14.010899280575538,2.0100589725881446,3934.21,0.5025021585747786
Google Search,2023-12-27,810.13,55364,3076,1,0.0,23012,6393,0.0555595693952749,0.0003250975292587,810.13,0.0,-810.13,
Google Search,2023-12-28,4504.34,297468,18961,529,25943.9,137974,0,0.0637413099896459,0.0278993723959706,8.514820415879017,5.759756146294463,21439.56,0.8263815386275772
Google Search,2023-12-29,1394.87,110478,6691,189,14901.36,67300,1608,0.0605640942088017,0.0282468988193095,7.38026455026455,10.682974040591596,13506.490000000002,0.906393107743186
Google Search,2023-12-30,4760.86,394493,25386,783,57607.06,174085,0,0.064350951727914,0.0308437721578822,6.080280970625798,12.10013737013901,52846.2,0.9173563101467076
Google Search,2023-12-31,3119.54,221774,15745,773,17878.809999999998,98875,0,0.0709956983235185,0.0490949507780247,4.035627425614489,5.731232809965571,14759.269999999997,0.8255174701224521
Google Search,2024-01-01,3324.2200000000003,277477,13024,244,23959.68,150041,12347,0.0469372236257419,0.0187346437346437,13.623852459016394,7.207609604659138,20635.46,0.8612577463471965
Google Search,2024-01-02,2730.66,147324,10169,425,32417.44,54211,0,0.0690247345985718,0.0417936866948569,6.4250823529411765,11.871650077270695,29686.78,0.9157657112961418
Google Search,2024-01-03,1568.22,154781,7106,80,736.71,68902,21615,0.0459100277165802,0.0112580917534477,19.60275,0.4697746489650687,-831.51,-1.1286802133811134
Google Search,2024-01-04,2228.98,184735,11419,21,1079.17,109494,0,0.0618128670798711,0.0018390401961642,106.14190476190475,0.4841541871169773,-1149.81,-1.0654577128719291
Google Search,2024-01-05,3656.23,278545,13427,185,24597.22,137739,11191,0.048204060385216,0.0137782080881805,19.763405405405404,6.727481586224061,20940.99,0.8513559662433398
Google Search,2024-01-06,1316.99,114478,4836,116,9055.52,62325,0,0.0422439245968657,0.0239867659222497,11.353362068965517,6.875921609123836,7738.530000000001,0.8545649504390692
Google Search,2024-01-07,5513.610000000001,368963,19941,319,18095.8,196662,28890,0.0540460696601014,0.0159971917155609,17.284043887147337,3.2820239371301194,12582.19,0.6953099614275136
Google Search,2024-01-08,5513.25,334984,15429,146,4635.76,168738,0,0.0460589162467461,0.0094627001101821,37.761986301369866,0.8408397950392237,-877.4899999999998,-0.1892871934698948
Google Search,2024-01-09,1937.23,84108,5488,13,587.06,45253,332,0.0652494411946544,0.002368804664723,149.0176923076923,0.3030409398987213,-1350.17,-2.2998841685688007
Google Search,2024-01-10,3743.15,326838,15216,221,16432.12,166199,956,0.04655517412296,0.0145241850683491,16.93733031674208,4.389917582784553,12688.97,0.7722052906137492
Google Search,2024-01-11,3633.6,323099,18937,1096,31510.77,165988,0,0.0586105187574087,0.0578761155410043,3.315328467153285,8.672052509907529,27877.17,0.88468704509601
Google Search,2024-01-12,2242.88,143422,7347,117,4220.32,65976,0,0.0512264506142711,0.0159248672927725,19.16991452991453,1.8816521615066344,1977.44,0.4685521477044394
Google Search,2024-01-13,1404.36,77904,3161,18,2079.03,43037,6801,0.0405755802012733,0.0056944005061689,78.02,1.4804110057250277,674.6699999999998,0.3245119118050244
Google Search,2024-01-14,1642.91,90703,5151,151,10897.13,39310,4339,0.0567897423458981,0.0293146961754999,10.880198675496688,6.632822248327662,9254.22,0.8492346149857807
Google Search,2024-01-15,2317.86,178409,9846,176,17195.84,104621,3367,0.0551877988218083,0.017875279301239,13.169659090909091,7.418843243336526,14877.98,0.8652080968420269
Google Search,2024-01-16,2745.31,195914,8304,91,5809.75,100023,1829,0.042385944853354,0.0109585741811175,30.16824175824176,2.1162455241848828,3064.44,0.5274650372219114
Google Search,2024-01-17,3086.83,314673,19207,234,15367.14,139365,0,0.0610379663968627,0.0121830582600093,13.191581196581197,4.978291645474483,12280.31,0.799127879358163
Google Search,2024-01-18,1603.47,125449,5469,41,2997.95,57260,3845,0.0435954053041475,0.007496800146279,39.1090243902439,1.869663916381348,1394.4799999999998,0.4651445154188695
Google Search,2024-01-19,3383.37,281404,13316,246,8532.68,119640,29440,0.0473198675214282,0.0184740162210874,13.753536585365854,2.521947052790561,5149.31,0.6034809696367378
Google Search,2024-01-20,3903.21,288198,18083,293,10819.25,142798,6430,0.0627450572176073,0.0162030636509428,13.321535836177476,2.771885191931769,6916.04,0.6392346974143309
Google Search,2024-01-21,2471.5600000000004,179791,6598,13,524.78,86315,988,0.0366981662040925,0.0019702940284934,190.12000000000003,0.2123274369224295,-1946.7800000000004,-3.7097069248065866
Google Search,2024-01-22,780.97,43613,2801,182,6089.85,18812,0,0.0642239699172265,0.0649767940021421,4.291043956043956,7.797802732499328,5308.88,0.8717587461103311
Google Search,2024-01-23,970.34,66117,3307,4,0.0,44001,0,0.0500173934086543,0.001209555488358,242.585,0.0,-970.34,
Google Search,2024-01-24,2671.26,258008,13087,269,15182.06,145156,25049,0.0507232333881119,0.0205547489875448,9.930334572490708,5.683482701047445,12510.8,0.8240515450472465
Google Search,2024-01-25,2377.48,191758,11793,210,12540.72,102706,0,0.0614993898559642,0.0178071737471381,11.321333333333332,5.274795161263186,10163.24,0.81041917848417
Google Search,2024-01-26,1792.55,165999,9202,473,6576.07,101210,0,0.055434068879933,0.0514018691588785,3.789746300211416,3.668555967755432,4783.52,0.7274131814290298
Google Search,2024-01-27,701.5899999999999,55637,3128,59,3567.29,23512,0,0.0562215791649441,0.0188618925831202,11.891355932203387,5.084579312704001,2865.7,0.8033268952061648
Google Search,2024-01-28,2528.18,177904,7462,16,1327.6,101625,7865,0.0419439697814551,0.0021441972661484,158.01125,0.5251208379150218,-1200.58,-0.9043235914432058
Google Search,2024-01-29,5562.81,438048,14470,5,0.0,214624,70475,0.0330329096354737,0.0003455425017277,1112.562,0.0,-5562.81,
Google Search,2024-01-30,3916.48,343594,16785,298,2620.37,147194,19816,0.0488512604993102,0.017753946976467,13.14255033557047,0.6690625255331317,-1296.11,-0.4946286211489218
Google Search,2024-01-31,3564.39,321795,13375,5,0.0,186530,12752,0.0415637284606659,0.0003738317757009,712.8779999999999,0.0,-3564.39,
Google Search,2024-02-01,2557.29,188793,9328,477,8659.35,74851,0,0.0494086115480976,0.0511363636363636,5.361194968553459,3.386143143718546,6102.06,0.7046787576434721
Google Search,2024-02-02,2996.44,219763,11641,282,14471.6,89556,3207,0.0529707002543649,0.0242247229619448,10.625673758865249,4.829597789376727,11475.16,0.7929434202161475
Google Search,2024-02-03,507.26,25926,1288,17,764.87,11759,0,0.0496798580575484,0.0131987577639751,29.83882352941177,1.5078460749911289,257.61,0.3368023324225032
Google Search,2024-02-04,3689.97,253968,14149,18,161.44,124577,0,0.0557117432117432,0.0012721747119937,204.9983333333333,0.043751033206232,-3528.53,-21.85660307234886
Google Search,2024-02-05,1109.6899999999998,55711,2653,5,0.0,31986,0,0.0476207571215738,0.0018846588767433,221.938,0.0,-1109.6899999999998,
Google Search,2024-02-06,3707.0,311579,12496,8,0.0,165950,25659,0.0401053986308448,0.0006402048655569,463.375,0.0,-3707.0,
Google Search,2024-02-07,2563.41,194564,9438,86,7872.150000000001,107883,25598,0.0485084599412018,0.0091121000211909,29.807093023255813,3.0709679684482785,5308.740000000001,0.6743697719174558
Google Search,2024-02-08,50.27,2306,84,0,0.0,1302,0,0.03642671292281,0.0,,0.0,-50.27,
Google Search,2024-02-09,4510.26,305745,11665,173,8806.82,166750,25678,0.0381527089568104,0.0148306900985855,26.07086705202312,1.9526191394731125,4296.56,0.4878673573435133
Google Search,2024-02-10,1746.49,187666,9376,399,3370.2,75002,0,0.0499611011051549,0.0425554607508532,4.377167919799499,1.929698996272524,1623.7099999999998,0.4817844638300397
Google Search,2024-02-11,3996.21,256172,10908,123,1960.84,126940,10705,0.0425807660478116,0.0112761276127612,32.489512195121954,0.4906749144814712,-2035.37,-1.0380092205381366
Google Search,2024-02-12,1863.68,101382,4850,48,1442.58,55010,1215,0.0478388668599948,0.0098969072164948,38.82666666666667,0.7740491929945055,-421.10000000000014,-0.2919075545203733
Google Search,2024-02-13,2592.51,133197,6511,7,286.8,77606,12407,0.0488824823381908,0.0010751036707111,370.35857142857145,0.1106263813832926,-2305.71,-8.039435146443514
Google Search,2024-02-14,2395.28,175268,8255,164,8830.269999999999,105311,0,0.0470992993586963,0.0198667474258025,14.605365853658537,3.686529341037373,6434.989999999999,0.7287421562421081
Google Search,2024-02-16,1301.18,86217,4409,43,3605.02,39936,0,0.0511384065787489,0.0097527784078022,30.26,2.7705774758296315,2303.84,0.6390644157313968
Google Search,2024-02-17,3634.32,290075,15650,459,15283.58,165934,3970,0.0539515642506248,0.0293290734824281,7.917908496732027,4.205347905522904,11649.26,0.7622075456143129
Google Search,2024-02-18,1497.06,132056,5418,3,0.0,78721,1093,0.0410280487066093,0.0005537098560354,499.02,0.0,-1497.06,
Google Search,2024-02-19,6422.900000000001,440586,23409,481,40288.05,215741,1635,0.0531315112146096,0.0205476526122431,13.353222453222454,6.272563795170406,33865.15,0.8405755552825217
Google Search,2024-02-20,31.19,2308,108,0,0.0,1144,0,0.046793760831889,0.0,,0.0,-31.19,
Google Search,2024-02-21,1802.4,158849,8317,228,18822.97,58922,0,0.0523578996405391,0.0274137309125886,7.905263157894737,10.443281180648023,17020.57,0.904244654270819
Google Search,2024-02-22,1398.04,93491,7408,115,9957.95,45789,236,0.0792375736701928,0.015523758099352,12.156869565217391,7.122793339246374,8559.91,0.859605641723447
Google Search,2024-02-23,4292.63,335337,19026,187,1759.2,218452,0,0.0567369541684931,0.0098286555240197,22.95524064171123,0.4098186892417935,-2533.4300000000003,-1.4401034561164168
Google Search,2024-02-24,3438.3900000000003,262330,11462,213,13327.51,145882,0,0.0436930583616056,0.0185831443029139,16.14267605633803,3.8760902631754974,9889.12,0.742008072025457
Google Search,2024-02-25,4421.59,355623,12804,327,11408.48,207154,25827,0.0360044204115031,0.0255388940955951,13.521681957186544,2.580175909570991,6986.889999999999,0.6124295261068959
Google Search,2024-02-26,1417.73,118408,6008,11,0.0,68464,275,0.0507398148773731,0.0018308921438082,128.88454545454545,0.0,-1417.73,
Google Search,2024-02-27,1522.48,112179,5295,118,7490.65,42386,0,0.0472013478458535,0.0222851746931067,12.902372881355932,4.9200317902369815,5968.17,0.7967492807700267
Google Search,2024-02-28,451.06,36480,2386,38,3525.99,18117,0,0.0654057017543859,0.0159262363788767,11.87,7.817119673657606,3074.93,0.8720756440035281
Google Search,2024-02-29,533.29,52572,3586,122,1658.06,26158,0,0.0682112150954881,0.0340211935303959,4.371229508196721,3.1091151156031427,1124.77,0.6783650772589653
Google Search,2024-03-01,1353.51,102958,5103,5,0.0,50317,2147,0.0495638998426542,0.0009798157946306,270.702,0.0,-1353.51,
Google Search,2024-03-03,1563.0,127957,5928,94,2481.51,60975,7856,0.0463280633337761,0.0158569500674763,16.627659574468087,1.587658349328215,918.5100000000002,0.3701415670297521
Google Search,2024-03-04,3945.65,312190,16249,212,16762.03,173643,1177,0.0520484320445882,0.0130469567357991,18.611556603773582,4.248230329603487,12816.38,0.7646078667082686
Google Search,2024-03-05,1616.6999999999998,129194,9343,9,0.0,54119,0,0.0723175998885397,0.0009632880231189,179.63333333333333,0.0,-1616.6999999999998,
Google Search,2024-03-06,1262.22,83268,2795,94,1001.33,40966,0,0.0335663159917375,0.0336314847942754,13.427872340425532,0.793308614979956,-260.89,-0.2605434771753567
Google Search,2024-03-07,1706.83,94327,5292,209,4884.81,52480,1255,0.0561027065421353,0.0394935752078609,8.166650717703348,2.8619194647387265,3177.9800000000005,0.6505841578280425
Google Search,2024-03-08,2895.49,242337,15492,352,20923.1,116095,0,0.0639275059111897,0.0227214045959204,8.225823863636363,7.226099900189605,18027.61,0.8616127629270998
Google Search,2024-03-09,2410.4,111787,5891,102,11251.31,52989,8806,0.0526984354173562,0.0173145476150059,23.63137254901961,4.667818619316296,8840.91,0.7857671684452744
Google Search,2024-03-10,967.97,58756,3522,119,2574.7200000000003,30533,1521,0.0599428143508748,0.0337876206700738,8.13420168067227,2.6599171461925475,1606.7500000000002,0.6240484402187423
Google Search,2024-03-11,3974.85,312601,16358,98,11316.95,143440,3306,0.0523286873682425,0.0059909524391734,40.55969387755103,2.847138885744116,7342.1,0.6487702075205776
Google Search,2024-03-12,1915.1,147390,8932,195,13257.21,84608,1650,0.0606011262636542,0.0218316166592028,9.82102564102564,6.922463578925383,11342.11,0.8555427574881894
Google Search,2024-03-13,1112.53,82201,3284,1,0.0,32326,0,0.0399508521794138,0.0003045066991473,1112.53,0.0,-1112.53,
Google Search,2024-03-14,947.93,104322,5246,2,0.0,55132,2395,0.0502866126032859,0.0003812428516965,473.965,0.0,-947.93,
Google Search,2024-03-15,2784.24,161835,8958,102,9778.77,95089,0,0.055352674019835,0.0113864701942397,27.29647058823529,3.5121864494440134,6994.530000000001,0.7152770747241218
Google Search,2024-03-16,6073.57,351132,15582,33,783.05,164394,10825,0.044376473804723,0.0021178282633808,184.0475757575757,0.1289274677002158,-5290.52,-6.756299086903773
Google Search,2024-03-17,1680.28,105838,4629,25,210.84,65310,5642,0.0437366541317863,0.0054007344998919,67.2112,0.1254790868188635,-1469.44,-6.969455511288181
Google Search,2024-03-18,3735.86,310915,19267,288,29349.93,153121,1784,0.0619687052731453,0.0149478382726942,12.97173611111111,7.856271380619189,25614.07,0.8727131546821406
Google Search,2024-03-19,3686.19,186650,10889,188,18399.38,95131,22185,0.0583391374229841,0.0172651299476535,19.60739361702128,4.991435601528951,14713.190000000002,0.7996568362629611
Google Search,2024-03-20,754.54,47891,2240,10,636.4,28984,6084,0.0467728800818525,0.0044642857142857,75.454,0.8434277838153047,-118.14,-0.1856379635449402
Google Search,2024-03-21,809.69,49345,3332,142,4359.41,20743,0,0.0675245718917823,0.0426170468187274,5.702042253521127,5.384048215983895,3549.72,0.8142661506947041
Google Search,2024-03-22,1731.55,115732,9342,266,9757.29,66077,0,0.0807209760481111,0.0284735602654677,6.5095864661654135,5.635003320724207,8025.739999999999,0.8225378153155231
Google Search,2024-03-23,602.52,63214,3565,71,7301.129999999999,32618,0,0.0563957351219666,0.0199158485273492,8.486197183098591,12.117655845449113,6698.609999999999,0.9174757879944612
Google Search,2024-03-24,138.29,9410,402,1,0.0,4857,0,0.0427205100956429,0.0024875621890547,138.29,0.0,-138.29,
Google Search,2024-03-25,3411.63,277824,15628,393,7327.49,131017,11855,0.0562514397604238,0.0251471717430253,8.680992366412214,2.1477973871727003,3915.86,0.5344067340931206
Google Search,2024-03-26,1088.81,51372,2901,40,2375.23,28361,0,0.0564704508292455,0.0137883488452257,27.22025,2.181491720318513,1286.42,0.541598076817824
Google Search,2024-03-27,2729.61,237281,11666,96,5212.02,129752,19681,0.0491653356147352,0.0082290416595234,28.4334375,1.909437611966545,2482.4100000000008,0.4762855860107982
Google Search,2024-03-28,1512.59,121016,4936,55,629.36,45538,2754,0.0407879949758709,0.0111426256077795,27.50163636363636,0.4160810265835422,-883.2299999999999,-1.4033780348290326
Google Search,2024-03-29,5353.67,412788,20186,93,9134.49,216354,40045,0.0489016153570355,0.0046071534727038,57.56634408602151,1.7062108796395743,3780.82,0.4139059761409777
Google Search,2024-03-30,2289.06,152118,10117,124,15278.8,89457,3153,0.0665075796421199,0.0122565978056736,18.46016129032258,6.674704900701599,12989.740000000002,0.8501806424588318
Google Search,2024-03-31,6875.49,408982,16644,116,1638.19,229352,32258,0.0406961675574964,0.0069694784907474,59.271465517241374,0.2382652000075631,-5237.299999999999,-3.197004010523809
Google Search,2024-04-01,2099.78,154832,6885,75,6736.15,71317,2281,0.0444675519272501,0.0108932461873638,27.99706666666667,3.208026555162921,4636.369999999999,0.6882818820839796
Google Search,2024-04-02,3008.96,179899,9626,11,0.0,118313,1408,0.0535078015997865,0.0011427384167878,273.5418181818182,0.0,-3008.96,
Google Search,2024-04-03,1711.13,158158,8682,365,10433.32,108106,6728,0.0548944726159916,0.0420410043768716,4.688027397260274,6.097327497034123,8722.189999999999,0.83599372011977
Google Search,2024-04-04,946.46,94008,6065,317,35212.33,36196,0,0.0645157858905625,0.0522671063478977,2.985678233438485,37.2042452929865,34265.87,0.9731213469827188
Google Search,2024-04-05,1762.14,99700,5825,150,14054.72,50777,0,0.0584252758274824,0.0257510729613733,11.7476,7.975938347690876,12292.580000000002,0.8746229024840054
Google Search,2024-04-06,310.76,15329,781,0,0.0,7852,953,0.0509491812903646,0.0,,0.0,-310.76,
Google Search,2024-04-07,796.0999999999999,51057,2807,21,1164.1799999999998,24477,3674,0.0549777699433965,0.0074812967581047,37.909523809523805,1.462353975631202,368.0799999999999,0.3161710388427906
Google Search,2024-04-08,6641.35,523381,28386,282,7765.29,291358,21327,0.0542358243803271,0.0099344747410695,23.550886524822698,1.1692336648422383,1123.9399999999996,0.1447389601676176
Google Search,2024-04-09,3066.67,207251,14148,232,22488.1,90761,3951,0.0682650505908294,0.0163980774667797,13.218405172413794,7.333068116230309,19421.43,0.8636314317350064
Google Search,2024-04-10,2111.29,179177,10669,10,559.34,82842,20165,0.0595444727838952,0.000937294966726,211.129,0.264928077147147,-1551.9499999999998,-2.774609361032645
Google Search,2024-04-11,1732.0,160876,7980,4,0.0,83998,3289,0.0496034212685546,0.000501253132832,433.0,0.0,-1732.0,
Google Search,2024-04-12,228.25,28082,1804,2,0.0,15751,0,0.0642404387151912,0.0011086474501108,114.125,0.0,-228.25,
Google Search,2024-04-13,3016.18,240747,12227,24,147.71,150725,0,0.0507877564414094,0.0019628690602764,125.67416666666666,0.0489725414265726,-2868.47,-19.419605984699743
Google Search,2024-04-14,4405.93,223585,12576,429,15298.38,102410,0,0.0562470648746561,0.0341125954198473,10.2702331002331,3.472224933215008,10892.45,0.71200022486041
Google Search,2024-04-15,2392.19,172974,9651,5,0.0,82290,731,0.0557945124700822,0.0005180810278727,478.438,0.0,-2392.19,
Google Search,2024-04-16,2701.67,199935,12476,78,1157.01,87021,2450,0.0624002800910295,0.0062520038473869,34.63679487179487,0.4282573371285167,-1544.66,-1.335044640927909
Google Search,2024-04-17,1166.48,86514,3173,20,956.04,36166,13488,0.0366761449014032,0.0063031831074692,58.324,0.8195939921816061,-210.44000000000003,-0.2201163131249739
Google Search,2024-04-18,3612.51,383342,30172,1385,49002.75,212651,0,0.0787077857370181,0.0459034866763887,2.6083104693140795,13.56473753705872,45390.24,0.92627944350062
Google Search,2024-04-19,1526.68,130354,10303,348,29803.3,71881,0,0.0790386179173634,0.033776569931088,4.3870114942528735,19.521641732386616,28276.62,0.9487748001060284
Google Search,2024-04-20,3333.5,226271,14059,296,23327.02,111553,0,0.0621334594358092,0.0210541290276691,11.261824324324325,6.997756112194391,19993.52,0.8570970488300692
Google Search,2024-04-21,2541.95,167937,8992,296,7848.84,76574,0,0.0535438884819902,0.0329181494661921,8.587668918918919,3.087723991423907,5306.89,0.676136855892081
Google Search,2024-04-22,1726.24,144644,10128,115,8572.08,78977,5761,0.0700201874948148,0.0113546603475513,15.010782608695653,4.965752154972657,6845.84,0.7986206381648329
Google Search,2024-04-23,1233.35,114823,5311,5,0.0,56972,0,0.046253799325919,0.0009414422895876,246.67,0.0,-1233.35,
Google Search,2024-04-24,914.64,66570,3325,103,6177.62,32955,0,0.0499474237644584,0.0309774436090225,8.879999999999999,6.75415464007697,5262.98,0.8519429812775793
Google Search,2024-04-25,1014.0,54407,2517,1,0.0,31138,1864,0.0462624294667965,0.0003972983710766,1014.0,0.0,-1014.0,
Google Search,2024-04-26,3569.07,312679,14072,294,26720.21,160166,34337,0.045004621352889,0.0208925525866969,12.13969387755102,7.48660295258989,23151.14,0.866428070737468
Google Search,2024-04-27,834.45,63869,3680,169,12355.11,33817,0,0.0576179367142119,0.0459239130434782,4.937573964497042,14.80629156929714,11520.66,0.9324611436077864
Google Search,2024-04-28,996.35,88970,4205,95,2706.48,42732,0,0.0472631224008092,0.0225921521997621,10.487894736842106,2.7163948411702714,1710.13,0.6318650054683574
Google Search,2024-04-29,370.5700000000001,26575,1316,0,0.0,16263,3889,0.0495202257761053,0.0,,0.0,-370.5700000000001,
Google Search,2024-04-30,3333.74,310799,15738,11,0.0,136234,23667,0.0506372285625114,0.0006989452281103,303.0672727272727,0.0,-3333.74,
Google Search,2024-05-01,623.25,35680,2227,109,5657.13,19349,0,0.0624159192825112,0.0489447687471935,5.717889908256881,9.07682310469314,5033.88,0.8898292950665797
Google Search,2024-05-02,3941.36,310291,14478,3,0.0,146500,2882,0.0466594261515802,0.0002072109407376,1313.7866666666666,0.0,-3941.36,
Google Search,2024-05-03,2175.11,133285,7482,161,8974.99,62415,0,0.0561353490640357,0.0215183106121357,13.510000000000002,4.126223501340162,6799.879999999999,0.7576476408330259
Google Search,2024-05-04,2061.52,156454,8211,7,0.0,87274,9802,0.0524818796579186,0.000852514919011,294.5028571428571,0.0,-2061.52,
Google Search,2024-05-05,1346.87,79464,2644,1,0.0,37695,0,0.0332729286217658,0.0003782148260211,1346.87,0.0,-1346.87,
Google Search,2024-05-06,2608.99,206293,15241,15,0.0,107843,0,0.0738803546412142,0.0009841873892789,173.93266666666665,0.0,-2608.99,
Google Search,2024-05-07,2448.2,239905,15927,444,8685.98,121675,0,0.0663887788916446,0.0278771896779054,5.513963963963963,3.5479045829589086,6237.78,0.7181434910050449
Google Search,2024-05-08,1588.83,146440,5362,12,623.34,89681,0,0.0366156787762906,0.0022379709063782,132.4025,0.3923264288816299,-965.49,-1.5488978727500238
Google Search,2024-05-09,5205.650000000001,350863,17094,204,7908.99,192708,10604,0.0487198707187705,0.0119340119340119,25.517892156862747,1.519308827908138,2703.3399999999992,0.341805970168125
Google Search,2024-05-10,2095.29,187712,11526,11,0.0,91202,0,0.0614025741561541,0.0009543640465035,190.48090909090908,0.0,-2095.29,
Google Search,2024-05-11,3469.81,201021,9685,209,3250.79,95207,0,0.0481790459703215,0.0215797625193598,16.60196172248804,0.9368783881538182,-219.02,-0.0673743920708504
Google Search,2024-05-12,128.49,9767,487,13,130.59,4855,0,0.0498617794614518,0.0266940451745379,9.883846153846154,1.016343684333411,2.0999999999999943,0.0160808637721111
Google Search,2024-05-13,1722.59,126911,7186,89,2178.49,69473,257,0.0566223574000677,0.0123851934316726,19.35494382022472,1.264659611399114,455.8999999999999,0.2092733957924984
Google Search,2024-05-14,2193.56,138382,7848,182,6188.099999999999,73002,0,0.0567125782254917,0.023190621814475,12.052527472527473,2.821030653367129,3994.54,0.6455196263796642
Google Search,2024-05-15,1172.9399999999998,57427,2709,33,851.85,34455,5936,0.0471729325926828,0.0121816168327796,35.54363636363636,0.726251982198578,-321.0899999999998,-0.37693255854904
Google Search,2024-05-16,3010.79,240713,14519,549,16826.230000000003,98376,1849,0.0603166426408212,0.0378125215235209,5.484134790528233,5.588642847890422,13815.440000000002,0.8210656813796079
Google Search,2024-05-17,598.63,38586,2270,39,2297.72,18862,0,0.0588296273259731,0.0171806167400881,15.34948717948718,3.838297445834656,1699.0899999999997,0.7394678202740107
Google Search,2024-05-18,1532.41,73818,4033,2,0.0,45800,8980,0.0546343710206182,0.0004959087527894,766.205,0.0,-1532.41,
Google Search,2024-05-19,1982.98,171291,9445,98,8672.5,77883,13327,0.0551400832501415,0.010375860243515,20.234489795918368,4.373468214505441,6689.52,0.771348515422312
Google Search,2024-05-20,3241.03,184644,11038,16,796.4,86466,14884,0.0597799007820454,0.0014495379597753,202.564375,0.2457243530606011,-2444.63,-3.0696007031642387
Google Search,2024-05-21,5346.35,506422,29924,482,31997.52,247628,46155,0.0590890601119224,0.0161074722630664,11.09201244813278,5.984928035014542,26651.17,0.8329136133050311
Google Search,2024-05-22,4136.78,283647,13160,205,26965.4,161132,42594,0.0463956960588336,0.0155775075987841,20.17941463414634,6.518451549272624,22828.620000000003,0.8465893329971
Google Search,2024-05-23,5554.09,347987,20737,365,26077.44,208115,0,0.0595913065717972,0.0176013888219125,15.21668493150685,4.695177787900448,20523.35,0.7870155199283365
Google Search,2024-05-24,1183.76,97459,5033,240,5843.98,50196,0,0.0516422290399039,0.0476852771706735,4.932333333333333,4.936794620531188,4660.219999999999,0.7974394162882145
Google Search,2024-05-25,1198.6,86673,3476,1,0.0,43714,0,0.0401047615751156,0.0002876869965477,1198.6,0.0,-1198.6,
Google Search,2024-05-26,2935.24,200090,10842,136,4697.31,86942,0,0.0541856164725873,0.0125438111049621,21.58264705882353,1.6003154767582892,1762.0700000000006,0.3751232088152582
Google Search,2024-05-27,1716.41,141882,7719,181,3004.36,73409,0,0.0544043641899606,0.023448633242648,9.482928176795578,1.7503743278121198,1287.9500000000005,0.4286936319216073
Google Search,2024-05-28,1133.08,86924,4958,70,6427.59,42433,521,0.0570383323362937,0.0141185962081484,16.186857142857143,5.672670949977055,5294.51,0.8237161984507413
Google Search,2024-05-29,1667.25,169120,6824,4,0.0,122359,16068,0.0403500473036896,0.0005861664712778,416.8125,0.0,-1667.25,
Google Search,2024-05-30,3870.03,383617,23973,548,18930.15,169200,5948,0.0624920167771501,0.0228590497643181,7.0620985401459855,4.891473709506128,15060.12,0.7955626342105054
Google Search,2024-05-31,229.17,16244,794,20,1931.79,7347,0,0.0488795863087909,0.0251889168765743,11.4585,8.429506479905745,1702.62,0.881369092913826
Google Search,2024-06-01,4485.16,351336,15060,165,14084.63,165293,9157,0.0428649497916524,0.0109561752988047,27.18278787878788,3.140273702610386,9599.47,0.6815564200124533
Google Search,2024-06-02,1361.16,89867,4217,3,0.0,40818,3236,0.0469249001301924,0.0007114062129475,453.72,0.0,-1361.16,
Google Search,2024-06-03,459.26,26236,1026,26,1362.32,9716,0,0.0391065711236469,0.0253411306042884,17.663846153846155,2.9663371510691112,903.06,0.6628839039285924
Google Search,2024-06-04,1994.62,151877,7626,18,567.25,72029,0,0.0502116844551841,0.002360346184107,110.81222222222225,0.284390009124545,-1427.37,-2.516297928602909
Google Search,2024-06-05,744.36,39282,1743,38,4122.67,19538,591,0.0443714678478692,0.0218014916810097,19.588421052631578,5.538543178032135,3378.31,0.8194471058804125
Google Search,2024-06-06,1813.78,108527,4788,76,1925.42,54552,6528,0.0441180535719221,0.0158730158730158,23.86552631578948,1.0615510150073328,111.6400000000001,0.0579821545429049
Google Search,2024-06-07,2657.86,241528,11764,232,9444.55,136326,0,0.0487065681825709,0.0197211832709962,11.456293103448276,3.55344149052245,6786.689999999999,0.7185826746642242
Google Search,2024-06-08,308.18,17672,677,0,0.0,6730,0,0.0383091896785875,0.0,,0.0,-308.18,
Google Search,2024-06-09,1752.74,184102,8311,77,8252.41,90372,28742,0.0451434530857893,0.0092648297437131,22.762857142857143,4.708291018633682,6499.67,0.7876087106675504
Google Search,2024-06-10,4356.87,264034,11953,100,10435.41,118278,3104,0.0452706848360438,0.0083661005605287,43.5687,2.3951621232673914,6078.54,0.582491727684873
Google Search,2024-06-11,1023.87,68889,4693,16,92.59,31766,0,0.0681240836708328,0.0034093330492222,63.991875,0.0904314024241358,-931.28,-10.058105626957554
Google Search,2024-06-12,333.91,19065,846,0,0.0,11604,0,0.0443745082612116,0.0,,0.0,-333.91,
Google Search,2024-06-13,3895.94,261593,13877,292,26629.97,122058,13922,0.0530480555672361,0.0210420119622396,13.342260273972602,6.83531317217411,22734.03,0.8537009241842932
Google Search,2024-06-14,827.15,54106,2426,10,111.55,34415,0,0.0448379107677521,0.0041220115416323,82.715,0.1348606661427794,-715.6,-6.415060510981623
Google Search,2024-06-15,230.73,17331,759,1,0.0,8359,0,0.043794356932664,0.0013175230566534,230.73,0.0,-230.73,
Google Search,2024-06-16,2525.78,124461,6165,42,3474.89,55531,0,0.0495335888350567,0.0068126520681265,60.137619047619054,1.3757690693567926,949.1099999999996,0.2731338258189467
Google Search,2024-06-17,3246.6,154248,7477,169,16522.019999999997,68610,15768,0.0484738862092215,0.0226026481209041,19.21065088757397,5.089022361855479,13275.419999999996,0.8034986036816321
Google Search,2024-06-18,475.58,30784,1428,26,1235.2,13435,0,0.0463877338877338,0.0182072829131652,18.29153846153846,2.5972496740821733,759.62,0.6149773316062176
Google Search,2024-06-19,4516.93,368747,20219,145,10001.21,177455,0,0.0548316325285358,0.0071714723774667,31.151241379310346,2.214160945598006,5484.280000000001,0.5483616482405629
Google Search,2024-06-20,2470.96,199012,11670,511,11667.4,112793,623,0.0586396800192953,0.0437874892887746,4.8355381604696674,4.721808527859617,9196.44,0.7882167406620154
Google Search,2024-06-21,3139.95,268310,14157,13,0.0,141109,35026,0.0527635943498192,0.0009182736455463,241.53461538461536,0.0,-3139.95,
Google Search,2024-06-22,1921.8,139677,5695,139,10909.0,83752,0,0.0407726397330985,0.0244073748902546,13.82589928057554,5.67644916224373,8987.2,0.8238335319460997
Google Search,2024-06-23,2832.8,232744,12574,476,6872.410000000001,121407,0,0.0540250232014574,0.0378558931127723,5.951260504201681,2.4260131318836486,4039.6100000000006,0.5878010770603035
Google Search,2024-06-24,1090.9,55834,3063,60,6419.22,26901,2893,0.0548590464591467,0.019588638589618,18.18166666666667,5.884334036116967,5328.32,0.8300572343680384
Google Search,2024-06-25,80.5,5103,323,9,321.1,2246,0,0.0632961003331373,0.0278637770897832,8.944444444444445,3.988819875776398,240.6,0.7492992837122392
Google Search,2024-06-26,402.96,38134,2156,4,0.0,16006,0,0.0565374731210992,0.0018552875695732,100.74,0.0,-402.96,
Google Search,2024-06-27,1190.01,81118,5923,205,4922.59,35952,3263,0.0730170862200744,0.0346108391018065,5.804926829268292,4.136595490794195,3732.58,0.758255308689125
Google Search,2024-06-28,998.05,59489,2532,1,0.0,34516,7105,0.0425624905444704,0.0003949447077409,998.05,0.0,-998.05,
Google Search,2024-06-29,1773.35,144363,4919,24,1458.62,75220,2457,0.0340738277813567,0.0048790404553771,73.88958333333333,0.8225223447148052,-314.73000000000025,-0.2157724424455994
Google Search,2024-06-30,571.89,57995,1456,0,0.0,24037,0,0.0251056125528062,0.0,,0.0,-571.89,
Google Search,2024-07-01,2712.76,166833,10169,222,8472.210000000001,81356,2120,0.0609531687375998,0.0218310551676664,12.219639639639638,3.1230960350344303,5759.450000000001,0.6798049151284021
Google Search,2024-07-02,3433.16,195376,9258,193,10605.46,102062,1290,0.0473855540086807,0.020846835169583,17.78839378238342,3.089124887858416,7172.299999999999,0.676283725552687
Google Search,2024-07-03,2739.78,229942,13003,12,0.0,128609,32606,0.0565490428020979,0.000922863954472,228.315,0.0,-2739.78,
Google Search,2024-07-04,984.3,109586,5858,156,10410.63,45362,1067,0.0534557333966017,0.0266302492318197,6.309615384615385,10.576683937823832,9426.33,0.9054524077793564
Google Search,2024-07-05,2832.45,187100,8838,70,6606.280000000001,87153,13538,0.0472367717797969,0.0079203439692238,40.46357142857143,2.3323553813836084,3773.830000000001,0.5712488722851591
Google Search,2024-07-06,3444.24,289984,13084,28,1309.8000000000002,136745,0,0.0451197307437651,0.0021400183430143,123.0085714285714,0.3802870880078044,-2134.44,-1.629592304168575
Google Search,2024-07-07,2798.84,218760,10127,236,7335.72,124689,10679,0.0462927409032729,0.0233040387084032,11.859491525423728,2.62098583698961,4536.880000000001,0.6184641725692912
Google Search,2024-07-08,5535.42,484577,28225,1024,64013.91,242904,19732,0.0582466769987019,0.0362798937112488,5.40568359375,11.56441787615032,58478.490000000005,0.9135278566798998
Google Search,2024-07-09,2228.9,195270,11171,18,260.79,91486,0,0.0572079684539355,0.0016113150120848,123.82777777777778,0.1170039032706716,-1968.11,-7.546723417308946
Google Search,2024-07-10,925.67,56464,2317,2,257.78,30750,6391,0.0410349957495041,0.0008631851532153,462.835,0.2784793716983373,-667.8900000000001,-2.590930250601289
Google Search,2024-07-11,2506.72,149317,8623,175,6123.24,74529,2960,0.057749619936109,0.0202945610576365,14.324114285714284,2.442729941916129,3616.52,0.590621958309653
Google Search,2024-07-12,4064.72,316124,19714,536,37403.21,157068,2232,0.0623616049398337,0.0271887998376788,7.583432835820895,9.2019155070952,33338.49,0.8913269743425765
Google Search,2024-07-13,2670.8300000000004,225726,12701,116,2021.5,112525,27800,0.0562673329612007,0.0091331391229037,23.02439655172414,0.7568808198200558,-649.3300000000004,-0.3212119713084345
Google Search,2024-07-14,3443.37,231060,12978,457,9896.74,118471,0,0.0561672292910932,0.0352134381260594,7.53472647702407,2.87414364416255,6453.37,0.6520702776874001
Google Search,2024-07-15,210.02,11693,619,32,345.94,6535,306,0.0529376550072693,0.0516962843295638,6.563124999999999,1.6471764593848206,135.92000000000002,0.392900502977395
Google Search,2024-07-16,1086.87,64703,3068,3,0.0,40972,2108,0.0474166576511135,0.0009778357235984,362.29,0.0,-1086.87,
Google Search,2024-07-17,2887.9,190670,10089,16,0.0,97665,0,0.0529134106047097,0.0015858856179998,180.49375,0.0,-2887.9,
Google Search,2024-07-18,3847.03,424604,16357,105,4056.67,199688,0,0.0385229531516424,0.0064192700372929,36.63838095238096,1.0544939862699276,209.63999999999987,0.0516778540034067
Google Search,2024-07-19,2025.91,134293,9710,232,15065.96,62821,0,0.0723045877298146,0.0238928939237899,8.732370689655172,7.436638350173502,13040.05,0.8655306399326694
Google Search,2024-07-20,1071.73,52878,1840,0,0.0,32655,8994,0.034797080071107,0.0,,0.0,-1071.73,
Google Search,2024-07-21,1546.08,99741,4866,220,5757.29,50019,465,0.0487863566637591,0.0452116728318947,7.027636363636363,3.7237982510607472,4211.21,0.7314569875757518
Google Search,2024-07-22,2815.09,220298,13251,499,27932.63,113762,0,0.0601503418097304,0.0376575352803562,5.641462925851704,9.92246429066211,25117.54,0.8992185841433478
Google Search,2024-07-23,535.57,31474,1521,25,590.21,16367,2065,0.04832560208426,0.0164365548980933,21.4228,1.102022144630954,54.63999999999999,0.0925772182782399
Google Search,2024-07-24,3963.42,354151,17916,429,38802.34,139270,23617,0.0505885907423669,0.0239450770261219,9.23874125874126,9.7901156072281,34838.92,0.897856160221265
Google Search,2024-07-25,3900.88,349203,16413,22,124.04,159633,427,0.0470013144216974,0.0013404009017242,177.31272727272727,0.0317979532823363,-3776.84,-30.44856497903902
Google Search,2024-07-26,2178.42,186600,10254,503,10900.99,97121,2665,0.0549517684887459,0.0490540276965086,4.330854870775348,5.004080939396443,8722.57,0.8001631044519809
Google Search,2024-07-27,416.6,38107,2386,77,2897.73,15285,0,0.0626131681843231,0.0322715842414082,5.41038961038961,6.955664906385021,2481.13,0.8562322921735289
Google Search,2024-07-28,159.24,12085,527,19,665.7,6564,0,0.0436077782374844,0.0360531309297912,8.381052631578948,4.180482290881688,506.46,0.7607931500675981
Google Search,2024-07-29,1137.55,83881,4298,57,6827.2,44599,0,0.0512392556121171,0.0132619823173569,19.95701754385965,6.001670256252472,5689.65,0.833379716428404
Google Search,2024-07-30,4438.68,307512,14897,320,6749.66,129088,14928,0.0484436379718515,0.0214808350674632,13.870875000000002,1.5206457775735127,2310.98,0.3423846534492107
Google Search,2024-07-31,3035.2,230408,11598,196,15665.270000000002,108194,15206,0.0503367938613242,0.0168994654250732,15.485714285714284,5.161198603057461,12630.070000000003,0.8062465568739001
Google Search,2024-08-01,2863.36,275912,11581,25,1398.57,127793,25375,0.0419735277914697,0.0021587082289957,114.5344,0.4884366618238712,-1464.7900000000002,-1.047348362970749
Google Search,2024-08-02,4097.75,264281,13408,108,2524.71,156505,9532,0.0507338779556608,0.0080548926014319,37.942129629629626,0.6161210420352633,-1573.04,-0.6230576977157772
Google Search,2024-08-03,5590.01,353624,16435,100,4169.02,189540,0,0.0464759179241228,0.0060845756008518,55.9001,0.7457983080531162,-1420.9899999999998,-0.3408450906927766
Google Search,2024-08-04,1158.15,92710,4046,3,0.0,55928,0,0.043641462625391,0.0007414730598121,386.05,0.0,-1158.15,
Google Search,2024-08-05,4445.5,447869,20217,166,7154.71,225065,23800,0.0451404316887304,0.0082109116090418,26.78012048192771,1.6094275109661456,2709.21,0.3786610498538725
Google Search,2024-08-06,943.4,70007,3840,31,364.28,36376,7907,0.0548516576913737,0.0080729166666666,30.43225806451613,0.3861352554589781,-579.1200000000001,-1.5897661139782586
Google Search,2024-08-07,913.86,56449,3848,24,605.11,25380,0,0.0681677266204893,0.0062370062370062,38.0775,0.6621473748714245,-308.75,-0.5102378080018509
Google Search,2024-08-08,3948.99,292628,11691,5,0.0,170109,4388,0.0399517476113017,0.0004276794115131,789.798,0.0,-3948.99,
Google Search,2024-08-09,1234.8200000000002,100496,6121,5,550.29,49004,20679,0.0609078968317146,0.0008168599901976,246.96400000000003,0.4456438995157188,-684.5300000000002,-1.2439441022006583
Google Search,2024-08-10,1481.42,106456,6436,158,10204.01,64543,0,0.0604569023822048,0.0245494095711622,9.376075949367088,6.88799260169297,8722.59,0.8548198208351423
Google Search,2024-08-11,4593.900000000001,319796,14221,10,0.0,171989,6055,0.0444689739709064,0.0007031854299978,459.39,0.0,-4593.900000000001,
Google Search,2024-08-12,1825.01,146996,5496,47,2389.82,93809,0,0.037388772483605,0.008551673944687,38.83,1.3094832357082975,564.8100000000002,0.2363399753956365
Google Search,2024-08-13,3134.6800000000003,260695,11488,163,2320.45,154151,0,0.0440668213813076,0.0141887186629526,19.23116564417178,0.7402509985070245,-814.2300000000005,-0.3508931457260447
Google Search,2024-08-14,3445.19,199222,8853,149,6300.17,108370,1188,0.044437863288191,0.0168304529538009,23.12208053691275,1.8286857909142893,2854.98,0.4531592004660191
Google Search,2024-08-15,2444.76,168680,9883,83,2272.56,97488,0,0.0585902300213421,0.0083982596377618,29.45493975903614,0.92956363814853,-172.19999999999982,-0.0757735769352623
Google Search,2024-08-16,424.28,33310,879,0,0.0,14672,6581,0.0263884719303512,0.0,,0.0,-424.28,
Google Search,2024-08-17,1863.19,97317,4746,62,4438.23,55863,0,0.0487684577206449,0.013063632532659,30.051451612903225,2.382059800664452,2575.0399999999995,0.5801952580195258
Google Search,2024-08-18,3793.45,217829,8047,6,0.0,137293,0,0.0369418213369202,0.0007456194855225,632.2416666666667,0.0,-3793.45,
Google Search,2024-08-19,850.25,51240,3030,43,1476.56,24195,627,0.0591334894613583,0.0141914191419141,19.773255813953487,1.736618641576007,626.31,0.4241683372162323
Google Search,2024-08-20,2787.07,200671,10211,140,10058.97,93122,7124,0.0508842832297641,0.0137107041425913,19.907642857142857,3.6091558518444096,7271.9,0.7229269000702855
Google Search,2024-08-21,1396.9,125145,6918,89,2855.52,67732,0,0.0552798753446002,0.0128649898814686,15.695505617977526,2.0441835492877085,1458.62,0.5108071384546423
Google Search,2024-08-22,1619.5700000000002,121892,4920,7,418.63,66970,4209,0.040363600564434,0.0014227642276422,231.36714285714288,0.2584821897170236,-1200.94,-2.868738504168359
Google Search,2024-08-23,1173.79,84437,3852,3,0.0,39424,6883,0.0456198112201996,0.0007788161993769,391.2633333333333,0.0,-1173.79,
Google Search,2024-08-24,3244.12,292410,12552,310,4936.56,145334,0,0.0429260285215963,0.0246972594008922,10.46490322580645,1.5216946352169465,1692.4399999999996,0.342837927625715
Google Search,2024-08-25,2310.36,144484,7563,95,2265.12,59211,0,0.0523448963206998,0.012561152981621,24.319578947368417,0.9804186360567184,-45.23999999999978,-0.0199724517906335
Google Search,2024-08-26,878.9,52442,2223,1,0.0,29868,0,0.042389687654933,0.0004498425551057,878.9,0.0,-878.9,
Google Search,2024-08-27,1012.25,44215,2205,63,3711.54,24434,0,0.049869953635644,0.0285714285714285,16.067460317460316,3.666623857742653,2699.29,0.7272695431007076
Google Search,2024-08-28,1276.14,99762,4884,36,675.72,48526,8637,0.0489565165092921,0.0073710073710073,35.44833333333333,0.5295030325826321,-600.4199999999998,-0.8885633102468475
Google Search,2024-08-29,2552.93,251118,11586,368,24100.92,128782,0,0.0461376723293431,0.0317624719489038,6.937309782608695,9.440493863913227,21547.99,0.8940733382792025
Google Search,2024-08-30,1252.75,81806,3608,32,2031.61,42111,1277,0.0441043444246143,0.0088691796008869,39.1484375,1.621720215525843,778.8599999999999,0.3833708241247089
Google Search,2024-08-31,2845.02,153261,9533,283,14614.12,54875,0,0.0622010818146821,0.0296863526696737,10.053074204946997,5.136737175837077,11769.1,0.8053238922357281
Google Search,2024-09-01,2113.7,178637,6730,3,0.0,89482,12302,0.0376741660462278,0.000445765230312,704.5666666666666,0.0,-2113.7,
Google Search,2024-09-02,1503.16,98801,5980,147,6142.68,50468,3660,0.0605257031811418,0.0245819397993311,10.225578231292518,4.08651108331781,4639.52,0.755292478201697
Google Search,2024-09-03,2800.36,209210,13649,27,344.88,98536,0,0.0652406672721189,0.0019781668986738,103.71703703703704,0.1231555942807353,-2455.48,-7.119809788912086
Google Search,2024-09-04,1066.41,96941,5062,416,5583.2,47061,0,0.0522173280655243,0.0821809561438166,2.5634855769230773,5.235509794544312,4516.79,0.8089966327554091
Google Search,2024-09-05,2915.15,270417,13503,356,5538.04,138424,10476,0.0499339908363749,0.026364511590017,8.188623595505618,1.8997444385366105,2622.89,0.473613408353858
Google Search,2024-09-06,5530.59,441447,21888,208,6154.48,243864,0,0.0495823960747269,0.0095029239766081,26.589375,1.1128071326928952,623.8899999999994,0.1013716837165771
Google Search,2024-09-07,3012.75,209226,11234,33,1199.57,89601,0,0.0536931356523567,0.002937511126936,91.29545454545456,0.3981644676790307,-1813.18,-1.5115249631117815
Google Search,2024-09-08,5849.26,495208,23371,142,18468.44,251798,9025,0.047194310269624,0.0060759060373967,41.19197183098591,3.157397687912659,12619.179999999998,0.6832834825247828
Google Search,2024-09-09,5168.06,353323,15523,139,8014.98,165921,0,0.0439343037390716,0.008954454680152,37.18028776978417,1.5508682174742554,2846.92,0.3551998882093281
Google Search,2024-09-10,382.86,38000,2194,25,1029.01,17924,0,0.0577368421052631,0.011394712853236,15.3144,2.687692629159484,646.15,0.6279336449597186
Google Search,2024-09-11,5606.09,390855,31638,518,51459.71000000001,221666,0,0.0809456192194036,0.0163727163537518,10.822567567567567,9.179251492573256,45853.62000000001,0.8910586554024499
Google Search,2024-09-12,1588.8200000000002,93194,3901,3,0.0,41549,5068,0.0418589179560916,0.000769033581133,529.6066666666667,0.0,-1588.8200000000002,
Google Search,2024-09-13,5453.26,323170,16738,375,18652.02,156845,0,0.051793173871337,0.022404110407456,14.542026666666668,3.4203430608480065,13198.76,0.7076316667041961
Google Search,2024-09-14,1638.33,101770,5271,167,5715.51,50812,0,0.0517932593102093,0.0316827926389679,9.810359281437126,3.488619508890151,4077.18,0.7133536639774929
Google Search,2024-09-15,1338.06,94181,5374,294,12050.41,54978,0,0.0570603412577908,0.0547078526237439,4.551224489795918,9.005881649552338,10712.35,0.8889614544235425
Google Search,2024-09-16,2126.37,182097,12712,583,7857.75,70186,2312,0.0698089479782753,0.0458621774701069,3.647289879931389,3.695382271194571,5731.38,0.7293920015271548
Google Search,2024-09-17,7089.530000000001,475928,28180,875,43524.600000000006,216014,20674,0.0592106369030609,0.0310503903477643,8.10232,6.139278626368744,36435.07000000001,0.8371144134581364
Google Search,2024-09-18,902.38,86522,4440,8,332.37,47584,0,0.0513164281916737,0.0018018018018018,112.7975,0.3683259824020922,-570.01,-1.7149863104371634
Google Search,2024-09-19,786.34,64353,3827,150,9649.33,28648,1206,0.059468867030286,0.039195192056441,5.242266666666667,12.271193122567846,8862.99,0.9185083316665508
Google Search,2024-09-20,988.35,71454,4792,241,15699.96,45686,0,0.0670641251714389,0.0502921535893155,4.101037344398341,15.885020488693277,14711.61,0.9370476103123828
Google Search,2024-09-21,1342.83,65275,3673,240,5859.12,39182,1225,0.0562696284948295,0.0653416825483256,5.595125,4.363262661692098,4516.29,0.770813705812477
Google Search,2024-09-22,3616.43,345614,19624,714,30713.07,147648,0,0.0567801072873205,0.036384019567876,5.0650280112044825,8.492648827711305,27096.64,0.8822511067763659
Google Search,2024-09-23,2918.3100000000004,322044,14273,8,0.0,145894,7721,0.0443200308032442,0.0005604988439711,364.7887500000001,0.0,-2918.3100000000004,
Google Search,2024-09-24,701.97,45187,3450,3,0.0,20305,0,0.0763493925243986,0.0008695652173913,233.99,0.0,-701.97,
Google Search,2024-09-25,4812.04,279035,14736,109,4365.38,133115,0,0.0528105793180067,0.0073968512486427,44.14715596330275,0.9071786601940134,-446.6599999999999,-0.1023186984867296
Google Search,2024-09-26,3399.67,253101,12025,76,840.39,118222,29495,0.0475106775556003,0.0063201663201663,44.7325,0.2471975221124403,-2559.28,-3.0453479931936367
Google Search,2024-09-27,2011.9,121227,7810,252,3763.22,59148,0,0.0644245918813465,0.0322663252240717,7.983730158730159,1.870480640190864,1751.3199999999997,0.4653780539006488
Google Search,2024-09-28,1297.47,80484,3887,116,3976.51,34684,1627,0.048295313354207,0.0298430666323642,11.185086206896552,3.0648184543765944,2679.04,0.673716399556395
Google Search,2024-09-29,1649.52,117406,6136,15,1526.57,60581,0,0.052263087065397,0.002444589308996,109.968,0.9254631650419516,-122.95000000000005,-0.0805400341943049
Google Search,2024-09-30,3625.32,243590,14412,164,3399.24,107702,25153,0.0591649903526417,0.0113794060505134,22.10560975609756,0.9376386084538744,-226.0800000000004,-0.0665089843612102
Google Search,2024-10-01,2048.55,140341,10898,127,7490.719999999999,76473,0,0.0776537148801846,0.011653514406313,16.130314960629924,3.6565961289692703,5442.169999999999,0.7265216160796292
Google Search,2024-10-02,2486.01,162316,10800,242,19000.97,82407,12974,0.0665368786810912,0.0224074074074074,10.272768595041322,7.643159118426715,16514.96,0.8691640479407104
Google Search,2024-10-03,2238.63,149632,9520,136,7337.03,100524,0,0.0636227544910179,0.0142857142857142,16.460514705882353,3.277464342030617,5098.4,0.6948860778816497
Google Search,2024-10-04,1798.46,97975,5155,2,0.0,62211,15161,0.052615463128349,0.000387972841901,899.23,0.0,-1798.46,
Google Search,2024-10-05,4634.99,280361,20465,21,0.0,138388,0,0.0729951740791336,0.0010261421939897,220.71380952380952,0.0,-4634.99,
Google Search,2024-10-06,3222.7,193540,11487,74,5309.61,104929,6620,0.0593520719231166,0.006442064942979,43.55,1.6475657057746609,2086.91,0.3930439335469083
Google Search,2024-10-07,511.73,34909,3522,183,4386.13,15563,0,0.1008908877366868,0.0519591141396933,2.796338797814208,8.571180114513513,3874.4,0.883329951460627
Google Search,2024-10-08,3364.98,265933,20748,349,18563.75,123157,0,0.0780196515663719,0.0168208983998457,9.641776504297994,5.516748985135128,15198.77,0.8187338226382062
Google Search,2024-10-09,633.23,35245,2955,70,6402.6,18114,0,0.0838416796708753,0.0236886632825719,9.046142857142858,10.111018113481672,5769.370000000001,0.9010979914409772
Google Search,2024-10-10,6075.69,426816,28277,38,1837.65,206518,43836,0.0662510308891887,0.0013438483573222,159.8865789473684,0.3024594737387852,-4238.039999999999,-2.306228063015264
Google Search,2024-10-11,3324.42,205856,13153,185,2300.28,134274,36308,0.0638941784548422,0.0140652322664031,17.969837837837837,0.6919342321367336,-1024.1400000000003,-0.4452240596796913
Google Search,2024-10-12,250.19,11057,680,0,0.0,5382,0,0.0614995025775526,0.0,,0.0,-250.19,
Google Search,2024-10-13,2252.76,235398,14222,420,9823.24,143734,0,0.0604168259713336,0.0295317114329911,5.363714285714286,4.360535520872174,7570.48,0.7706703694504053
Google Search,2024-10-14,1874.2,162040,8235,11,0.0,93320,5562,0.0508207849913601,0.0013357619914996,170.38181818181818,0.0,-1874.2,
Google Search,2024-10-15,2189.26,125273,8436,8,0.0,66647,0,0.0673409274145266,0.0009483167377904,273.6575,0.0,-2189.26,
Google Search,2024-10-16,5361.76,399128,27141,99,1459.97,216665,1689,0.0680007416167244,0.0036476179949154,54.15919191919192,0.2722930530273641,-3901.79,-2.672513818777098
Google Search,2024-10-17,4298.61,269677,18534,915,85663.64,130723,14445,0.0687266618955268,0.0493687277436063,4.697934426229508,19.92821865672857,81365.03,0.9498199002517288
Google Search,2024-10-18,1072.95,58312,3429,111,12289.97,21076,1924,0.0588043627383728,0.0323709536307961,9.666216216216217,11.454373456358637,11217.02,0.9126971017829986
Google Search,2024-10-19,6317.09,366733,27472,917,10875.59,166537,28169,0.0749100844483589,0.0333794408852649,6.88886586695747,1.7216139076695125,4558.5,0.4191496737188511
Google Search,2024-10-20,1532.65,106144,6920,8,0.0,51930,0,0.0651944528188121,0.0011560693641618,191.58125,0.0,-1532.65,
Google Search,2024-10-21,1746.81,152512,10312,14,0.0,75491,7059,0.0676143516575744,0.0013576415826221,124.77214285714284,0.0,-1746.81,
Google Search,2024-10-22,2930.83,216979,17849,1123,30502.57,103388,0,0.0822614170034888,0.0629166900106448,2.6098219056099734,10.407485251618144,27571.74,0.9039153094313036
Google Search,2024-10-23,5728.63,432679,27904,17,0.0,182898,12450,0.0644912279079872,0.0006092316513761,336.97823529411767,0.0,-5728.63,
Google Search,2024-10-24,4055.24,258756,18305,28,0.0,145784,0,0.0707423209510117,0.001529636711281,144.82999999999998,0.0,-4055.24,
Google Search,2024-10-25,5489.5,378953,25147,616,36756.14,177893,0,0.0663591527181471,0.0244959637332485,8.911525974025974,6.695717278440659,31266.64,0.8506508028318533
Google Search,2024-10-26,7418.6,541299,34023,218,2586.2,280100,47298,0.0628543559105041,0.00640743026776,34.0302752293578,0.3486102499123824,-4832.400000000001,-1.868532982754621
Google Search,2024-10-27,2346.98,129808,8433,214,12852.08,71578,0,0.0649651793417971,0.0253764970947468,10.967196261682243,5.476007464912356,10505.1,0.8173852014615534
Google Search,2024-10-28,899.72,69819,5079,436,10156.12,35980,0,0.0727452412667039,0.0858436700137822,2.063577981651376,11.28808962788423,9256.4,0.9114110506768334
Google Search,2024-10-29,4488.06,289407,19018,742,27734.02,130230,0,0.0657136834976348,0.0390156693658639,6.048598382749327,6.179511860358373,23245.96,0.8381749201882741
Google Search,2024-10-30,3059.1,303931,25235,1337,27312.3,143776,0,0.0830287137541086,0.0529819694868238,2.288032909498878,8.928214180641366,24253.2,0.8879955185026527
Google Search,2024-10-31,5580.16,329538,20287,356,4469.15,209399,0,0.0615619442977744,0.0175481835658303,15.674606741573031,0.8008999741942883,-1111.0100000000002,-0.2485953704843203
Google Search,2024-11-01,3878.9,279992,18367,337,23695.78,161212,0,0.0655983028086516,0.01834812435346,11.510089020771511,6.108891696099409,19816.88,0.8363041858086122
Google Search,2024-11-02,2581.62,151822,14212,381,22781.37,66452,0,0.0936096217939429,0.0268083309878975,6.775905511811024,8.824447439979547,20199.75,0.8866784570023665
Google Search,2024-11-03,3328.66,243287,16983,830,33956.89,131247,5624,0.069806442596604,0.0488724018135782,4.010433734939759,10.20136931978634,30628.23,0.9019739440213752
Google Search,2024-11-04,5608.85,499999,27998,428,26730.17,265809,6476,0.0559961119922239,0.0152868062004428,13.104789719626169,4.765713114096473,21121.32,0.790167814121646
Google Search,2024-11-05,859.34,61175,5216,6,0.0,34585,4051,0.0852635880670208,0.0011503067484662,143.22333333333333,0.0,-859.34,
Google Search,2024-11-06,7796.84,600626,33246,1209,41815.93,290721,0,0.0553522491533833,0.0363652770258076,6.448999172870141,5.363189445980679,34019.09,0.8135437858251627
Google Search,2024-11-07,5456.94,342377,22354,578,11446.36,179921,3374,0.0652906007120805,0.025856669947213,9.44107266435986,2.097578496373426,5989.420000000001,0.5232597961273279
Google Search,2024-11-08,1364.41,97046,6538,298,14697.14,49551,0,0.0673701131422212,0.0455796879779749,4.578557046979865,10.771791470305848,13332.73,0.9071649314084236
Google Search,2024-11-09,1380.96,102342,6471,162,5234.48,58046,11553,0.0632291727736413,0.0250347705146036,8.524444444444445,3.790464604333217,3853.52,0.7361800981186287
Google Search,2024-11-10,7074.09,523502,30714,1727,59067.31,242029,18424,0.0586702629598358,0.0562284300319072,4.096172553561089,8.349810364301273,51993.22,0.8802368010325847
Google Search,2024-11-11,303.32,21815,1857,5,0.0,14120,0,0.0851249140499656,0.0026925148088314,60.664,0.0,-303.32,
Google Search,2024-11-12,1501.34,112144,6762,595,7753.12,41077,719,0.0602974746754173,0.087991718426501,2.5232605042016805,5.164133374185727,6251.78,0.8063566667354561
Google Search,2024-11-13,5673.58,375966,28251,302,28665.13,218843,0,0.075142433092354,0.010689887083643,18.786688741721854,5.052388439045541,22991.550000000003,0.8020738088402182
Google Search,2024-11-14,4133.26,461096,26606,823,56807.99,271006,0,0.0577016499817825,0.0309328722844471,5.022187120291616,13.7441123955425,52674.73,0.9272415728843776
Google Search,2024-11-15,562.02,55611,2987,3,0.0,25217,0,0.0537123950297603,0.0010043521928356,187.34,0.0,-562.02,
Google Search,2024-11-16,4690.75,418626,31085,1129,95372.36,186011,3533,0.0742548241150812,0.0363197683770307,4.154782993799823,20.332006608751264,90681.61,0.9508164629668386
Google Search,2024-11-17,4431.7,370714,27130,851,72191.93,208273,3124,0.0731831007191527,0.0313674898636196,5.207638072855464,16.289895525419137,67760.23,0.9386122520896728
Google Search,2024-11-18,3388.52,215664,14595,542,52678.26,102929,0,0.0676747162252392,0.0371360054813292,6.251881918819188,15.546096821031009,49289.74,0.9356751722627134
Google Search,2024-11-19,2770.24,273147,18101,164,2033.36,160704,0,0.0662683463483033,0.0090602729130987,16.89170731707317,0.7340013861614878,-736.8799999999999,-0.3623952472754455
Google Search,2024-11-20,2605.39,230811,15351,410,20727.0,88036,0,0.0665089618779001,0.0267083577617093,6.3546097560975605,7.955430856800709,18121.61,0.8742997056978821
Google Search,2024-11-21,2908.61,172780,12364,220,13644.5,80502,1738,0.0715592082416946,0.0177935943060498,13.220954545454546,4.691072367900818,10735.89,0.7868291252885777
Google Search,2024-11-22,2391.13,183152,11975,410,49883.78,92747,0,0.0653828514021141,0.0342379958246346,5.832024390243903,20.86201084842731,47492.65,0.9520659821689536
Google Search,2024-11-23,1739.7,121780,9657,362,21772.05,61333,2378,0.079298735424536,0.0374857616236926,4.805801104972376,12.514830143128124,20032.35,0.920094800443688
Google Search,2024-11-24,4608.93,338616,15546,327,20658.74,202392,25104,0.0459104117938904,0.0210343496719413,14.094587155963303,4.48232887025839,16049.81,0.7769016890671938
Google Search,2024-11-25,2402.11,205753,15894,387,8129.12,109682,0,0.0772479623626387,0.0243488108720271,6.207002583979328,3.384158094342057,5727.01,0.704505530733954
Google Search,2024-11-26,4184.54,368625,21236,263,3687.48,182745,0,0.0576086809087826,0.0123846298737992,15.910798479087452,0.8812151395374402,-497.06,-0.1347966633039365
Google Search,2024-11-27,3687.63,221169,14563,496,19935.230000000003,110317,6255,0.0658455751032016,0.0340589164320538,7.434737903225806,5.405973484324621,16247.600000000002,0.815019440457923
Google Search,2024-11-28,2012.13,123640,7899,376,7955.139999999999,59435,12252,0.0638870915561307,0.0476009621471072,5.351409574468085,3.953591467748107,5943.009999999999,0.7470654193389431
Google Search,2024-11-29,4301.76,220224,18822,671,23179.6,88891,0,0.0854675239755884,0.0356497715439379,6.41096870342772,5.388399166852636,18877.84,0.8144161245232876
Google Search,2024-11-30,2572.39,215445,15464,110,1239.08,115899,3377,0.071777019656989,0.0071132953957578,23.385363636363635,0.4816843480187685,-1333.31,-1.0760483584595022
Google Search,2024-12-01,2828.86,161279,9370,160,9474.03,65125,0,0.0580980784851096,0.0170757737459978,17.680374999999998,3.349062873383625,6645.170000000001,0.7014090096822577
Google Search,2024-12-02,4322.11,237807,19018,423,24503.91,111328,0,0.0799724146051209,0.022242086444421,10.217754137115838,5.669432291172599,20181.8,0.8236154964656661
Google Search,2024-12-03,4291.57,397815,19888,402,23892.42,207097,29747,0.0499930872390432,0.0202131938857602,10.675547263681592,5.567291224423696,19600.85,0.8203794341468968
Google Search,2024-12-04,3370.27,281966,19727,905,25499.14,159958,11341,0.0699623358844683,0.045876210270188,3.724055248618785,7.565904215389271,22128.87,0.8678280914572021
Google Search,2024-12-05,3288.96,238750,13615,174,8796.240000000002,144441,27221,0.0570261780104712,0.0127800220345207,18.90206896551724,2.674474605954466,5507.280000000002,0.6260947859539986
Google Search,2024-12-06,5248.179999999999,342366,19941,466,14748.9,144068,38523,0.0582446855119959,0.0233689383681861,11.262188841201716,2.8102885190675626,9500.72,0.6441646495670864
Google Search,2024-12-07,1903.42,200769,9838,9,0.0,87335,0,0.0490015888907152,0.0009148200853832,211.4911111111111,0.0,-1903.42,
Google Search,2024-12-08,2273.2,190902,13444,366,21633.0,83830,0,0.0704235681134823,0.0272240404641475,6.210928961748634,9.516540559563612,19359.8,0.8949197984560625
Google Search,2024-12-09,2624.68,207440,12397,142,11367.41,89165,0,0.059761858850752,0.0114543841251915,18.483661971830983,4.330969870612798,8742.73,0.7691048356661719
Google Search,2024-12-10,3121.28,181726,13975,1156,22245.62,92585,0,0.0769014890549508,0.0827191413237924,2.7000692041522494,7.127082478982981,19124.34,0.8596901322597438
Google Search,2024-12-11,3069.5,239889,20762,899,74872.28,106600,0,0.0865483619507355,0.04330026009055,3.414349276974416,24.392337514253136,71802.78,0.9590035190593902
Google Search,2024-12-12,1238.77,129613,8315,176,4095.0,75567,13543,0.0641525155655682,0.0211665664461816,7.038465909090909,3.305698394375065,2856.23,0.6974920634920635
Google Search,2024-12-13,2497.73,184941,14154,254,21566.84,99594,837,0.0765325157753013,0.0179454571145965,9.833582677165357,8.634576195185229,19069.11,0.8841865567695593
Google Search,2024-12-14,5242.75,407206,27292,97,3321.71,187417,0,0.0670225880758142,0.0035541550637549,54.04896907216495,0.6335816127032569,-1921.04,-0.5783286319395733
Google Search,2024-12-15,1483.67,99694,5864,69,2389.88,49797,0,0.0588199891668505,0.0117667121418826,21.502463768115945,1.610789461268341,906.21,0.3791864026645689
Google Search,2024-12-16,169.45,14021,651,1,0.0,7401,0,0.0464303544682975,0.0015360983102918,169.45,0.0,-169.45,
Google Search,2024-12-17,1145.79,92714,4761,5,0.0,55028,18210,0.0513514679552171,0.0010501995379122,229.158,0.0,-1145.79,
Google Search,2024-12-18,2292.6,141007,7947,254,19189.97,57614,13668,0.0563589041678781,0.031961746571033,9.025984251968504,8.370396056878654,16897.370000000003,0.8805313400698387
Google Search,2024-12-19,4411.54,321164,17112,10,0.0,140422,0,0.053281189672566,0.0005843852267414,441.154,0.0,-4411.54,
Google Search,2024-12-20,1504.53,77745,6280,269,20487.33,38698,851,0.080776898835938,0.0428343949044585,5.593048327137546,13.617096368965722,18982.8,0.9265629049759048
Google Search,2024-12-21,3517.02,254948,18578,655,17650.98,111187,20337,0.0728697616768909,0.03525675530197,5.369496183206107,5.018731767234761,14133.96,0.8007464741334476
Google Search,2024-12-22,6174.24,375269,23253,34,0.0,213648,7109,0.0619635514790723,0.0014621769234077,181.59529411764703,0.0,-6174.24,
Google Search,2024-12-23,5163.2,426767,26211,860,82276.52,219143,4058,0.0614175885201995,0.032810652016329,6.003720930232558,15.935179733498607,77113.32,0.9372457658636996
Google Search,2024-12-24,1252.12,145662,14175,461,64353.29,63519,0,0.0973143304362153,0.0325220458553791,2.716095444685466,51.395465290866696,63101.17,0.9805430305117268
Google Search,2024-12-25,3660.0,363474,24894,264,10392.3,212348,1223,0.0684890803743871,0.0106049650518197,13.863636363636363,2.8394262295081965,6732.299999999999,0.64781617158858
Google Search,2024-12-26,5118.44,362809,26875,651,39571.14,183495,15220,0.0740747886629052,0.0242232558139534,7.862427035330261,7.731093848907089,34452.7,0.8706521975358809
Google Search,2024-12-27,2978.4700000000003,232442,12882,656,7701.11,105276,8753,0.055420276886277,0.0509237696009936,4.540350609756098,2.585592602913576,4722.639999999999,0.6132414677884097
Google Search,2024-12-29,5135.21,354932,14152,389,16769.67,204463,0,0.0398724262675667,0.027487280949689,13.201053984575836,3.265624969572812,11634.46,0.6937799014530399
Google Search,2024-12-30,7869.72,564715,30279,880,49605.09,282792,0,0.053618196789531,0.029063046996268,8.942863636363636,6.303285250301155,41735.37,0.8413525708752871
Google Search,2024-12-31,5730.08,556598,49818,2164,31403.31,267564,0,0.0895044538428093,0.043438114737645,2.6479112754158964,5.4804313377823695,25673.230000000003,0.8175326104159084
Google Search,2025-01-01,2759.04,273666,16265,48,3264.09,146298,0,0.0594337623234161,0.0029511220411927,57.48,1.183052800974252,505.0500000000002,0.1547291894524967
Google Search,2025-01-02,1533.61,162532,8134,29,620.7,81815,3496,0.05004552949573,0.0035652815343004,52.88310344827587,0.4047313202183084,-912.91,-1.470774931528919
Google Search,2025-01-03,1062.15,86507,3450,16,226.23,43457,0,0.0398811656860138,0.0046376811594202,66.384375,0.2129925151814715,-835.9200000000001,-3.6950006630420376
Google Search,2025-01-04,384.38,35185,1917,10,625.81,24366,3903,0.0544834446497086,0.0052164840897235,38.438,1.6281023986679848,241.42999999999995,0.3857880187277288
Google Search,2025-01-05,2598.71,215199,11422,135,5573.56,121811,0,0.0530764548162398,0.0118192960952547,19.249703703703705,2.144741044595204,2974.8500000000004,0.5337432448919541
Google Search,2025-01-06,2374.95,173316,6986,38,2150.25,81129,12270,0.0403078769415403,0.0054394503292298,62.49868421052632,0.905387481841723,-224.69999999999985,-0.1044994768050225
Google Search,2025-01-07,230.52,16564,868,13,1053.56,9449,0,0.0524028012557353,0.0149769585253456,17.732307692307693,4.570362658337672,823.04,0.7811989824974372
Google Search,2025-01-08,69.05,4976,259,0,0.0,2912,0,0.0520498392282958,0.0,,0.0,-69.05,
Google Search,2025-01-09,2948.07,303936,18229,403,27201.27,141771,780,0.0599764424089281,0.0221076306983378,7.31531017369727,9.226806012068913,24253.2,0.8916201339128651
Google Search,2025-01-10,1450.98,70027,3376,2,0.0,35886,15404,0.0482099761520556,0.0005924170616113,725.49,0.0,-1450.98,
Google Search,2025-01-11,880.8000000000001,78975,4503,9,415.47,46824,0,0.0570180436847103,0.0019986675549633,97.86666666666667,0.4716961852861035,-465.33,-1.1200086648855514
Google Search,2025-01-12,3208.19,185944,8272,191,7963.2,87675,14379,0.0444865120681495,0.0230899419729206,16.796806282722514,2.4821472543708447,4755.01,0.5971230158730159
Google Search,2025-01-13,3679.73,226570,10471,69,1747.44,110474,5998,0.0462152977004899,0.0065896284977557,53.32942028985507,0.4748826680218386,-1932.29,-1.1057833173098932
Google Search,2025-01-14,2104.88,119398,6608,144,6613.86,51300,0,0.0553443106249685,0.0217917675544794,14.617222222222225,3.142155372277754,4508.98,0.6817471189290368
Google Search,2025-01-15,600.32,54409,2760,2,0.0,29489,9459,0.0507269017993346,0.0007246376811594,300.16,0.0,-600.32,
Google Search,2025-01-16,1899.38,104091,5007,65,1478.97,46401,0,0.0481021413955096,0.0129818254443778,29.22123076923077,0.7786593519990733,-420.4100000000001,-0.2842586394585421
Google Search,2025-01-17,4473.75,293827,14644,258,10370.93,124761,0,0.0498388507523134,0.0176181371210051,17.34011627906977,2.3181737915618887,5897.18,0.5686259573635152
Google Search,2025-01-18,2046.03,151788,8940,197,2238.4,81316,0,0.0588979365957783,0.0220357941834451,10.385939086294416,1.0940211042848835,192.3700000000001,0.0859408506075768
Google Search,2025-01-19,3235.22,341500,12571,9,421.99,174051,68368,0.0368111273792093,0.0007159334977328,359.46888888888884,0.1304362609034316,-2813.23,-6.66657977677196
Google Search,2025-01-20,3896.11,271131,9500,81,1509.43,106317,34866,0.0350384131655915,0.0085263157894736,48.10012345679012,0.3874197597090431,-2386.6800000000003,-1.581179650596583
Google Search,2025-01-21,3020.9300000000003,197449,11083,448,12380.25,90735,0,0.0561309502707028,0.0404222683388974,6.743147321428572,4.098158514099962,9359.32,0.7559879647018436
Google Search,2025-01-22,2596.34,222668,11046,258,3542.94,127943,2321,0.049607487380315,0.0233568712656165,10.063333333333334,1.3645901538319325,946.6,0.2671792353243351
Google Search,2025-01-23,2398.85,180342,8148,23,1808.31,74080,3366,0.0451808231027714,0.0028227785959744,104.29782608695652,0.75382370719303,-590.54,-0.3265701124254138
Google Search,2025-01-24,2378.67,174306,9445,327,24986.38,76360,0,0.0541863160189551,0.0346214928533615,7.274220183486238,10.50434906901756,22607.71,0.904801335767726
Google Search,2025-01-25,351.06,18710,941,12,122.26,9457,1172,0.0502939604489577,0.0127523910733262,29.255,0.3482595567709223,-228.8,-1.8714215606085391
Google Search,2025-01-26,4664.47,298610,13344,12,0.0,155705,1261,0.0446870499983255,0.0008992805755395,388.7058333333334,0.0,-4664.47,
Google Search,2025-01-27,2131.47,203514,10165,21,179.63,106794,18546,0.0499474237644584,0.002065912444663,101.49857142857142,0.0842751715951901,-1951.84,-10.86589099816289
Google Search,2025-01-28,545.9,40716,1902,26,3670.06,26405,2616,0.0467138225758915,0.0136698212407991,20.996153846153845,6.722952921780546,3124.16,0.8512558377792189
Google Search,2025-01-29,996.77,58998,2709,38,1609.25,30115,0,0.0459168107393471,0.0140273163528977,26.23078947368421,1.6144647210489882,612.48,0.3805996582258816
Google Search,2025-01-30,509.15,41740,2353,14,1596.3,24095,1579,0.0563727839003354,0.0059498512537186,36.36785714285715,3.135225375626044,1087.15,0.6810436634717785
Google Search,2025-01-31,2380.9300000000003,116384,4944,90,3745.89,58428,8600,0.042480065988452,0.0182038834951456,26.45477777777778,1.5732885889127357,1364.9599999999996,0.3643887033522072
Google Search,2025-02-01,4367.11,248261,14727,96,943.67,132298,7767,0.0593206343324162,0.0065186392340598,45.49072916666666,0.21608569511645,-3423.44,-3.627793614293132
Google Search,2025-02-02,3343.2,189914,8561,213,6430.33,91294,889,0.0450782985983129,0.0248802709963789,15.695774647887324,1.9234057190715483,3087.13,0.4800888912388633
Google Search,2025-02-03,4088.55,293387,16037,260,3252.69,151534,26920,0.0546615903226796,0.0162125085739228,15.725192307692309,0.7955607733793154,-835.8600000000001,-0.2569749960801675
Google Search,2025-02-04,4400.37,329107,19245,596,23798.980000000003,142901,3006,0.0584764225616592,0.0309690828786697,7.383171140939597,5.408404293275339,19398.610000000004,0.815102580026539
Google Search,2025-02-05,3119.46,183557,5640,2,0.0,98398,26049,0.030726150460075,0.000354609929078,1559.73,0.0,-3119.46,
Google Search,2025-02-06,1631.4799999999998,191493,8406,555,23469.58,66523,483,0.0438971659538468,0.0660242683797287,2.939603603603603,14.385453698482362,21838.1,0.930485334633172
Google Search,2025-02-07,1747.05,153859,4387,3,71.23,82155,30415,0.0285131191545505,0.000683838614087,582.35,0.0407715863884834,-1675.82,-23.52688473957602
Google Search,2025-02-08,3808.54,234361,11551,48,1093.94,117439,3894,0.0492872107560558,0.0041554843736473,79.34458333333333,0.2872334280327895,-2714.6,-2.4814889299230303
Google Search,2025-02-09,2239.23,190955,7091,27,555.88,101377,0,0.0371344033934696,0.0038076434917501,82.93444444444445,0.2482460488650116,-1683.35,-3.0282614952867526
Google Search,2025-02-10,1276.9499999999998,92690,3933,25,1582.95,58407,10576,0.0424317617866005,0.0063564708873633,51.078,1.2396335017032776,306.0000000000002,0.193309959253293
Google Search,2025-02-11,4368.21,350310,16429,21,0.0,167307,0,0.0468984613627929,0.0012782275244993,208.01,0.0,-4368.21,
Google Search,2025-02-12,1135.73,96949,5708,4,0.0,38050,0,0.0588763164137845,0.0007007708479327,283.9325,0.0,-1135.73,
Google Search,2025-02-13,1858.96,172076,6654,61,2528.85,76010,1776,0.0386689602268765,0.0091674180943793,30.474754098360656,1.360357404139949,669.8899999999999,0.2648990647922968
Google Search,2025-02-14,1940.39,124214,5879,17,933.88,73370,960,0.0473296085787431,0.0028916482394965,114.14058823529412,0.4812846901911471,-1006.51,-1.077772304792907
Google Search,2025-02-15,2606.77,151803,5805,41,3534.97,74642,14279,0.0382403509812059,0.0070628768303186,63.579756097560974,1.356072841102207,928.1999999999998,0.2625764857976163
Google Search,2025-02-16,2651.75,164085,6650,13,123.46,80132,13449,0.0405277752384434,0.0019548872180451,203.98076923076923,0.046557933440181,-2528.29,-20.478616555969545
Google Search,2025-02-17,1410.74,122548,5973,7,0.0,65908,4596,0.0487400855175115,0.0011719403984597,201.5342857142857,0.0,-1410.74,
Google Search,2025-02-18,2158.37,197150,10793,65,1153.62,98894,541,0.0547451179305097,0.0060224219401463,33.2056923076923,0.5344866728132803,-1004.75,-0.8709540403252372
Google Search,2025-02-19,973.16,52729,3003,10,130.78,25991,2757,0.0569515826205693,0.0033300033300033,97.316,0.1343869456204529,-842.3800000000001,-6.441198960085641
Google Search,2025-02-20,1693.9,129729,8484,421,8703.12,50181,0,0.0653978678630067,0.0496228194247996,4.023515439429929,5.137918413129465,7009.220000000001,0.805368649403892
Google Search,2025-02-21,1873.95,130715,6359,135,1786.08,69567,0,0.0486478215966032,0.0212297531058342,13.88111111111111,0.953109741455215,-87.86999999999989,-0.0491971244289169
Google Search,2025-02-22,3409.53,248319,13579,38,3253.74,115275,3009,0.0546836931527591,0.0027984387657412,89.72447368421054,0.9543074851959068,-155.79000000000042,-0.0478802854561213
Google Search,2025-02-23,1101.1999999999998,83523,4600,46,755.75,35307,0,0.0550746500963806,0.01,23.939130434782605,0.686296767163095,-345.4499999999998,-0.4570956003969564
Google Search,2025-02-24,4527.39,333202,17967,179,15533.01,176773,0,0.0539222453646736,0.0099627094116992,25.29268156424581,3.4308972719381363,11005.62,0.7085310574061304
Google Search,2025-02-25,7419.68,422584,22447,166,10628.51,192786,7762,0.0531184332582397,0.0073951975765135,44.69686746987952,1.432475524550924,3208.83,0.3019077932842891
Google Search,2025-02-26,2414.78,228405,13249,433,42699.44,88588,0,0.0580066110636807,0.0326817118273077,5.576859122401848,17.682538367884444,40284.66,0.9434470334973948
Google Search,2025-02-27,1637.02,132284,6935,59,6808.11,66819,841,0.0524250854222732,0.008507570295602,27.746101694915254,4.158843508326105,5171.09,0.7595485384343086
Google Search,2025-02-28,2699.09,192575,12221,446,9295.49,102447,4787,0.0634609892249772,0.0364945585467637,6.051771300448431,3.4439348076573952,6596.4,0.7096344571399679
Google Search,2025-03-01,2573.0,189774,7375,52,4622.599999999999,91613,3432,0.0388620148176251,0.0070508474576271,49.48076923076923,1.7965798678585307,2049.5999999999995,0.4433868385756933
Google Search,2025-03-02,1038.87,106520,5155,9,314.73,58440,0,0.0483946676680435,0.0017458777885548,115.43,0.3029541713592654,-724.1399999999999,-2.300829282241921
Google Search,2025-03-03,3165.2,242135,12174,153,8153.85,112994,0,0.0502777376257046,0.0125677673730901,20.687581699346403,2.576093137874384,4988.650000000001,0.6118152774456239
Google Search,2025-03-04,2733.5,283350,21220,230,10294.8,148460,27993,0.0748897123698606,0.0108388312912346,11.884782608695652,3.766160599963417,7561.299999999999,0.7344776003419202
Google Search,2025-03-05,3044.34,208293,14725,656,10743.47,87944,0,0.0706936862976672,0.0445500848896434,4.640762195121951,3.528998075116445,7699.129999999999,0.7166334526926589
Google Search,2025-03-06,1275.42,84344,5233,84,3146.84,42356,4875,0.0620435359954472,0.0160519778329829,15.18357142857143,2.467297047247181,1871.42,0.5946981734057022
Google Search,2025-03-07,663.9300000000001,47229,2037,11,857.59,29070,3680,0.0431302801244997,0.0054000981836033,60.357272727272736,1.2916873766812766,193.66,0.2258188644923564
Google Search,2025-03-08,732.67,32548,1030,1,0.0,17861,6275,0.0316455696202531,0.0009708737864077,732.67,0.0,-732.67,
Google Search,2025-03-09,2728.02,198405,6006,193,6923.18,112918,839,0.0302714145308838,0.0321345321345321,14.13481865284974,2.5378039750441714,4195.16,0.6059585335062788
Google Search,2025-03-10,2107.44,128283,5771,3,0.0,63008,0,0.0449864752149544,0.0005198405822214,702.48,0.0,-2107.44,
Google Search,2025-03-11,1982.83,178398,9569,38,2322.58,79827,0,0.0536384937050863,0.0039711568606959,52.179736842105264,1.171346005456847,339.7499999999998,0.1462812906336917
Google Search,2025-03-12,1742.94,124769,6473,69,1740.33,61661,0,0.0518798740071652,0.0106596632164375,25.26,0.9985025302075802,-2.610000000000128,-0.0014997155711848
Google Search,2025-03-13,2551.83,210097,8652,224,23723.63,84149,0,0.0411809783100187,0.0258899676375404,11.392098214285712,9.296712555303449,21171.800000000003,0.892435095303712
Google Search,2025-03-14,1523.01,164792,11366,34,235.84,98535,0,0.0689717947473178,0.0029913777934189,44.794411764705885,0.1548512485144549,-1287.17,-5.457810379918589
Google Search,2025-03-15,2891.1000000000004,228814,11808,316,5169.49,137778,0,0.0516052339454753,0.0267615176151761,9.149050632911392,1.7880702846667356,2278.3899999999994,0.440737867758715
Google Search,2025-03-16,2326.68,172658,7823,103,2956.57,101718,1967,0.045309224015105,0.0131663044867697,22.58912621359223,1.270724809599945,629.8900000000003,0.2130475517237881
Google Search,2025-03-17,2065.8,142395,7675,280,4897.3,74400,0,0.0538993644439762,0.0364820846905537,7.377857142857144,2.370655436150644,2831.5,0.578175729483593
Google Search,2025-03-18,4335.02,253916,15096,50,3467.34,111800,4361,0.0594527323996912,0.0033121356650768,86.7004,0.799844060696375,-867.6800000000003,-0.2502437026654439
Google Search,2025-03-19,4722.830000000001,253561,14055,128,4345.9800000000005,135816,40484,0.0554304486888756,0.0091070793311988,36.89710937500001,0.9202067404501114,-376.8500000000004,-0.0867123180502442
Google Search,2025-03-20,171.76,11964,569,15,752.78,5095,0,0.0475593447007689,0.0263620386643233,11.450666666666669,4.382743362831858,581.02,0.7718324078748107
Google Search,2025-03-21,6216.73,506310,31272,924,31125.98,298294,10347,0.0617645316110683,0.0295471987720644,6.7280627705627705,5.006809045913205,24909.25,0.800271991436093
Google Search,2025-03-22,2204.3,119775,3247,17,298.46,64626,0,0.0271091630139845,0.0052356020942408,129.66470588235296,0.1353989928775574,-1905.84,-6.385579307109832
Google Search,2025-03-23,1803.43,193894,6756,59,4811.81,89947,0,0.0348437806224019,0.0087329780935464,30.56661016949152,2.668143482142362,3008.380000000001,0.6252075622271038
Google Search,2025-03-24,1531.3200000000002,85918,4678,18,660.38,57499,4216,0.0544472636700109,0.0038477982043608,85.07333333333334,0.4312488571950996,-870.9400000000002,-1.3188467246131017
Google Search,2025-03-25,765.66,65966,2740,68,7438.5,30840,567,0.0415365491313707,0.0248175182481751,11.25970588235294,9.715147715696263,6672.84,0.8970679572494454
Google Search,2025-03-26,386.48,28604,1610,56,4078.41,13313,0,0.05628583414907,0.0347826086956521,6.901428571428572,10.552706478989858,3691.93,0.9052375803315508
Google Search,2025-03-27,102.75,8810,667,17,1604.22,4076,0,0.0757094211123723,0.025487256371814,6.044117647058823,15.612846715328468,1501.47,0.9359501813965666
Google Search,2025-03-28,4075.22,297100,13845,70,3371.76,154027,21813,0.0466004712218108,0.0050559768869628,58.21742857142857,0.8273810984437651,-703.4599999999996,-0.2086328801575437
Google Search,2025-03-29,2488.17,193167,11941,156,8825.29,84174,2925,0.0618169770198843,0.013064232476342,15.949807692307692,3.546899930470989,6337.120000000001,0.7180636556985663
Google Search,2025-03-30,1515.89,101228,5003,26,1549.0,56703,0,0.0494230845220689,0.0051968818708774,58.30346153846154,1.0218419542315076,33.1099999999999,0.0213750806972239
Google Search,2025-03-31,4264.62,296716,12339,154,13149.61,163116,5348,0.0415852195365265,0.012480752086879,27.69233766233766,3.083418921263794,8884.990000000002,0.6756846781007194
Google Search,2025-04-01,1167.43,80775,5414,9,0.0,37801,0,0.0670256886412875,0.0016623568526043,129.71444444444444,0.0,-1167.43,
Google Search,2025-04-02,710.38,83426,3041,13,95.73,36840,14037,0.0364514659698415,0.0042749095692206,54.644615384615385,0.1347588614544328,-614.65,-6.420662279327274
Google Search,2025-04-03,1411.5,85101,5223,23,2298.71,50510,407,0.0613741319138435,0.0044035994639096,61.369565217391305,1.6285582713425435,887.21,0.3859599514510312
Google Search,2025-04-04,4349.26,294865,18940,415,43582.740000000005,167728,0,0.0642327844945992,0.0219112988384371,10.480144578313254,10.020725364774698,39233.48,0.9002068249953995
Google Search,2025-04-05,975.82,57038,2479,14,846.97,29328,1648,0.0434622532346856,0.0056474384832593,69.70142857142858,0.8679572052222746,-128.85000000000002,-0.1521305359103628
Google Search,2025-04-06,1730.07,132644,6316,84,6594.21,57061,1500,0.0476161756279967,0.0132995566814439,20.596071428571427,3.811527857254331,4864.14,0.7376380188074083
Google Search,2025-04-07,6983.139999999999,470138,24614,619,18596.67,229808,18836,0.0523548404936422,0.0251482895912895,11.281324717285944,2.663081364543744,11613.53,0.6244951381080591
Google Search,2025-04-08,711.26,57541,2767,4,0.0,29492,0,0.0480874506873359,0.0014456089627755,177.815,0.0,-711.26,
Google Search,2025-04-09,3589.18,299789,20413,595,27750.53,131390,0,0.0680912241609932,0.0291480919022191,6.032235294117647,7.731718665544776,24161.35,0.8706626504070373
Google Search,2025-04-10,1948.72,129878,7127,131,16818.14,66830,0,0.0548745746007791,0.0183808053879612,14.875725190839695,8.630352231208176,14869.42,0.8841298740526599
Google Search,2025-04-11,3958.77,234996,10459,99,12996.16,122796,11566,0.0445071405470731,0.0094655320776364,39.98757575757576,3.2828782677447794,9037.39,0.6953892534410164
Google Search,2025-04-12,1182.17,113796,6178,6,0.0,71679,0,0.0542901332208513,0.0009711880867594,197.0283333333333,0.0,-1182.17,
Google Search,2025-04-13,1352.5,122102,7133,153,12209.31,55143,0,0.0584183715254459,0.021449600448619,8.839869281045752,9.027216266173753,10856.81,0.8892238791545141
Google Search,2025-04-14,809.79,83029,3955,4,0.0,47484,0,0.047633959219068,0.0010113780025284,202.4475,0.0,-809.79,
Google Search,2025-04-15,4320.83,272383,14162,449,5249.8,123284,20331,0.0519929657871453,0.0317045615026126,9.623229398663696,1.2149980443572184,928.9700000000004,0.1769534077488666
Google Search,2025-04-16,3633.3,215931,11135,52,2395.21,98977,0,0.0515673988450014,0.0046699595868881,69.87115384615385,0.6592381581482398,-1238.09,-0.5169024845420652
Google Search,2025-04-17,227.08,17248,819,0,0.0,8755,0,0.0474837662337662,0.0,,0.0,-227.08,
Google Search,2025-04-18,5549.33,385934,22490,385,14738.22,201218,6495,0.0582742126892162,0.0171187194308581,14.413844155844156,2.6558557519556416,9188.89,0.6234735266538293
Google Search,2025-04-19,2705.44,249619,13588,376,41850.17,119812,0,0.054434958877329,0.027671474830733,7.1953191489361705,15.468896002129044,39144.73,0.935354145514821
Google Search,2025-04-20,2936.25,169631,8433,134,8132.51,81478,11896,0.0497137905217796,0.015889956124748,21.91231343283582,2.7696926351639,5196.26,0.6389491067333456
Google Search,2025-04-21,1234.7,98565,4961,106,8740.529999999999,49347,0,0.0503322680464667,0.0213666599475912,11.648113207547173,7.079071839313192,7505.829999999999,0.8587385433148791
Google Search,2025-04-22,2258.5,189205,11855,266,24096.5,90471,0,0.0626569065299542,0.0224377899620413,8.490601503759398,10.66924950188178,21838.0,0.9062726952046978
Google Search,2025-04-23,1664.42,137381,8587,222,29529.35,64162,0,0.062505004331021,0.0258530336555257,7.497387387387388,17.74152557647709,27864.93,0.9436350613880766
Google Search,2025-04-24,3281.9700000000003,201959,10408,82,6965.3,122766,22112,0.0515352125926549,0.0078785549577248,40.02402439024391,2.122292403647809,3683.33,0.5288113936226724
Google Search,2025-04-25,2028.37,160112,9047,7,0.0,94356,0,0.0565041970620565,0.0007737371504366,289.76714285714286,0.0,-2028.37,
Google Search,2025-04-26,3619.97,230036,11456,85,8259.78,97923,5006,0.0498009007285816,0.0074196927374301,42.58788235294117,2.2817260916526934,4639.810000000001,0.5617353004559444
Google Search,2025-04-27,2717.86,188818,10334,68,3036.49,131488,0,0.054729951593598,0.006580220630927,39.9685294117647,1.1172356192004005,318.6300000000001,0.1049336569525999
Google Search,2025-04-28,1791.24,144783,8571,195,10599.89,78460,882,0.0591989391019663,0.0227511375568778,9.185846153846152,5.917626895335076,8808.650000000001,0.8310133407044791
Google Search,2025-04-29,649.23,31805,1076,33,1584.02,11726,0,0.033831158622858,0.0306691449814126,19.67363636363637,2.4398441230380605,934.79,0.5901377507859749
Google Search,2025-04-30,37.78,3445,161,11,107.51,1663,0,0.0467343976777939,0.0683229813664596,3.4345454545454546,2.8456855479089467,69.73,0.6485908287601153
Google Search,2025-05-01,856.99,61389,3419,73,7146.95,32847,0,0.0556940168434084,0.0213512723018426,11.73958904109589,8.339595561208416,6289.96,0.8800901083679052
Google Search,2025-05-02,1053.2,92170,4888,91,3821.45,54528,0,0.0530324400564174,0.0186170212765957,11.573626373626372,3.6284181541967335,2768.25,0.7243978071151004
Google Search,2025-05-03,1531.54,74276,2974,124,1338.15,29997,2686,0.0400398513651785,0.0416946872898453,12.351129032258063,0.8737284040900009,-193.3900000000001,-0.1445204199828121
Google Search,2025-05-04,3252.56,313833,12457,219,5744.29,143912,0,0.0396930851758737,0.0175804768403307,14.85187214611872,1.7660827163834023,2491.73,0.4337751053655021
Google Search,2025-05-05,2193.76,182766,9830,19,191.86,83894,14648,0.053784620771916,0.0019328585961342,115.46105263157894,0.0874571511924732,-2001.9,-10.434170749504844
Google Search,2025-05-06,2936.6800000000003,176486,10905,10,0.0,98713,0,0.0617896037079428,0.0009170105456212,293.668,0.0,-2936.6800000000003,
Google Search,2025-05-07,2674.28,170062,10328,216,2179.88,87069,0,0.060730792299279,0.0209140201394268,12.380925925925924,0.8151278101021584,-494.3999999999997,-0.2268014753105673
Google Search,2025-05-08,1746.69,102299,6457,94,12172.04,51872,0,0.0631188965679038,0.0145578442000929,18.5818085106383,6.968632098426165,10425.35,0.8564998143285759
Google Search,2025-05-09,240.12,21554,1146,10,162.28,13440,3596,0.0531687853762642,0.0087260034904013,24.012,0.6758287522905214,-77.84,-0.4796647769287651
Google Search,2025-05-10,4357.32,231242,13160,7,0.0,126923,954,0.0569100768891464,0.000531914893617,622.4742857142857,0.0,-4357.32,
Google Search,2025-05-11,2635.3500000000004,189920,12578,435,20491.13,91626,264,0.0662278854254422,0.0345841946255366,6.058275862068967,7.775487126947084,17855.78,0.8713906944126555
Google Search,2025-05-12,2046.47,188469,9055,49,1324.46,82444,0,0.0480450365842658,0.0054113749309773,41.76469387755102,0.6471924826652725,-722.0099999999998,-0.5451353759267926
Google Search,2025-05-13,4041.0,298967,17102,182,15154.28,141515,16239,0.0572036378596968,0.0106420301719097,22.203296703296704,3.750131155654541,11113.28,0.7333426596314704
Google Search,2025-05-14,1178.05,70743,2481,12,766.31,35732,0,0.0350706076926339,0.0048367593712212,98.17083333333332,0.6504902168838335,-411.74,-0.5373021362111939
Google Search,2025-05-15,688.2,63134,3263,95,7611.94,34660,0,0.0516837203408622,0.0291143119828378,7.24421052631579,11.060650973554198,6923.74,0.9095894082191924
Google Search,2025-05-16,1039.08,78568,4798,47,2355.35,36407,0,0.0610681193361164,0.0097957482284285,22.108085106382976,2.2667648304269163,1316.27,0.5588426348525697
Google Search,2025-05-17,2452.3900000000003,194934,8582,9,0.0,82067,8641,0.0440251572327044,0.0010487065951992,272.4877777777778,0.0,-2452.3900000000003,
Google Search,2025-05-18,3638.62,308669,15338,57,2052.32,146052,24642,0.0496907690762596,0.0037162602686139,63.83543859649123,0.5640380144120574,-1586.2999999999995,-0.772930147345443
Google Search,2025-05-19,202.5,15956,809,22,2955.51,6190,0,0.0507019303083479,0.0271940667490729,9.204545454545457,14.595111111111112,2753.01,0.9314839063308872
Google Search,2025-05-20,4622.48,316181,16983,201,14250.74,138107,0,0.0537129049500128,0.0118353647765412,22.997412935323386,3.0829208563368584,9628.26,0.6756322829551308
Google Search,2025-05-21,1191.18,94080,3758,7,654.76,54618,3462,0.0399447278911564,0.0018626929217668,170.16857142857145,0.5496734330663712,-536.4200000000001,-0.81926201967133
Google Search,2025-05-22,1360.08,136654,6651,236,8487.35,64119,11464,0.0486703645703748,0.0354833859569989,5.7630508474576265,6.240331451091113,7127.27,0.8397521016571722
Google Search,2025-05-23,952.04,61059,3588,114,5648.17,24481,645,0.0587628359455608,0.0317725752508361,8.35122807017544,5.932702407461871,4696.13,0.831442750483785
Google Search,2025-05-24,5432.62,421918,22430,223,8468.97,204412,24000,0.0531619888224726,0.0099420419081587,24.36152466367713,1.5589108017862467,3036.3499999999995,0.3585264796073193
Google Search,2025-05-25,907.14,73080,3521,153,1304.9,31958,0,0.0481800766283524,0.0434535643283158,5.929019607843138,1.4384769715810128,397.76,0.3048202927427388
Google Search,2025-05-26,2564.98,123515,5834,34,2684.04,87880,10948,0.0472331295794033,0.005827905382242,75.44058823529411,1.04641751592605,119.05999999999996,0.0443585043441975
Google Search,2025-05-27,4306.92,251808,13353,404,9687.14,119052,1445,0.0530284979031643,0.0302553733243465,10.66069306930693,2.249203607218151,5380.219999999999,0.5553981877003945
Google Search,2025-05-28,2855.54,177763,9754,417,8590.75,77868,2664,0.0548708111361756,0.0427516916136969,6.847817745803357,3.008450240584968,5735.21,0.6676029450280825
Google Search,2025-05-29,2712.85,231189,13355,36,869.26,116826,0,0.0577665892408375,0.0026956196181205,75.35694444444444,0.3204231712037156,-1843.59,-2.120872926397165
Google Search,2025-05-30,1837.97,145763,8359,38,1679.38,69472,3325,0.0573465145475875,0.0045459983251585,48.36763157894737,0.9137145872892376,-158.58999999999992,-0.0944336600412056
Google Search,2025-05-31,2536.63,217960,13389,568,8797.400000000001,104199,7613,0.0614287025142227,0.0424228844573904,4.465897887323944,3.468144743222308,6260.770000000001,0.7116613999590788
Google Search,2025-06-02,2424.9,211913,8023,45,1912.23,112398,2747,0.0378598764587354,0.0056088744858531,53.886666666666656,0.7885809724112336,-512.6699999999996,-0.2681005945937463
Google Search,2025-06-03,957.93,70900,3951,15,1161.78,35728,0,0.0557263751763046,0.0037965072133637,63.862,1.2128026056183647,203.85,0.1754635128854
Google Search,2025-06-04,3064.3099999999995,312307,14998,204,22489.15,129928,8159,0.0480232591648602,0.0136018135751433,15.021127450980387,7.339058385085061,19424.840000000004,0.8637427381648485
Google Search,2025-06-05,1262.02,73935,3033,2,0.0,38866,6157,0.0410225197808886,0.0006594131223211,631.01,0.0,-1262.02,
Google Search,2025-06-06,2826.85,159932,9454,40,409.58,66856,0,0.0591126228647175,0.0042310133276919,70.67125,0.1448891876116525,-2417.27,-5.901826261047903
Google Search,2025-06-07,1322.82,118655,6957,14,0.0,62035,0,0.0586321688930091,0.0020123616501365,94.48714285714286,0.0,-1322.82,
Google Search,2025-06-08,615.9,40902,1820,39,3447.07,19712,1054,0.0444966016331719,0.0214285714285714,15.792307692307691,5.596801428803378,2831.17,0.8213265178833038
Google Search,2025-06-09,1656.12,96204,5424,95,6455.25,47906,0,0.0563801920918049,0.0175147492625368,17.432842105263155,3.8978153756974137,4799.13,0.7434460322992913
Google Search,2025-06-10,5610.11,495309,24260,278,22110.66,251866,2349,0.0489795259121073,0.0114591920857378,20.18025179856115,3.941216838885512,16500.55,0.7462712555844104
Google Search,2025-06-11,2579.3,180823,12161,368,6997.68,78140,0,0.0672536126488334,0.0302606693528492,7.008967391304348,2.713015159151708,4418.38,0.6314064089812623
Google Search,2025-06-12,1204.6799999999998,124656,6201,17,751.79,70132,0,0.0497448979591836,0.002741493307531,70.8635294117647,0.6240578410864297,-452.8899999999999,-0.6024155681772834
Google Search,2025-06-13,1379.31,130459,8389,44,2566.61,51010,0,0.0643037276079074,0.0052449636428656,31.347954545454545,1.860792715198179,1187.3000000000002,0.462594628712582
Google Search,2025-06-14,1424.68,76177,2762,28,3692.44,34682,0,0.0362576630741562,0.0101375814627081,50.88142857142857,2.591767975966533,2267.76,0.6141629924927691
Google Search,2025-06-15,893.34,85060,5532,241,3040.17,51894,2426,0.06503644486245,0.0435647143890094,3.706804979253112,3.403149976492713,2146.83,0.7061545900393728
Google Search,2025-06-16,1050.97,66878,3134,20,1903.89,32105,0,0.0468614492060169,0.0063816209317166,52.5485,1.811555039630056,852.9200000000001,0.4479880665374575
Google Search,2025-06-17,5034.86,374409,16401,245,15978.07,183767,9204,0.0438050367378989,0.0149381135296628,20.550448979591835,3.173488438606039,10943.21,0.6848893514673549
Google Search,2025-06-18,911.92,107888,3110,8,518.11,49295,0,0.0288261901230906,0.002572347266881,113.99,0.5681529081498377,-393.81000000000006,-0.7600895562718343
Google Search,2025-06-19,847.24,57048,2954,40,1561.12,30687,7623,0.0517809563876034,0.0135409614082599,21.181,1.8425947783390773,713.8799999999999,0.457287075945475
Google Search,2025-06-20,2429.08,251876,10791,97,8726.65,114887,26695,0.0428425098064126,0.0089889722917245,25.042061855670102,3.5925741432970506,6297.57,0.7216480550955979
Google Search,2025-06-21,1937.98,186130,9475,110,1839.06,91938,12340,0.0509052812550368,0.0116094986807387,17.618,0.9489571615806148,-98.92000000000009,-0.0537883483953759
Google Search,2025-06-22,2417.39,118448,4093,113,6965.889999999999,58152,9203,0.0345552478724841,0.0276081114097239,21.39283185840708,2.881574756245372,4548.5,0.6529675317870366
Google Search,2025-06-23,2049.75,93031,3464,15,811.78,43469,0,0.0372349001945588,0.0043302540415704,136.65,0.3960385412855226,-1237.97,-1.5250067752346697
Google Search,2025-06-24,1896.19,131148,8369,333,18002.19,60995,0,0.0638134016530942,0.039789700083642,5.694264264264264,9.493874558984068,16105.999999999998,0.8946689263917335
Google Search,2025-06-25,542.54,39244,2343,3,0.0,19419,0,0.0597033941494241,0.0012804097311139,180.84666666666664,0.0,-542.54,
Google Search,2025-06-26,892.62,70430,4019,43,2116.01,35890,854,0.0570637512423683,0.0106991789002239,20.75860465116279,2.3705608209540454,1223.3900000000003,0.5781588933889727
Google Search,2025-06-27,728.17,42430,1795,2,0.0,22248,0,0.0423049728965354,0.0011142061281337,364.085,0.0,-728.17,
Google Search,2025-06-28,210.53,20863,948,1,0.0,14679,5978,0.0454392944447107,0.0010548523206751,210.53,0.0,-210.53,
Google Search,2025-06-29,247.07,17273,511,0,0.0,9768,0,0.0295837434145776,0.0,,0.0,-247.07,
Google Search,2025-06-30,4131.64,275845,14164,19,1157.9,168434,21199,0.0513476771375228,0.0013414289748658,217.4547368421053,0.2802519096533096,-2973.74,-2.568218326280335
Google Search,2025-07-01,1675.0,106832,5399,117,3342.8,60308,0,0.0505372921970945,0.0216706797555102,14.316239316239315,1.995701492537313,1667.8000000000002,0.4989230585138208
Google Search,2025-07-02,1932.32,131512,7921,24,1281.66,65132,0,0.0602302451487316,0.0030299204645878,80.51333333333334,0.6632752339157076,-650.6599999999999,-0.5076697408048935
Google Search,2025-07-03,1606.91,165400,7061,221,1838.1,73617,667,0.0426904474002418,0.0312986829061039,7.2710859728506785,1.143872401067888,231.19000000000003,0.1257766171590229
Google Search,2025-07-04,3201.9100000000003,173958,9739,151,3131.55,80217,0,0.0559847779349038,0.0155046719375705,21.20470198675497,0.9780256159604735,-70.36000000000013,-0.0224681068480465
Google Search,2025-07-05,58.18,3002,184,5,82.19,1258,0,0.0612924716855429,0.0271739130434782,11.636,1.4126847713991062,24.01,0.2921279961065823
Google Search,2025-07-06,382.92,18039,824,5,248.52,11464,0,0.0456788070292144,0.0060679611650485,76.58399999999999,0.6490128486367911,-134.39999999999995,-0.5408015451472716
Google Search,2025-07-07,4940.7300000000005,409034,20580,230,20161.230000000003,198393,11484,0.050313665856628,0.0111758989310009,21.48143478260869,4.080617641522609,15220.500000000004,0.7549390587776639
Google Search,2025-07-08,2455.38,171097,6324,3,0.0,93593,18146,0.0369614896812919,0.0004743833017077,818.46,0.0,-2455.38,
Google Search,2025-07-09,1612.82,151875,7807,3,0.0,86376,2265,0.0514041152263374,0.0003842705264506,537.6066666666667,0.0,-1612.82,
Google Search,2025-07-10,2119.26,93874,3302,1,0.0,52462,0,0.0351748087862453,0.0003028467595396,2119.26,0.0,-2119.26,
Google Search,2025-07-11,1026.78,47353,2063,1,0.0,27787,0,0.0435664055075708,0.0004847309743092,1026.78,0.0,-1026.78,
Google Search,2025-07-12,1524.11,134232,5687,5,0.0,62783,3029,0.0423669467787114,0.0008791981712678,304.822,0.0,-1524.11,
Google Search,2025-07-13,1786.7100000000005,110552,4731,65,2448.23,67525,0,0.0427943411245386,0.0137391671950961,27.48784615384616,1.3702447515265486,661.5199999999998,0.2702033714152672
Google Search,2025-07-14,3400.29,185470,8968,166,16438.05,80433,9450,0.0483528333423195,0.0185102586975914,20.48367469879518,4.834308250178661,13037.759999999998,0.7931451723288345
Google Search,2025-07-15,481.28,33271,1509,38,911.32,16253,596,0.0453548135012473,0.0251822398939695,12.665263157894737,1.893533909574468,430.04,0.4718869332396962
Google Search,2025-07-16,333.75,25045,1258,56,1313.0700000000002,12365,1415,0.050229586743861,0.0445151033386327,5.959821428571429,3.934292134831461,979.3200000000002,0.7458246704288424
Google Search,2025-07-17,1430.33,87926,4493,45,5492.12,49150,9711,0.0510997884584764,0.0100155797907856,31.78511111111111,3.8397572588144,4061.79,0.7395668703524322
Google Search,2025-07-18,4332.54,432239,20035,34,1595.64,218964,26323,0.0463516711819155,0.0016970301971549,127.42764705882352,0.3682920411583044,-2736.9,-1.7152365195156798
Google Search,2025-07-19,1436.61,104890,5020,18,1249.18,54847,18655,0.0478596625035751,0.0035856573705179,79.81166666666667,0.8695331370378879,-187.42999999999984,-0.1500424278326581
Google Search,2025-07-20,1590.04,150309,9860,219,27465.98,78349,4683,0.0655982010391926,0.0222109533468559,7.2604566210045665,17.27376669769314,25875.94,0.9421087468934296
Google Search,2025-07-21,2446.02,146376,7434,151,5017.81,62586,2011,0.0507870142646335,0.0203120796341135,16.19880794701987,2.051418222254928,2571.7899999999995,0.5125323597346252
Google Search,2025-07-22,2063.04,176177,8421,6,0.0,87865,8291,0.0477985208057805,0.0007125044531528,343.84,0.0,-2063.04,
Google Search,2025-07-23,1073.11,76450,3133,27,1810.14,33829,0,0.040981033355134,0.0086179380785189,39.744814814814816,1.6868168221337978,737.0299999999997,0.4071674014164649
Google Search,2025-07-24,1197.37,86070,4453,50,1118.7,45669,1889,0.0517369582897641,0.0112283853581854,23.9474,0.9342976690580188,-78.67000000000007,-0.0703226959864128
Google Search,2025-07-25,3009.93,255176,13176,317,15794.04,112656,415,0.0516349499952973,0.0240588949605343,9.495047318611986,5.247311399268422,12784.11,0.8094262139389289
Google Search,2025-07-26,2073.06,109271,3814,4,160.77,60043,8534,0.0349040459042197,0.0010487676979549,518.265,0.0775520245434285,-1912.29,-11.894569882440752
Google Search,2025-07-27,1159.78,69791,2564,1,0.0,36456,4277,0.0367382613804072,0.000390015600624,1159.78,0.0,-1159.78,
Google Search,2025-07-28,2213.44,174270,8237,63,1939.42,81856,7643,0.0472657370746542,0.0076484156853223,35.133968253968256,0.8762017493132861,-274.02,-0.141289663920141
Google Search,2025-07-29,3047.23,179016,7385,202,6188.009999999999,86847,8181,0.0412532957947892,0.0273527420446851,15.08529702970297,2.0307000127985084,3140.78,0.5075589729169797
Google Search,2025-07-30,260.89,19460,1485,46,4825.19,7449,0,0.0763103802672148,0.0309764309764309,5.671521739130434,18.495112882824177,4564.299999999999,0.9459316627946256
Google Search,2025-07-31,1335.6899999999998,135084,8554,136,6031.95,57066,0,0.0633235616357229,0.0158989946223988,9.82125,4.51598050445837,4696.26,0.7785641459229603
Google Search,2025-08-01,743.33,65815,2644,84,3108.45,30937,0,0.0401732127934361,0.0317700453857791,8.849166666666667,4.181790052870192,2365.12,0.7608679566986762
Google Search,2025-08-02,1527.25,131670,6737,119,3585.9700000000003,69157,9538,0.0511657932710564,0.017663648508238,12.834033613445378,2.347991487968572,2058.7200000000003,0.5741040778366802
Google Search,2025-08-03,392.66,22631,1091,21,378.21,9852,1466,0.0482082099774645,0.0192483959670027,18.69809523809524,0.9631997147659552,-14.449999999999989,-0.0382062875122286
Google Search,2025-08-04,3204.74,207582,10623,18,1552.23,84580,23792,0.0511749573662456,0.0016944365998305,178.04111111111112,0.4843544250079569,-1652.5100000000002,-1.0646038280409478
Google Search,2025-08-05,3480.01,221190,11512,198,7370.32,97240,1439,0.0520457525204575,0.0171994440583738,17.57580808080808,2.1179019600518387,3890.31,0.5278346123370491
Google Search,2025-08-06,1043.16,54834,3340,164,2225.18,30266,403,0.0609111135426924,0.0491017964071856,6.360731707317072,2.1331147666705013,1182.02,0.5312019701776935
Google Search,2025-08-07,938.56,81829,4641,5,0.0,45191,5005,0.0567158342396949,0.0010773540185304,187.712,0.0,-938.56,
Google Search,2025-08-08,2223.69,166594,9688,84,4492.82,82138,0,0.0581533548627201,0.0086705202312138,26.4725,2.0204345030107618,2269.13,0.505056957545595
Google Search,2025-08-09,1435.61,81885,5387,52,657.66,42482,3526,0.0657873847469011,0.009652868015593,27.607884615384616,0.4581049170735784,-777.9500000000002,-1.1829060608825233
Google Search,2025-08-10,871.27,74239,3776,16,662.6,32312,0,0.0508627540780452,0.0042372881355932,54.454375,0.7604990416288866,-208.67,-0.3149260488982794
Google Search,2025-08-11,2035.72,101925,5066,154,4734.26,41991,0,0.0497032131469217,0.0303987366758784,13.21896103896104,2.3255948755231564,2698.54,0.5700024924697841
Google Search,2025-08-12,2384.22,186858,8381,76,4954.23,93105,13217,0.0448522407389568,0.0090681302947142,31.37131578947368,2.0779248559277246,2570.01,0.5187506433895883
Google Search,2025-08-13,1857.88,85196,4641,74,4567.150000000001,36971,0,0.0544743884689422,0.0159448394742512,25.106486486486485,2.4582588757077963,2709.2700000000004,0.5932080181294681
Google Search,2025-08-14,2969.56,225804,12296,179,20259.91,121080,13832,0.0544543055038883,0.0145575797007156,16.58972067039106,6.822529263594607,17290.35,0.8534267921229659
Google Search,2025-08-15,913.38,48934,2350,111,3693.61,18630,0,0.0480238688846201,0.0472340425531914,8.22864864864865,4.043891917931201,2780.23,0.752713470019845
Google Search,2025-08-16,86.01,4097,191,0,0.0,1986,0,0.0466194776665853,0.0,,0.0,-86.01,
Google Search,2025-08-17,1760.22,141212,7843,105,3450.1600000000003,72366,0,0.0555406056142537,0.0133877342853499,16.764,1.960073172671598,1689.9400000000005,0.4898149651030677
Google Search,2025-08-18,4054.68,229242,9597,90,3115.21,113851,0,0.0418640563247572,0.0093779306033135,45.05200000000001,0.7682998411711898,-939.4700000000004,-0.3015751747073232
Google Search,2025-08-19,2865.42,295234,13796,133,10005.16,152597,0,0.046729035273715,0.0096404755001449,21.54451127819549,3.491690572411723,7139.74,0.7136057794178204
Google Search,2025-08-20,822.3399999999999,51380,2294,125,3838.95,27315,0,0.0446477228493577,0.0544899738448125,6.57872,4.66832453729601,3016.61,0.7857903853918389
Google Search,2025-08-21,2791.64,162333,5520,44,3382.6,85480,20392,0.0340041765999519,0.0079710144927536,63.44636363636364,1.2116891862847643,590.96,0.1747058475728729
Google Search,2025-08-22,923.99,80146,3637,31,869.52,38188,0,0.0453796820802036,0.0085235083860324,29.806129032258063,0.9410491455535231,-54.47000000000003,-0.0626437574753887
Google Search,2025-08-23,1412.95,146978,10322,600,15338.43,71652,0,0.0702281974173005,0.0581282697151714,2.3549166666666665,10.85560706323649,13925.48,0.9078817062763268
Google Search,2025-08-24,2451.78,222406,8997,20,1251.18,175074,0,0.0404530453315108,0.0022229632099588,122.589,0.51031495484913,-1200.6,-0.9595741619910804
Google Search,2025-08-25,2480.56,191674,8429,59,2496.04,80943,3134,0.043975708755491,0.0069996440858939,42.04338983050848,1.0062405263327636,15.480000000000018,0.0062018236887229
Google Search,2025-08-26,791.3,62031,3433,59,4840.52,33554,0,0.0553432960938885,0.0171861345761724,13.41186440677966,6.117174270188299,4049.22,0.8365258278036244
Google Search,2025-08-27,1545.69,107840,5596,25,2025.39,53510,0,0.0518916913946587,0.0044674767691208,61.8276,1.3103468353939018,479.7000000000001,0.23684327462859
Google Search,2025-08-28,457.89,34787,1813,38,746.11,16687,0,0.0521171702072613,0.0209597352454495,12.049736842105265,1.6294524885889623,288.22,0.3862969267266221
Google Search,2025-08-29,3135.11,258723,13086,181,9036.96,133373,1426,0.050579190872091,0.0138315757297875,17.321049723756907,2.8825017304018044,5901.85,0.6530791328057223
Google Search,2025-08-30,2091.05,180562,8776,96,7546.93,87430,4922,0.0486038036796225,0.0109389243391066,21.781770833333336,3.60915807847732,5455.88,0.7229270710076813
Google Search,2025-08-31,1621.29,136699,5410,161,7400.24,69824,8672,0.0395760027505687,0.0297597042513863,10.070124223602484,4.564414756150966,5778.95,0.7809138622531161
Google Search,2025-09-01,2717.8900000000003,164303,9091,32,1091.26,82337,6083,0.0553306999872187,0.0035199648003519,84.93406250000001,0.4015099948857385,-1626.6300000000003,-1.490598024302183
Google Search,2025-09-02,623.65,51127,3125,0,0.0,28150,0,0.0611223032839791,0.0,,0.0,-623.65,
Google Search,2025-09-03,5859.1900000000005,442697,25464,792,16111.91,207022,18711,0.0575201548689058,0.0311027332704995,7.397967171717172,2.7498527953522585,10252.72,0.6363441702442478
Google Search,2025-09-04,590.23,49822,2697,2,0.0,25173,5160,0.0541327124563445,0.0007415647015202,295.115,0.0,-590.23,
Google Search,2025-09-05,4625.18,307960,14376,13,0.0,132919,22525,0.0466813871931419,0.0009042849193099,355.7830769230769,0.0,-4625.18,
Google Search,2025-09-06,612.48,39877,2318,126,2409.94,17451,0,0.0581287458936228,0.0543572044866264,4.860952380952381,3.9347243991640544,1797.46,0.7458525938405105
Google Search,2025-09-07,2107.55,150621,8813,144,7621.8,87557,0,0.0585110973901381,0.016339498468172,14.63576388888889,3.616426656544328,5514.25,0.7234839539216458
Google Search,2025-09-08,4472.8,352823,16992,20,0.0,181647,13609,0.0481601256153935,0.0011770244821092,223.64,0.0,-4472.8,
Google Search,2025-09-09,3382.23,247386,15207,374,12453.88,104512,0,0.0614707380369139,0.0245939370026961,9.043395721925132,3.6821505338194034,9071.65,0.7284195768708226
Google Search,2025-09-10,3916.8,234278,14501,619,55996.630000000005,120772,2149,0.0618965502522644,0.0426867112612923,6.327625201938611,14.296525224673204,52079.83,0.9300529335426078
Google Search,2025-09-11,2944.78,255016,14850,440,53075.8,159270,16090,0.0582316403676632,0.0296296296296296,6.692681818181819,18.0236893757768,50131.02,0.9445174637028552
Google Search,2025-09-12,3436.17,240198,12380,194,4308.56,130833,0,0.0515408121632986,0.015670436187399,17.71221649484536,1.2538844120052268,872.3900000000003,0.2024783222236664
Google Search,2025-09-13,565.46,46272,2386,2,0.0,18793,0,0.0515646611341632,0.0008382229673093,282.73,0.0,-565.46,
Google Search,2025-09-14,1734.74,113232,5434,50,3530.19,59229,0,0.0479899675003532,0.0092013249907986,34.6948,2.0349965989139585,1795.45,0.5085986873227787
Google Search,2025-09-15,971.85,61101,2793,5,0.0,31706,0,0.04571119948937,0.0017901897601145,194.37,0.0,-971.85,
Google Search,2025-09-16,2933.58,235470,17492,371,32832.53,130398,0,0.0742854716099715,0.021209695860965,7.90722371967655,11.191966811881729,29898.95,0.9106501996647836
Google Search,2025-09-17,2215.09,180621,11170,182,7229.25,100124,0,0.0618421999656739,0.0162936436884512,12.170824175824176,3.26363714341178,5014.16,0.6935933879724729
Google Search,2025-09-18,992.35,45265,2509,2,0.0,21629,1072,0.055429139511764,0.000797130330809,496.175,0.0,-992.35,
Google Search,2025-09-19,800.9300000000001,43807,3025,104,6178.040000000001,24109,0,0.0690528910904649,0.0343801652892562,7.701250000000001,7.713582959809222,5377.110000000001,0.8703585603201015
Google Search,2025-09-20,2251.48,167241,12833,463,16468.36,80134,0,0.0767335760967705,0.0360788591911478,4.86280777537797,7.314459821983762,14216.88,0.8632845043465166
Google Search,2025-09-21,2822.64,303499,16358,403,22551.61,113504,715,0.0538980359078613,0.0246362636019073,7.004069478908188,7.98954524841992,19728.97,0.8748364307470731
Google Search,2025-09-22,2215.96,126405,6214,25,272.29,84266,6432,0.0491594478066532,0.0040231734792404,88.6384,0.1228767667286413,-1943.67,-7.138234970068678
Google Search,2025-09-23,1268.05,61296,2691,43,1049.65,29159,0,0.0439017227877838,0.0159791898922333,29.48953488372093,0.8277670438862822,-218.39999999999984,-0.2080693564521505
Google Search,2025-09-24,4276.91,322592,18019,687,45361.96,131066,781,0.0558569338359289,0.038126422109995,6.225487627365356,10.606246098234474,41085.05,0.9057159346730168
Google Search,2025-09-25,484.97,31912,2190,44,3361.42,14643,2667,0.0686262221108047,0.0200913242009132,11.022045454545454,6.931191620100213,2876.4500000000003,0.8557246639812937
Google Search,2025-09-26,4421.38,297971,17518,296,15121.31,147275,0,0.0587909561668753,0.0168969060395022,14.937094594594594,3.420043063477918,10699.93,0.7076060209069188
Google Search,2025-09-27,1820.0,98507,6042,71,2127.86,41876,0,0.061335742637579,0.0117510758027143,25.633802816901404,1.1691538461538462,307.8599999999999,0.1446805710902032
Google Search,2025-09-28,410.54,22628,1422,33,1138.57,12369,0,0.0628424960226268,0.0232067510548523,12.44060606060606,2.773347298679788,728.03,0.6394248926284726
Google Search,2025-09-29,2491.72,161376,8663,70,5713.51,104176,0,0.0536820840769383,0.0080803416830197,35.596,2.292998410736359,3221.7900000000004,0.563889798040084
Google Search,2025-09-30,1223.02,100621,6782,11,0.0,49930,1884,0.0674014370757595,0.0016219404305514,111.18363636363635,0.0,-1223.02,
Google Search,2025-10-01,2264.55,162671,8708,141,1122.27,74746,2779,0.0535313608448955,0.0161920073495636,16.06063829787234,0.4955819036894747,-1142.2800000000002,-1.0178299339731085
Google Search,2025-10-02,1454.88,85166,5816,123,3331.4,46072,15100,0.0682901627409999,0.0211485557083906,11.828292682926833,2.2898108435059936,1876.52,0.5632827039683016
Google Search,2025-10-03,8103.809999999999,643126,55803,2421,86850.48,314110,0,0.0867683782027161,0.043384764259986,3.3472986369268893,10.717240409140883,78746.67,0.9066923982458128
Google Search,2025-10-04,4260.41,258420,17687,370,7333.16,129367,0,0.0684428449810386,0.020919319274043,11.514621621621622,1.721233402419016,3072.75,0.4190212677754201
Google Search,2025-10-05,2331.99,179499,8673,196,1580.52,84460,0,0.0483178179265622,0.0225988700564971,11.897908163265305,0.6777559080442026,-751.4699999999998,-0.475457444385392
Google Search,2025-10-06,1548.14,96262,6145,22,1481.22,51825,8721,0.0638361970455631,0.003580146460537,70.36999999999999,0.9567739351738216,-66.91999999999985,-0.0451789740889265
Google Search,2025-10-07,1557.8200000000002,122698,7639,9,0.0,51337,0,0.0622585535216548,0.001178164681241,173.09111111111113,0.0,-1557.8200000000002,
Google Search,2025-10-08,3635.39,244222,20494,753,22067.77,149906,8110,0.0839154539722056,0.0367424612081584,4.827875166002657,6.070262062667279,18432.38,0.8352624664839265
Google Search,2025-10-09,3616.83,360940,22949,1200,148338.77,125136,820,0.0635812046323488,0.0522898601246241,3.014025,41.01347588910731,144721.94,0.9756177700543156
Google Search,2025-10-10,5134.75,249823,15172,87,2486.69,129082,24464,0.0607309975462627,0.0057342472976535,59.020114942528735,0.4842864793806904,-2648.06,-1.0648934929565004
Google Search,2025-10-11,2783.09,270521,14736,761,6882.61,139290,0,0.0544726657080226,0.0516422366992399,3.657148488830487,2.473010215264328,4099.52,0.5956345049334482
Google Search,2025-10-12,4173.9,256527,14765,170,5780.29,112106,26589,0.0575572941639671,0.0115137148662377,24.55235294117647,1.3848654735379382,1606.3900000000003,0.2779082018376241
Google Search,2025-10-13,1773.28,128762,9350,73,576.27,64088,0,0.072614591261397,0.007807486631016,24.29150684931507,0.3249740593702066,-1197.01,-2.077168688288476
Google Search,2025-10-14,3882.09,229783,14525,692,40230.11,94772,797,0.06321181288433,0.0476419965576592,5.609956647398843,10.363002918531,36348.02,0.9035028738425026
Google Search,2025-10-15,4072.93,360101,29519,523,21628.37,192433,5606,0.0819742238982952,0.0177174023510281,7.787629063097515,5.310272948467073,17555.44,0.8116857627273807
Google Search,2025-10-16,613.5300000000001,47894,4113,109,3156.66,21155,0,0.0858771453626759,0.0265013372234378,5.628715596330276,5.1450784802699125,2543.13,0.8056395050464731
Google Search,2025-10-17,4517.65,322941,22347,1490,75125.87000000001,168955,1229,0.0691983984690702,0.0666756164138363,3.031979865771812,16.62941352251724,70608.22000000002,0.939865588245434
Google Search,2025-10-18,6345.32,485939,32307,277,22283.17,224610,30225,0.0664836532980477,0.0085739932522363,22.907292418772563,3.5117488164505493,15937.85,0.7152415926459297
Google Search,2025-10-19,4415.13,265014,22291,142,12445.87,129474,7569,0.0841125374508516,0.0063702839711094,31.0924647887324,2.818913599373065,8030.740000000001,0.6452534053465125
Google Search,2025-10-20,3099.19,274257,15972,180,18602.23,120628,0,0.0582373467222349,0.0112697220135236,17.21772222222222,6.002287694526634,15503.04,0.8333968561833716
Google Search,2025-10-21,3394.53,179975,12187,555,8940.460000000001,100082,0,0.0677149604111682,0.0455403298596865,6.11627027027027,2.6337843530621323,5545.93,0.6203181939184337
Google Search,2025-10-22,6563.72,400243,30486,997,63486.25,204119,1329,0.0761687274980449,0.0327035360493341,6.5834704112337015,9.67229711200356,56922.53,0.8966119435310795
Google Search,2025-10-23,1631.09,132035,9200,115,12187.72,62963,0,0.0696784943386223,0.0125,14.183391304347827,7.472132132500351,10556.63,0.8661693901730594
Google Search,2025-10-24,6782.69,382002,24290,929,27970.68,198991,23838,0.0635860545232747,0.0382461918484973,7.301065662002152,4.123832874567466,21187.99,0.7575071467694029
Google Search,2025-10-25,3030.89,242313,20129,1152,41129.08,98958,0,0.0830702438581504,0.0572308609468925,2.630980902777777,13.56996789721831,38098.19,0.926307858089702
Google Search,2025-10-26,4768.43,295288,14556,202,16781.52,193682,0,0.0492942483270569,0.0138774388568288,23.606089108910894,3.519296707721409,12013.09,0.7158523185027339
Google Search,2025-10-27,208.68,16888,948,1,0.0,7601,0,0.0561345333964945,0.0010548523206751,208.68,0.0,-208.68,
Google Search,2025-10-28,82.69,9331,562,1,0.0,6595,0,0.0602293430500482,0.0017793594306049,82.69,0.0,-82.69,
Google Search,2025-10-29,1763.38,124775,8623,32,2740.41,64037,13619,0.0691083951112001,0.0037110054505392,55.105625,1.5540666220553707,977.0299999999996,0.3565269430486678
Google Search,2025-10-30,5571.9400000000005,597201,41825,67,0.0,284448,27238,0.0700350468267802,0.0016019127316198,83.16328358208956,0.0,-5571.9400000000005,
Google Search,2025-10-31,2653.87,177328,13664,493,7268.66,85647,3690,0.0770549490210232,0.0360802107728337,5.383103448275862,2.7388907519961414,4614.79,0.634888686497924
Google Search,2025-11-01,2589.33,180220,11830,21,0.0,92059,5323,0.0656419931195205,0.001775147928994,123.30142857142856,0.0,-2589.33,
Google Search,2025-11-02,6669.35,412771,27703,86,4123.87,220369,1326,0.0671146955575852,0.0031043569288524,77.55058139534884,0.6183316215223372,-2545.4800000000005,-0.6172551511080613
Google Search,2025-11-03,4196.71,352395,17961,131,2811.4,167914,20215,0.0509683735580811,0.0072935805356049,32.035954198473284,0.669905711855239,-1385.31,-0.492747385644163
Google Search,2025-11-04,4226.27,340422,19941,592,19031.66,190237,0,0.0585772952394381,0.0296875783561506,7.138969594594595,4.503181292250613,14805.39,0.7779347676450714
Google Search,2025-11-05,2372.15,224500,25870,1175,108016.75,99447,1690,0.1152338530066815,0.0454194047158871,2.0188510638297874,45.535379297261976,105644.6,0.9780390541281792
Google Search,2025-11-06,3830.15,351000,21956,322,33062.44,202163,0,0.0625527065527065,0.0146656950264164,11.894875776397516,8.632152787749828,29232.29,0.8841540430772804
Google Search,2025-11-07,4858.35,463401,29340,93,6212.41,216506,0,0.0633144943580182,0.0031697341513292,52.24032258064516,1.2787077917399938,1354.0599999999995,0.2179605016410699
Google Search,2025-11-08,850.75,61571,2667,2,0.0,38684,10965,0.043315846746033,0.0007499062617172,425.375,0.0,-850.75,
Google Search,2025-11-09,3166.07,281771,18288,297,16490.68,155290,0,0.0649037693730014,0.0162401574803149,10.66016835016835,5.208564561112041,13324.61,0.8080085236024227
Google Search,2025-11-10,4413.66,363341,27995,1801,79277.01,185741,0,0.0770488329145348,0.0643329165922486,2.4506718489727928,17.96173923682386,74863.34999999999,0.9443261041252692
Google Search,2025-11-11,7279.02,567656,39401,72,2781.61,239377,70484,0.0694099947855743,0.0018273647876957,101.0975,0.382140727735327,-4497.41,-1.6168370116587154
Google Search,2025-11-12,1769.88,128018,11819,736,7588.83,54158,0,0.0923229545845115,0.0622726118960995,2.404728260869565,4.287765272221845,5818.95,0.7667782780744857
Google Search,2025-11-13,533.83,48773,3319,97,4490.29,21903,0,0.0680499456666598,0.0292256703826453,5.50340206185567,8.411460577337355,3956.46,0.8811145827997746
Google Search,2025-11-14,1022.46,59951,5231,414,5546.73,25096,3191,0.0872545912495204,0.0791435671955649,2.4697101449275363,5.424887037145707,4524.27,0.8156643644093006
Google Search,2025-11-15,3375.3700000000003,320123,16163,35,0.0,152730,0,0.0504899679185813,0.0021654395842356,96.43914285714288,0.0,-3375.3700000000003,
Google Search,2025-11-16,3920.3,300652,26818,746,23299.1,146018,0,0.0891994731450314,0.0278171377433067,5.255093833780161,5.9431931229752815,19378.8,0.8317402818134606
Google Search,2025-11-17,2620.8,214563,15571,75,2734.36,98639,0,0.0725707601030932,0.0048166463297154,34.944,1.043330280830281,113.55999999999996,0.0415307421114995
Google Search,2025-11-18,6820.44,493655,38608,137,11133.25,282545,0,0.0782084654262592,0.0035484873601326,49.784233576642336,1.632336036971222,4312.81,0.387381043271282
Google Search,2025-11-19,5735.91,448571,24488,155,6028.95,267504,29692,0.054591134959683,0.0063296308395949,37.005870967741934,1.0510886677092213,293.04,0.0486054785659194
Google Search,2025-11-20,3910.09,348360,33008,1825,17779.23,135025,0,0.0947525548283385,0.0552896267571497,2.1425150684931507,4.547012984355859,13869.14,0.7800754025905509
Google Search,2025-11-21,3066.74,202153,11720,38,1582.08,90242,0,0.0579758895490049,0.0032423208191126,80.7036842105263,0.5158833158337518,-1484.66,-0.9384228357605178
Google Search,2025-11-22,4584.34,299020,22278,554,28119.68,164252,0,0.0745033777004882,0.0248675823682556,8.274981949458484,6.133855691331795,23535.34,0.8369704064911123
Google Search,2025-11-23,1813.93,97586,5854,7,0.0,58088,9078,0.0599881130490029,0.0011957635804578,259.1328571428572,0.0,-1813.93,
Google Search,2025-11-24,2927.41,164509,11242,12,0.0,89009,0,0.0683366867466217,0.0010674257249599,243.9508333333333,0.0,-2927.41,
Google Search,2025-11-25,4006.25,367074,21331,149,1916.74,165329,77088,0.0581108986198968,0.006985138999578,26.88758389261745,0.4784374414976599,-2089.51,-1.090137420829116
Google Search,2025-11-26,2920.52,173509,10710,10,0.0,111467,2888,0.0617259047081131,0.0009337068160597,292.052,0.0,-2920.52,
Google Search,2025-11-27,3863.71,375468,25542,948,105737.39,194780,8338,0.0680271021764837,0.0371153394409208,4.075643459915612,27.36680289152136,101873.68,0.9634593779929692
Google Search,2025-11-28,2470.67,139231,9177,134,14453.71,56673,0,0.0659120454496484,0.0146017216955432,18.43783582089552,5.8501175794420135,11983.04,0.8290632647258039
Google Search,2025-11-29,2687.6400000000003,206031,17047,612,25705.97,95368,0,0.0827399760230256,0.03590074499912,4.391568627450981,9.56451384858091,23018.33,0.8954468553413857
Google Search,2025-11-30,4266.25,315473,20258,29,0.0,174071,0,0.0642146871523078,0.0014315332214433,147.11206896551724,0.0,-4266.25,
Google Search,2025-12-01,2045.01,181634,11484,80,4903.27,108114,1193,0.0632260479866104,0.0069662138627655,25.562625,2.3976753169911147,2858.26,0.5829293512288737
Google Search,2025-12-02,557.8100000000001,57062,3424,6,0.0,27889,3636,0.0600049069433248,0.0017523364485981,92.96833333333336,0.0,-557.8100000000001,
Google Search,2025-12-03,1545.1,136127,10394,245,23846.23,84845,0,0.0763551683354514,0.0235712911294977,6.306530612244898,15.43345414536276,22301.13,0.9352056907947296
Google Search,2025-12-04,2412.83,164153,10972,215,15219.38,74779,1761,0.0668400821185113,0.0195953335763762,11.22246511627907,6.307688481990029,12806.55,0.841463318479465
Google Search,2025-12-05,4304.28,370155,16532,86,4955.01,165595,1053,0.0446623711688346,0.0052020324219695,50.04976744186046,1.1511820792327638,650.7300000000005,0.131327686523337
Google Search,2025-12-06,2827.88,243612,12628,478,12548.669999999998,127189,8142,0.0518365269362757,0.0378523915109281,5.916066945606695,4.437483202964764,9720.789999999995,0.7746470343072213
Google Search,2025-12-07,1470.5100000000002,93282,4936,9,372.32,50928,9529,0.0529148174353037,0.0018233387358184,163.39,0.2531910697649114,-1098.1900000000005,-2.9495863773098416
Google Search,2025-12-08,2517.2,180774,11140,83,5235.29,90664,3596,0.0616239060926903,0.0074506283662477,30.32771084337349,2.0798069283330687,2718.09,0.519186138685727
Google Search,2025-12-09,901.52,56950,3953,165,3582.7,30007,0,0.0694117647058823,0.0417404502909182,5.463757575757576,3.9740660218298,2681.18,0.7483685488597984
Google Search,2025-12-10,5237.1,394054,19932,296,2369.96,200374,4350,0.0505818999426474,0.0148504916716837,17.692905405405405,0.4525328903400736,-2867.1400000000003,-1.2097841313777449
Google Search,2025-12-11,1738.65,82834,6598,86,6043.48,43938,0,0.0796532824685515,0.0130342528038799,20.21686046511628,3.4759612342909723,4304.83,0.712309795018764
Google Search,2025-12-12,4249.7,310892,18345,182,12878.67,163068,0,0.0590076296591742,0.0099209593894794,23.35,3.03048921100313,8628.970000000001,0.6700202738326241
Google Search,2025-12-13,4373.51,382744,17262,656,6686.45,178092,61838,0.0451006416821687,0.038002548951454,6.666935975609756,1.5288521119192593,2312.94,0.3459144987250334
Google Search,2025-12-14,4325.17,361324,19190,131,5221.91,193913,0,0.053110227939467,0.0068264721208963,33.01656488549619,1.2073305789136612,896.7399999999998,0.1717264372614617
Google Search,2025-12-15,4525.6,404534,22745,799,9194.28,198186,25386,0.056225187499691,0.03512859969224,5.664080100125157,2.031615697366095,4668.68,0.507780924661855
Google Search,2025-12-16,625.35,43782,3069,88,7813.950000000001,23502,0,0.0700973002603809,0.028673835125448,7.10625,12.495322619333177,7188.6,0.9199700535580596
Google Search,2025-12-17,1900.81,96322,5288,11,0.0,42905,9358,0.0548991922925188,0.0020801815431164,172.80090909090907,0.0,-1900.81,
Google Search,2025-12-18,4062.57,359522,20650,321,8539.78,173511,0,0.0574373751814909,0.0155447941888619,12.655981308411214,2.102063472137096,4477.210000000001,0.5242769720063046
Google Search,2025-12-19,2014.44,90705,4621,4,0.0,43311,0,0.0509453723609503,0.0008656135035706,503.61,0.0,-2014.44,
Google Search,2025-12-20,3602.82,262305,14514,30,612.09,145972,0,0.0553325327386058,0.0020669698222405,120.094,0.1698919179975686,-2990.73,-4.886095182081066
Google Search,2025-12-21,5115.39,340997,15988,13,0.0,180249,26522,0.0468860429857154,0.0008131098323742,393.4915384615385,0.0,-5115.39,
Google Search,2025-12-22,980.34,74287,5012,8,0.0,43321,602,0.0674680630527548,0.0015961691939345,122.5425,0.0,-980.34,
Google Search,2025-12-23,7311.8,442831,33674,1860,71238.79000000001,208297,13051,0.0760425534797699,0.0552354932588941,3.931075268817205,9.74298941437129,63926.990000000005,0.8973620972506692
Google Search,2025-12-24,1340.03,94998,5901,347,4697.07,50691,0,0.0621170972020463,0.0588035926114217,3.861757925072046,3.505197644828847,3357.04,0.7147093826576995
Google Search,2025-12-25,5242.81,505900,45963,1192,104733.41,242004,1805,0.090853923700336,0.025933903357048,4.398330536912752,19.97657935343833,99490.6,0.9499413797373732
Google Search,2025-12-26,2852.35,199493,11332,8,0.0,106516,17496,0.0568039981352729,0.000705965407695,356.54375,0.0,-2852.35,
Google Search,2025-12-27,3942.76,259485,13442,116,9893.47,129765,0,0.0518026090140085,0.0086296682041362,33.98931034482759,2.5092752285201225,5950.709999999999,0.601478551003844
Google Search,2025-12-28,1049.41,53371,3160,35,603.04,26917,3492,0.0592081842198947,0.0110759493670886,29.98314285714286,0.5746467062444611,-446.3700000000001,-0.7401996550809236
Google Search,2025-12-29,2633.57,140248,9683,329,38412.3,92936,6675,0.0690419827733728,0.0339770732211091,8.004772036474165,14.585638505906427,35778.73,0.9314394087310576
Google Search,2025-12-30,5052.64,446512,26023,151,13836.49,214794,4452,0.0582806285161429,0.0058025592744879,33.46119205298014,2.738467415054308,8783.849999999999,0.6348322443047333
Google Search,2025-12-31,4498.88,284942,18836,604,35019.69,140819,0,0.0661046809526149,0.0320662561053302,7.448476821192053,7.784090707020415,30520.81,0.8715328433803954
LinkedIn,2023-01-01,2030.93,101112,445,1,18.46,40451,9707,0.0044010602104596,0.0022471910112359,2030.93,0.0090894319351233,-2012.47,-109.01787648970748
LinkedIn,2023-01-02,1121.75,38492,213,1,40.95,17713,975,0.0055336173750389,0.0046948356807511,1121.75,0.0365054602184087,-1080.8,-26.39316239316239
LinkedIn,2023-01-03,65.51,3032,20,0,0.0,2185,0,0.0065963060686015,0.0,,0.0,-65.51,
LinkedIn,2023-01-04,3412.69,145000,830,0,0.0,68980,20591,0.0057241379310344,0.0,,0.0,-3412.69,
LinkedIn,2023-01-05,3025.64,135577,875,4,529.52,62569,2940,0.0064538970474343,0.0045714285714285,756.41,0.1750109067833582,-2496.12,-4.713929596615803
LinkedIn,2023-01-06,725.0999999999999,41765,221,0,0.0,23114,0,0.0052915120316054,0.0,,0.0,-725.0999999999999,
LinkedIn,2023-01-07,732.4300000000001,28317,159,3,34.33,11009,1393,0.0056150015891513,0.0188679245283018,244.1433333333333,0.0468713733735647,-698.1,-20.334983979027093
LinkedIn,2023-01-08,1598.79,49403,249,0,0.0,29943,1431,0.0050401797461692,0.0,,0.0,-1598.79,
LinkedIn,2023-01-09,1795.5700000000002,43342,160,0,0.0,18285,8680,0.003691569378432,0.0,,0.0,-1795.5700000000002,
LinkedIn,2023-01-10,4847.4,203254,1027,2,211.35,92590,5406,0.0050527910889822,0.0019474196689386,2423.7,0.0436006931550934,-4636.049999999999,-21.935415188076647
LinkedIn,2023-01-11,755.88,23216,132,2,36.51,11037,0,0.0056857339765678,0.0151515151515151,377.94,0.0483013176694713,-719.37,-19.70336894001644
LinkedIn,2023-01-12,1085.48,48963,255,1,122.06,27182,0,0.0052080142148152,0.0039215686274509,1085.48,0.1124479492943214,-963.42,-7.89300344093069
LinkedIn,2023-01-13,1070.36,34921,231,0,0.0,15989,0,0.0066149308439048,0.0,,0.0,-1070.36,
LinkedIn,2023-01-14,2449.62,109140,640,2,205.02,56345,3550,0.0058640278541323,0.003125,1224.81,0.083694613858476,-2244.6,-10.948200175592625
LinkedIn,2023-01-15,485.85,16916,101,0,0.0,10408,0,0.0059706786474343,0.0,,0.0,-485.85,
LinkedIn,2023-01-16,2015.88,67802,323,4,83.26,35172,0,0.0047638712722338,0.0123839009287925,503.97,0.0413020616306526,-1932.62,-23.21186644246937
LinkedIn,2023-01-17,2473.08,110888,869,4,668.7,48846,0,0.0078367361662217,0.004602991944764,618.27,0.2703915764957058,-1804.38,-2.698340062808434
LinkedIn,2023-01-18,1214.5500000000002,61815,445,8,302.81,23740,0,0.0071988999433794,0.0179775280898876,151.81875000000002,0.2493186776995594,-911.7400000000002,-3.010930946798323
LinkedIn,2023-01-19,3133.45,157064,1048,3,250.5,86558,0,0.0066724392604288,0.0028625954198473,1044.4833333333331,0.0799438318786002,-2882.95,-11.50878243512974
LinkedIn,2023-01-20,1107.16,30750,134,0,0.0,15377,0,0.0043577235772357,0.0,,0.0,-1107.16,
LinkedIn,2023-01-21,1139.52,34402,221,0,0.0,16212,0,0.0064240451136561,0.0,,0.0,-1139.52,
LinkedIn,2023-01-22,462.07,25743,135,1,8.75,12382,0,0.0052441440391562,0.0074074074074074,462.07,0.0189365247689743,-453.32,-51.808
LinkedIn,2023-01-23,1160.81,38872,308,1,142.51,19134,0,0.0079234410372504,0.0032467532467532,1160.81,0.1227677225385722,-1018.3,-7.145463476247281
LinkedIn,2023-01-24,746.73,30397,191,1,129.15,13506,231,0.0062835148205415,0.0052356020942408,746.73,0.1729540797878751,-617.58,-4.781881533101045
LinkedIn,2023-01-25,2343.2200000000003,85411,582,0,0.0,51395,0,0.006814110594654,0.0,,0.0,-2343.2200000000003,
LinkedIn,2023-01-26,630.91,24439,140,0,0.0,9946,0,0.005728548631286,0.0,,0.0,-630.91,
LinkedIn,2023-01-27,1341.54,44957,205,0,0.0,23872,0,0.0045599128055697,0.0,,0.0,-1341.54,
LinkedIn,2023-01-28,3708.11,163314,1307,22,853.82,75728,378,0.0080029881087965,0.016832440703902,168.55045454545456,0.2302574626966298,-2854.29,-3.3429645592747885
LinkedIn,2023-01-29,1203.3,44403,324,2,300.2,19179,0,0.0072968042699817,0.0061728395061728,601.65,0.2494805950303332,-903.1,-3.008327781479014
LinkedIn,2023-01-30,457.38,22140,131,0,0.0,9964,0,0.0059168925022583,0.0,,0.0,-457.38,
LinkedIn,2023-01-31,531.78,16584,126,3,60.22,7779,0,0.0075976845151953,0.0238095238095238,177.26,0.1132423182519086,-471.56,-7.830621056127532
LinkedIn,2023-02-01,2731.58,74981,444,1,291.28,32778,0,0.005921500113362,0.0022522522522522,2731.58,0.1066342556322714,-2440.3,-8.377849491897832
LinkedIn,2023-02-02,2570.1,89023,478,3,108.88,40125,12560,0.0053693989193803,0.006276150627615,856.6999999999999,0.0423641103459009,-2461.22,-22.60488611315209
LinkedIn,2023-02-03,398.01,12939,79,0,0.0,6967,0,0.006105572300796,0.0,,0.0,-398.01,
LinkedIn,2023-02-04,561.8100000000001,21448,137,0,0.0,11914,1414,0.0063875419619544,0.0,,0.0,-561.8100000000001,
LinkedIn,2023-02-05,1701.35,53319,295,1,16.88,27699,0,0.005532736923048,0.0033898305084745,1701.35,0.0099215329003438,-1684.4699999999998,-99.7908767772512
LinkedIn,2023-02-06,749.04,23396,146,0,0.0,12855,0,0.0062403829714481,0.0,,0.0,-749.04,
LinkedIn,2023-02-07,2945.2,147218,1192,24,1184.59,76316,2602,0.0080968359847301,0.0201342281879194,122.71666666666664,0.4022103762053511,-1760.6099999999997,-1.486261069230704
LinkedIn,2023-02-08,1461.75,69034,509,1,169.91,35104,531,0.0073731784338152,0.0019646365422396,1461.75,0.1162373866940311,-1291.84,-7.603083985639456
LinkedIn,2023-02-09,1405.14,67349,509,1,274.73,35156,0,0.007557647478062,0.0019646365422396,1405.14,0.195517884338927,-1130.41,-4.114621628507989
LinkedIn,2023-02-10,3902.01,212721,1475,21,349.27,114069,17886,0.0069339651468355,0.0142372881355932,185.81,0.0895102780361915,-3552.74,-10.17190139433676
LinkedIn,2023-02-11,7308.15,317803,1600,1,0.0,160183,5826,0.0050345654383375,0.000625,7308.15,0.0,-7308.15,
LinkedIn,2023-02-12,5572.299999999999,234660,1439,18,743.3,101642,0,0.0061322764851274,0.0125086865879082,309.5722222222222,0.1333919566426789,-4828.999999999999,-6.496703888066729
LinkedIn,2023-02-13,1750.61,84537,618,1,105.79,35323,0,0.0073104084602008,0.0016181229773462,1750.61,0.0604303642730248,-1644.82,-15.547972398147271
LinkedIn,2023-02-14,4357.33,158229,1323,2,331.41,92187,1018,0.0083612991297423,0.00151171579743,2178.665,0.0760580447200464,-4025.92,-12.147853112458886
LinkedIn,2023-02-15,2072.92,78773,521,12,105.36,36778,0,0.0066139413250733,0.0230326295585412,172.74333333333334,0.050826852941744,-1967.56,-18.67463933181473
LinkedIn,2023-02-16,2041.18,104742,729,20,469.33,52910,0,0.0069599587557999,0.027434842249657,102.059,0.2299307263445654,-1571.85,-3.3491360023863805
LinkedIn,2023-02-17,1907.84,117795,508,1,266.26,67097,6871,0.0043125769345048,0.0019685039370078,1907.84,0.139560969473331,-1641.5800000000002,-6.165327123863893
LinkedIn,2023-02-18,309.64,12718,75,0,0.0,7885,360,0.0058971536405095,0.0,,0.0,-309.64,
LinkedIn,2023-02-19,4167.38,160139,1042,4,673.4,82736,0,0.0065068471765154,0.0038387715930902,1041.845,0.1615883360768636,-3493.98,-5.188565488565489
LinkedIn,2023-02-20,511.74,22578,143,0,0.0,12710,580,0.0063335990787492,0.0,,0.0,-511.74,
LinkedIn,2023-02-21,2981.14,136697,913,18,260.44,57745,388,0.0066790053914862,0.0197152245345016,165.61888888888888,0.0873625525805564,-2720.7,-10.44655198894179
LinkedIn,2023-02-22,795.6,41084,152,0,0.0,16452,0,0.0036997371239411,0.0,,0.0,-795.6,
LinkedIn,2023-02-23,1748.7099999999998,79654,436,3,307.27,41580,13939,0.0054736736384864,0.0068807339449541,582.9033333333333,0.1757123822703593,-1441.4399999999998,-4.691118560223907
LinkedIn,2023-02-24,2936.97,108725,514,2,677.09,50362,651,0.0047275235686364,0.0038910505836575,1468.485,0.2305403187638961,-2259.88,-3.337636060198791
LinkedIn,2023-02-25,2299.36,107631,601,1,289.97,49380,14386,0.0055838931162954,0.0016638935108153,2299.36,0.1261090042446594,-2009.39,-6.9296478946097855
LinkedIn,2023-02-26,2287.89,77715,387,5,60.56,37266,2709,0.004979733642154,0.0129198966408268,457.578,0.0264698040552648,-2227.33,-36.77889696169088
LinkedIn,2023-02-27,2450.28,87697,617,7,366.83,40017,0,0.0070355884465831,0.0113452188006482,350.04,0.1497094209641347,-2083.45,-5.67960635716817
LinkedIn,2023-02-28,1996.7,83027,710,14,189.92,38407,0,0.0085514350753369,0.0197183098591549,142.62142857142857,0.0951169429558771,-1806.78,-9.51337405223252
LinkedIn,2023-03-01,597.62,21963,156,2,19.73,10643,319,0.0071028548012566,0.0128205128205128,298.81,0.0330142900170677,-577.89,-29.28991383679676
LinkedIn,2023-03-02,1582.62,65569,548,22,514.07,32219,0,0.0083576080159831,0.0401459854014598,71.93727272727273,0.3248221303913763,-1068.5499999999995,-2.078607971677008
LinkedIn,2023-03-03,2464.47,86079,481,0,0.0,48059,5808,0.0055878901938916,0.0,,0.0,-2464.47,
LinkedIn,2023-03-04,1004.09,42756,437,3,85.2,20011,0,0.0102207877256993,0.0068649885583524,334.69666666666666,0.0848529514286568,-918.89,-10.785093896713615
LinkedIn,2023-03-05,1268.78,36867,172,0,0.0,20918,0,0.0046654189383459,0.0,,0.0,-1268.78,
LinkedIn,2023-03-06,4005.43,202970,1148,0,0.0,115051,0,0.0056560082770852,0.0,,0.0,-4005.43,
LinkedIn,2023-03-07,4264.84,126581,830,3,49.13,63669,8401,0.0065570662263688,0.0036144578313253,1421.6133333333337,0.0115197756539518,-4215.71,-85.80724608182373
LinkedIn,2023-03-08,3132.79,108874,679,13,696.87,45441,0,0.0062365670407994,0.0191458026509572,240.9838461538461,0.2224438918663555,-2435.92,-3.4955156628926485
LinkedIn,2023-03-09,1066.6,47778,281,0,0.0,23145,0,0.0058813679936372,0.0,,0.0,-1066.6,
LinkedIn,2023-03-10,4298.93,150689,1032,7,274.02,79276,3171,0.0068485423620834,0.0067829457364341,614.1328571428572,0.0637414426380517,-4024.91,-14.68838041018904
LinkedIn,2023-03-11,935.36,22035,138,0,0.0,10696,0,0.0062627637848876,0.0,,0.0,-935.36,
LinkedIn,2023-03-12,757.6,37520,201,2,71.37,21248,0,0.0053571428571428,0.0099502487562189,378.8,0.0942053854276663,-686.23,-9.615104385596188
LinkedIn,2023-03-13,2313.74,86717,510,2,141.09,56152,9349,0.005881199764752,0.0039215686274509,1156.87,0.0609791938592927,-2172.65,-15.399036076263378
LinkedIn,2023-03-14,843.35,21886,144,0,0.0,10780,455,0.006579548569862,0.0,,0.0,-843.35,
LinkedIn,2023-03-15,1599.7499999999998,47912,391,13,213.69,22916,0,0.0081607947904491,0.0332480818414322,123.05769230769228,0.1335771214252227,-1386.0599999999995,-6.486311947213252
LinkedIn,2023-03-16,812.9200000000001,26268,193,0,0.0,15373,3168,0.0073473427744784,0.0,,0.0,-812.9200000000001,
LinkedIn,2023-03-17,1802.71,103881,460,1,27.74,51237,0,0.0044281437413964,0.0021739130434782,1802.71,0.0153879437069745,-1774.97,-63.98594087959626
LinkedIn,2023-03-18,1491.76,49866,262,1,126.48,22150,0,0.0052540809369109,0.0038167938931297,1491.76,0.0847857564219445,-1365.28,-10.794433902593294
LinkedIn,2023-03-19,1122.0700000000002,42882,259,0,0.0,22510,1895,0.0060398302317988,0.0,,0.0,-1122.0700000000002,
LinkedIn,2023-03-20,2820.62,107109,593,1,325.88,48463,0,0.0055364161741777,0.0016863406408094,2820.62,0.1155348824017414,-2494.74,-7.655394623787897
LinkedIn,2023-03-21,1263.61,43945,255,0,0.0,18446,2983,0.0058027079303675,0.0,,0.0,-1263.61,
LinkedIn,2023-03-22,3618.43,117203,955,3,226.34,57830,0,0.0081482555907272,0.0031413612565445,1206.1433333333332,0.0625519907805318,-3392.09,-14.986701422638507
LinkedIn,2023-03-23,1886.54,74647,514,0,0.0,41052,4594,0.0068857422267472,0.0,,0.0,-1886.54,
LinkedIn,2023-03-24,603.31,25324,142,0,0.0,13779,2008,0.0056073290159532,0.0,,0.0,-603.31,
LinkedIn,2023-03-25,104.05,3393,22,0,0.0,1644,0,0.0064839375184202,0.0,,0.0,-104.05,
LinkedIn,2023-03-26,519.5899999999999,15244,126,3,94.66,8516,0,0.0082655471004985,0.0238095238095238,173.19666666666663,0.1821821051213457,-424.93,-4.489013310796534
LinkedIn,2023-03-27,379.96,13365,79,0,0.0,9396,0,0.005910961466517,0.0,,0.0,-379.96,
LinkedIn,2023-03-28,5575.7,262780,2058,60,1277.1,123241,0,0.0078316462440063,0.0291545189504373,92.92833333333331,0.2290474738597844,-4298.6,-3.3659071333489945
LinkedIn,2023-03-29,3267.7200000000003,132061,964,29,746.12,56245,1321,0.0072996569767001,0.0300829875518672,112.68,0.2283304567098772,-2521.6000000000004,-3.3796172197501746
LinkedIn,2023-03-30,384.51,23633,142,0,0.0,12285,0,0.0060085473702026,0.0,,0.0,-384.51,
LinkedIn,2023-03-31,3058.7200000000003,119302,904,10,267.51,62118,524,0.0075774085933177,0.0110619469026548,305.872,0.0874581524297745,-2791.21,-10.434039848977609
LinkedIn,2023-04-01,229.01,13494,115,1,236.98,5827,0,0.0085223062101674,0.008695652173913,229.01,1.0348019737129384,7.969999999999999,0.0336315300869271
LinkedIn,2023-04-02,2695.0,79963,402,0,0.0,52549,0,0.0050273251378762,0.0,,0.0,-2695.0,
LinkedIn,2023-04-03,269.09000000000003,14619,90,0,0.0,9003,0,0.0061563718448594,0.0,,0.0,-269.09000000000003,
LinkedIn,2023-04-04,306.62,9265,65,0,0.0,5020,0,0.0070156502968159,0.0,,0.0,-306.62,
LinkedIn,2023-04-05,5410.110000000001,175658,1171,2,55.52,97414,4278,0.0066663630463742,0.0017079419299743,2705.0550000000003,0.0102622682348418,-5354.59,-96.44434438040344
LinkedIn,2023-04-06,1281.79,40886,291,0,0.0,20878,1454,0.0071173506823851,0.0,,0.0,-1281.79,
LinkedIn,2023-04-07,589.98,33952,252,0,0.0,16513,1467,0.0074222431668237,0.0,,0.0,-589.98,
LinkedIn,2023-04-08,466.91,23103,114,0,0.0,10900,2631,0.0049344241007661,0.0,,0.0,-466.91,
LinkedIn,2023-04-09,700.22,22691,155,2,28.52,10642,792,0.0068309021197831,0.0129032258064516,350.11,0.04073005626803,-671.7,-23.55189340813465
LinkedIn,2023-04-10,932.69,53759,455,6,188.42,30228,0,0.0084636991015457,0.0131868131868131,155.44833333333335,0.2020178194255326,-744.27,-3.950058380214414
LinkedIn,2023-04-11,714.38,16769,92,0,0.0,7620,3083,0.0054863140318444,0.0,,0.0,-714.38,
LinkedIn,2023-04-12,440.78,15881,140,0,0.0,9420,0,0.0088155657704174,0.0,,0.0,-440.78,
LinkedIn,2023-04-13,2730.99,101105,854,10,168.02,56130,1811,0.0084466643588348,0.0117096018735363,273.099,0.061523476834408,-2562.97,-15.253957862159265
LinkedIn,2023-04-14,1372.38,68037,342,0,0.0,47729,10937,0.0050266766612284,0.0,,0.0,-1372.38,
LinkedIn,2023-04-15,2032.47,78327,599,0,0.0,38769,0,0.0076474268132317,0.0,,0.0,-2032.47,
LinkedIn,2023-04-16,3043.67,120178,913,4,827.95,54632,0,0.0075970643545407,0.004381161007667,760.9174999999999,0.2720235768003759,-2215.72,-2.6761519415423627
LinkedIn,2023-04-17,1312.69,54070,383,0,0.0,22877,0,0.0070834103939337,0.0,,0.0,-1312.69,
LinkedIn,2023-04-19,1413.54,79504,467,0,0.0,35381,0,0.0058739182934191,0.0,,0.0,-1413.54,
LinkedIn,2023-04-20,495.97,25969,184,0,0.0,11993,1526,0.0070853710192922,0.0,,0.0,-495.97,
LinkedIn,2023-04-21,2223.45,77664,330,0,0.0,37208,0,0.0042490729295426,0.0,,0.0,-2223.45,
LinkedIn,2023-04-22,1704.59,82660,542,6,72.07,32372,0,0.0065569804016452,0.011070110701107,284.09833333333336,0.0422799617503329,-1632.5200000000002,-22.65186624115444
LinkedIn,2023-04-23,559.64,25311,206,1,164.06,11826,0,0.0081387539014657,0.0048543689320388,559.64,0.2931527410478164,-395.58,-2.4111910276728024
LinkedIn,2023-04-24,2112.78,98124,773,5,786.37,48824,0,0.0078777872895519,0.0064683053040103,422.5559999999999,0.3721968212497279,-1326.41,-1.6867505118455688
LinkedIn,2023-04-25,750.84,29258,176,1,187.45,16607,0,0.0060154487661494,0.0056818181818181,750.84,0.2496537211656278,-563.3900000000001,-3.005548146172313
LinkedIn,2023-04-26,1399.8000000000002,60693,386,2,255.58,26630,0,0.0063598767567923,0.005181347150259,699.9000000000001,0.1825832261751678,-1144.2200000000005,-4.4769543782768615
LinkedIn,2023-04-27,2711.6,88585,641,6,331.34,49660,0,0.0072359880340915,0.0093603744149766,451.9333333333333,0.1221935388700398,-2380.26,-7.183738757771473
LinkedIn,2023-04-28,5764.4800000000005,270545,1585,1,301.89,145759,17193,0.0058585447892217,0.0006309148264984,5764.4800000000005,0.0523707255467969,-5462.59,-18.094637119480605
LinkedIn,2023-04-29,2012.88,74551,577,16,197.06,38095,0,0.0077396681466378,0.0277296360485268,125.805,0.0978995270458249,-1815.82,-9.214553942961532
LinkedIn,2023-04-30,2663.62,88198,622,6,95.67,37960,0,0.007052314111431,0.0096463022508038,443.93666666666667,0.0359172854986822,-2567.95,-26.84174767429706
LinkedIn,2023-05-01,131.47,6632,52,0,0.0,4043,0,0.0078407720144752,0.0,,0.0,-131.47,
LinkedIn,2023-05-02,1541.99,66340,436,8,230.58,29998,0,0.0065722037986132,0.018348623853211,192.74875,0.1495340436708409,-1311.41,-5.687440367768237
LinkedIn,2023-05-03,3544.03,127987,736,26,472.95,67805,0,0.0057505840436919,0.0353260869565217,136.30884615384616,0.1334497732807002,-3071.0800000000004,-6.493455967861297
LinkedIn,2023-05-04,926.45,35517,276,1,310.03,16810,0,0.0077709265985302,0.0036231884057971,926.45,0.3346429920664903,-616.4200000000001,-1.988259200722511
LinkedIn,2023-05-05,3265.05,102594,661,6,203.36,48541,0,0.0064428719028403,0.0090771558245083,544.1750000000001,0.0622838853922604,-3061.69,-15.055517309205351
LinkedIn,2023-05-06,839.0799999999999,48965,358,6,75.0,26895,0,0.0073113448381496,0.0167597765363128,139.84666666666666,0.0893836106211565,-764.0799999999999,-10.187733333333332
LinkedIn,2023-05-07,2176.85,86465,528,1,8.37,42135,8844,0.006106517087839,0.0018939393939393,2176.85,0.0038450053977076,-2168.48,-259.0776583034648
LinkedIn,2023-05-08,1556.11,51665,313,2,384.26,32200,2532,0.0060582599438691,0.0063897763578274,778.055,0.2469362705721318,-1171.85,-3.049627856139072
LinkedIn,2023-05-09,997.4,42850,282,0,0.0,22302,1192,0.0065810968494749,0.0,,0.0,-997.4,
LinkedIn,2023-05-10,3178.5,122211,871,26,378.81,50217,0,0.0071270180262005,0.0298507462686567,122.25,0.119178857951864,-2799.69,-7.390749980201156
LinkedIn,2023-05-11,3168.25,101952,770,0,0.0,43543,788,0.0075525737602008,0.0,,0.0,-3168.25,
LinkedIn,2023-05-12,3443.85,105726,587,0,0.0,54837,6584,0.0055520874713883,0.0,,0.0,-3443.85,
LinkedIn,2023-05-13,403.61,14313,88,2,63.53,6511,507,0.0061482568294557,0.0227272727272727,201.805,0.1574044250637992,-340.08000000000004,-5.353061545726429
LinkedIn,2023-05-14,1731.11,62612,435,3,116.82,33746,0,0.0069475499904171,0.0068965517241379,577.0366666666667,0.0674827134035387,-1614.2900000000002,-13.818609827084408
LinkedIn,2023-05-15,2925.06,139010,815,7,224.27,68632,5282,0.0058628875620458,0.0085889570552147,417.8657142857143,0.0766719315159347,-2700.79,-12.042582601328755
LinkedIn,2023-05-16,4403.0,144258,1139,6,787.94,74012,841,0.0078955759819212,0.0052677787532923,733.8333333333334,0.1789552577787872,-3615.06,-4.5879889331675
LinkedIn,2023-05-17,2133.82,82383,496,6,128.37,48365,0,0.0060206596021023,0.0120967741935483,355.6366666666666,0.0601597135653429,-2005.45,-15.62241956843499
LinkedIn,2023-05-18,605.34,22474,169,0,0.0,12200,0,0.0075198006585387,0.0,,0.0,-605.34,
LinkedIn,2023-05-19,3858.1100000000006,155515,902,11,135.69,98324,16233,0.0058000835932225,0.0121951219512195,350.7372727272728,0.035170070319405,-3722.420000000001,-27.433267005674704
LinkedIn,2023-05-20,2597.72,88657,427,4,130.9,39987,1438,0.0048163145606099,0.009367681498829,649.43,0.0503903423001709,-2466.82,-18.845072574484337
LinkedIn,2023-05-21,2659.9,103806,493,1,16.96,55440,1254,0.0047492437816696,0.0020283975659229,2659.9,0.0063761795556223,-2642.94,-155.83372641509433
LinkedIn,2023-05-22,2113.01,78693,455,6,70.33,39668,349,0.0057819628175314,0.0131868131868131,352.1683333333333,0.0332842721993743,-2042.6800000000003,-29.044220105218265
LinkedIn,2023-05-23,1007.12,28823,246,0,0.0,12890,3183,0.0085348506401137,0.0,,0.0,-1007.12,
LinkedIn,2023-05-24,1736.9499999999998,56186,306,0,0.0,28514,174,0.0054461965614209,0.0,,0.0,-1736.9499999999998,
LinkedIn,2023-05-25,4348.6,176949,1139,16,155.88,91133,0,0.006436882943673,0.0140474100087796,271.7875,0.0358460194085452,-4192.72,-26.897100333589943
LinkedIn,2023-05-26,1489.69,83985,564,1,0.0,40476,6128,0.0067154849080192,0.00177304964539,1489.69,0.0,-1489.69,
LinkedIn,2023-05-27,2991.27,107290,818,11,95.39,44234,1660,0.0076241961040171,0.0134474327628361,271.9336363636364,0.0318894650098453,-2895.88,-30.358318482021176
LinkedIn,2023-05-28,2135.8300000000004,91462,462,0,0.0,38102,6914,0.005051278126435,0.0,,0.0,-2135.8300000000004,
LinkedIn,2023-05-29,1152.55,40184,342,4,268.66,17052,0,0.0085108500895878,0.0116959064327485,288.1375,0.2331005162465836,-883.89,-3.28999478895258
LinkedIn,2023-05-30,2864.7200000000003,105512,657,6,356.75,49651,291,0.0062267798923345,0.0091324200913242,477.4533333333334,0.1245322404981987,-2507.9700000000003,-7.030049053959356
LinkedIn,2023-05-31,1096.27,29133,217,0,0.0,12807,730,0.0074485978100435,0.0,,0.0,-1096.27,
LinkedIn,2023-06-01,1594.68,83975,512,8,85.59,36437,0,0.0060970526942542,0.015625,199.335,0.0536722100985777,-1509.09,-17.631615842972312
LinkedIn,2023-06-02,1424.33,64356,504,2,322.22,24725,0,0.0078314376281931,0.0039682539682539,712.165,0.2262256639964053,-1102.11,-3.420364968034262
LinkedIn,2023-06-03,2987.03,108973,548,2,403.89,62750,5254,0.0050287685940554,0.0036496350364963,1493.515,0.1352145776908836,-2583.14,-6.39565228156181
LinkedIn,2023-06-04,1447.01,44424,308,6,251.97,23096,812,0.0069331892670628,0.0194805194805194,241.1683333333333,0.1741314849240848,-1195.04,-4.742786839703139
LinkedIn,2023-06-05,3284.69,139295,789,0,0.0,63328,0,0.0056642377687641,0.0,,0.0,-3284.69,
LinkedIn,2023-06-06,2086.41,67877,365,0,0.0,30761,7998,0.0053773737790415,0.0,,0.0,-2086.41,
LinkedIn,2023-06-07,1141.33,35844,271,2,176.85,15319,0,0.0075605401182903,0.007380073800738,570.665,0.1549508030105228,-964.48,-5.453661294882669
LinkedIn,2023-06-08,1573.08,49154,326,2,154.35,28548,0,0.0066322171135614,0.0061349693251533,786.54,0.0981196124799756,-1418.73,-9.191642371234208
LinkedIn,2023-06-09,699.91,37299,277,0,0.0,25411,0,0.007426472559586,0.0,,0.0,-699.91,
LinkedIn,2023-06-10,1772.01,77193,527,7,112.57,34464,1227,0.0068270439029445,0.0132827324478178,253.1442857142857,0.063526729533129,-1659.44,-14.741405347783603
LinkedIn,2023-06-11,4058.7,173599,967,13,487.13,93347,15773,0.0055703085847268,0.0134436401240951,312.2076923076923,0.1200211890506812,-3571.57,-7.331862131258596
LinkedIn,2023-06-12,5576.21,183911,1006,1,161.05,79734,7536,0.0054700371375284,0.0009940357852882,5576.21,0.0288816238986695,-5415.16,-33.624091896926416
LinkedIn,2023-06-13,1193.53,55564,356,1,33.83,23809,0,0.0064070261320279,0.0028089887640449,1193.53,0.0283444907124244,-1159.7,-34.280224652675145
LinkedIn,2023-06-14,1868.38,59889,424,5,256.47,30425,0,0.007079764230493,0.0117924528301886,373.676,0.1372686498463909,-1611.91,-6.2849845985885295
LinkedIn,2023-06-15,3199.96,89209,468,1,350.04,36387,9336,0.0052461074555257,0.0021367521367521,3199.96,0.109388867360842,-2849.92,-8.141698091646669
LinkedIn,2023-06-16,483.05,22964,173,3,26.29,10113,342,0.0075335307437728,0.0173410404624277,161.01666666666668,0.0544250077631715,-456.76,-17.373906428299733
LinkedIn,2023-06-17,2572.81,126479,614,0,0.0,60666,3651,0.0048545608361862,0.0,,0.0,-2572.81,
LinkedIn,2023-06-18,4783.360000000001,210832,1083,15,135.75,125042,3102,0.0051367913789178,0.0138504155124653,318.89066666666673,0.0283796327267861,-4647.610000000001,-34.23653775322284
LinkedIn,2023-06-19,560.7,19247,90,1,37.84,9210,0,0.0046760534109211,0.0111111111111111,560.7,0.0674870697342607,-522.86,-13.817653276955602
LinkedIn,2023-06-20,1950.48,62412,386,10,200.12,25530,0,0.006184708068961,0.0259067357512953,195.048,0.1026003855461219,-1750.36,-8.746552068758746
LinkedIn,2023-06-21,356.95,14266,100,0,0.0,7164,0,0.0070096733492219,0.0,,0.0,-356.95,
LinkedIn,2023-06-22,4832.24,202817,1259,5,154.73,96721,1024,0.0062075664268774,0.0039714058776806,966.448,0.0320203466715229,-4677.51,-30.230142829444844
LinkedIn,2023-06-23,1160.19,31832,154,0,0.0,17999,2587,0.0048378989695903,0.0,,0.0,-1160.19,
LinkedIn,2023-06-25,1200.0,46043,259,1,127.36,17865,0,0.0056251764654779,0.0038610038610038,1200.0,0.1061333333333333,-1072.64,-8.42211055276382
LinkedIn,2023-06-26,3015.11,82573,533,0,0.0,39865,0,0.0064548944570259,0.0,,0.0,-3015.11,
LinkedIn,2023-06-27,976.29,50745,360,3,218.21,23787,0,0.0070942950044339,0.0083333333333333,325.43,0.2235094080652264,-758.0800000000002,-3.4740845974061694
LinkedIn,2023-06-28,1829.46,81324,654,6,486.05,36551,441,0.0080419064482809,0.0091743119266055,304.91,0.2656794901227684,-1343.41,-2.76393375167164
LinkedIn,2023-06-29,3302.94,130600,805,1,25.82,72577,9860,0.0061638591117917,0.0012422360248447,3302.94,0.0078172779402592,-3277.12,-126.92176607281176
LinkedIn,2023-06-30,2034.27,58235,559,13,480.65,24048,0,0.0095990383789817,0.0232558139534883,156.4823076923077,0.2362764038205351,-1553.62,-3.2323312181421
LinkedIn,2023-07-01,821.91,49264,177,0,0.0,21995,0,0.0035928873010717,0.0,,0.0,-821.91,
LinkedIn,2023-07-02,3826.26,120850,519,0,0.0,61859,8890,0.004294580057923,0.0,,0.0,-3826.26,
LinkedIn,2023-07-03,2371.49,72856,422,3,38.82,43620,0,0.0057922477215328,0.0071090047393364,790.4966666666666,0.0163694554900083,-2332.67,-60.08938691396187
LinkedIn,2023-07-04,837.25,26930,127,0,0.0,13784,0,0.0047159301893798,0.0,,0.0,-837.25,
LinkedIn,2023-07-05,2956.46,90038,469,9,799.62,43505,0,0.0052089117927985,0.0191897654584221,328.49555555555554,0.2704653538353301,-2156.84,-2.6973312323353595
LinkedIn,2023-07-06,875.6600000000001,28800,183,1,291.82,15757,1442,0.0063541666666666,0.0054644808743169,875.6600000000001,0.3332572002832149,-583.8400000000001,-2.0006853539853338
LinkedIn,2023-07-07,1604.46,49274,278,0,0.0,35702,0,0.0056419206883955,0.0,,0.0,-1604.46,
LinkedIn,2023-07-08,2827.77,143166,637,0,0.0,69054,5566,0.0044493804394898,0.0,,0.0,-2827.77,
LinkedIn,2023-07-09,1914.02,95390,612,4,386.06,42161,574,0.0064157668518712,0.0065359477124183,478.505,0.201701131649617,-1527.96,-3.957830389058696
LinkedIn,2023-07-10,1988.66,87306,553,0,0.0,41285,0,0.0063340434792568,0.0,,0.0,-1988.66,
LinkedIn,2023-07-11,2900.61,134114,976,1,140.41,67284,336,0.0072773908764185,0.0010245901639344,2900.61,0.0484070592047879,-2760.2,-19.65814400683712
LinkedIn,2023-07-12,1256.02,47387,281,9,77.77,30019,0,0.0059298963850845,0.0320284697508896,139.55777777777777,0.0619178038566264,-1178.25,-15.15044361579015
LinkedIn,2023-07-13,1896.99,73643,469,5,278.58,32385,268,0.0063685618456608,0.0106609808102345,379.398,0.1468536998086442,-1618.41,-5.8094981692871
LinkedIn,2023-07-14,1180.71,29893,185,5,199.9,9805,0,0.0061887398387582,0.027027027027027,236.142,0.1693049097576881,-980.81,-4.906503251625813
LinkedIn,2023-07-15,3166.56,92476,410,0,0.0,44656,10361,0.0044335827674207,0.0,,0.0,-3166.56,
LinkedIn,2023-07-16,2545.11,94587,524,0,0.0,59324,1711,0.005539873344117,0.0,,0.0,-2545.11,
LinkedIn,2023-07-17,1296.3,33869,200,1,11.07,18337,0,0.0059051049632407,0.005,1296.3,0.0085396898866003,-1285.23,-116.10027100271004
LinkedIn,2023-07-18,2775.0,103616,730,11,135.15,50156,377,0.007045243977764,0.0150684931506849,252.27272727272728,0.0487027027027027,-2639.85,-19.53274139844617
LinkedIn,2023-07-19,541.76,19367,105,0,0.0,7219,0,0.0054215934321268,0.0,,0.0,-541.76,
LinkedIn,2023-07-20,2157.27,90138,663,17,291.75,39229,2203,0.0073553884044465,0.0256410256410256,126.89823529411764,0.1352403732495237,-1865.52,-6.394241645244216
LinkedIn,2023-07-21,801.24,33789,230,4,59.87,18254,0,0.0068069490070733,0.017391304347826,200.31,0.0747216813938395,-741.37,-12.3829964924002
LinkedIn,2023-07-22,3369.3,145732,630,1,96.13,84954,10813,0.0043230038701177,0.0015873015873015,3369.3,0.028531148903333,-3273.17,-34.04941225423905
LinkedIn,2023-07-23,5996.18,276435,1461,8,119.1,137621,13032,0.0052851484074013,0.0054757015742642,749.5225,0.0198626458845464,-5877.08,-49.34575986565911
LinkedIn,2023-07-24,2595.97,124996,881,7,896.96,76761,0,0.0070482255432173,0.0079455164585698,370.8528571428571,0.3455201716506739,-1699.0099999999998,-1.8941870317516944
LinkedIn,2023-07-25,2407.17,117170,658,2,753.7,52498,8552,0.0056157719552786,0.0030395136778115,1203.585,0.3131062617098086,-1653.47,-2.193803900756269
LinkedIn,2023-07-26,3565.61,111361,591,2,27.17,70687,0,0.0053070644121371,0.0033840947546531,1782.805,0.0076200145276684,-3538.44,-130.23334560176664
LinkedIn,2023-07-27,2878.46,120870,753,6,57.09,54354,0,0.0062298337056341,0.0079681274900398,479.7433333333333,0.019833522091674,-2821.37,-49.41968821159573
LinkedIn,2023-07-28,1642.88,51059,374,2,382.09,22099,0,0.0073248594762921,0.0053475935828877,821.44,0.2325732859368913,-1260.79,-3.2997199612656702
LinkedIn,2023-07-29,1097.3000000000002,41487,302,2,583.6700000000001,19070,0,0.0072793887241786,0.0066225165562913,548.6500000000001,0.5319146997174884,-513.6300000000001,-0.880000685318759
LinkedIn,2023-07-30,1598.72,77202,420,3,435.53,40199,0,0.0054402735680422,0.0071428571428571,532.9066666666666,0.2724241893514812,-1163.19,-2.6707459876472344
LinkedIn,2023-07-31,2458.7,94882,519,0,0.0,46387,4959,0.0054699521510929,0.0,,0.0,-2458.7,
LinkedIn,2023-08-01,1022.71,47499,251,0,0.0,21315,389,0.0052843217751952,0.0,,0.0,-1022.71,
LinkedIn,2023-08-02,5161.1,200656,1151,2,223.91,97076,549,0.005736185312176,0.0017376194613379,2580.55,0.0433841622909844,-4937.1900000000005,-22.049886114956905
LinkedIn,2023-08-03,1153.22,60405,455,2,30.08,39626,0,0.0075324890323648,0.0043956043956043,576.61,0.0260834879728065,-1123.14,-37.33843085106383
LinkedIn,2023-08-04,5213.3,243271,1337,3,602.4200000000001,111266,17033,0.0054959284090582,0.0022438294689603,1737.7666666666669,0.1155544472790746,-4610.88,-7.653929152418578
LinkedIn,2023-08-05,3074.81,122987,735,7,115.18,65399,685,0.0059762413913665,0.0095238095238095,439.2585714285714,0.0374592251228531,-2959.63,-25.695693696822364
LinkedIn,2023-08-06,1647.0600000000002,44849,235,0,0.0,17769,6169,0.0052398046779192,0.0,,0.0,-1647.0600000000002,
LinkedIn,2023-08-07,1418.33,51917,382,5,125.7,23372,1161,0.0073578981836392,0.013089005235602,283.666,0.0886253551712225,-1292.63,-10.283452665075576
LinkedIn,2023-08-08,2474.85,83199,494,9,152.51,39793,0,0.0059375713650404,0.0182186234817813,274.9833333333333,0.0616239368042507,-2322.34,-15.227460494393812
LinkedIn,2023-08-09,1920.65,87321,508,1,357.51,40658,656,0.0058176154647793,0.0019685039370078,1920.65,0.1861401088173274,-1563.14,-4.372297278397808
LinkedIn,2023-08-10,3696.65,134202,764,5,80.88,78830,15984,0.005692910686875,0.006544502617801,739.3299999999999,0.0218792690679398,-3615.77,-44.70536597428288
LinkedIn,2023-08-11,2387.4,103498,588,1,42.58,45833,0,0.0056812692032696,0.0017006802721088,2387.4,0.0178353020021781,-2344.82,-55.06857679661814
LinkedIn,2023-08-12,2131.32,81486,413,5,52.6,42323,0,0.0050683553002969,0.0121065375302663,426.264,0.024679541317118,-2078.7200000000003,-39.51939163498099
LinkedIn,2023-08-13,2727.79,96537,437,0,0.0,52294,9827,0.0045267617597397,0.0,,0.0,-2727.79,
LinkedIn,2023-08-14,3335.19,106901,534,10,131.71,62501,0,0.0049952760030308,0.0187265917602996,333.519,0.0394910035110443,-3203.48,-24.322223065826435
LinkedIn,2023-08-15,103.48,3856,20,0,0.0,2684,0,0.0051867219917012,0.0,,0.0,-103.48,
LinkedIn,2023-08-16,1749.0299999999995,56336,332,0,0.0,25153,1558,0.0058932121556376,0.0,,0.0,-1749.0299999999995,
LinkedIn,2023-08-17,1082.77,35977,260,2,379.11,17945,0,0.0072268393695972,0.0076923076923076,541.385,0.3501297597827794,-703.66,-1.856083986178154
LinkedIn,2023-08-18,968.32,47155,270,0,0.0,28286,5173,0.0057257979005407,0.0,,0.0,-968.32,
LinkedIn,2023-08-19,3752.62,155874,900,10,654.33,71755,0,0.0057738942992416,0.0111111111111111,375.262,0.1743661761649194,-3098.29,-4.735057234117341
LinkedIn,2023-08-20,1868.36,87200,479,4,36.08,38314,2136,0.005493119266055,0.0083507306889352,467.09,0.0193110535442848,-1832.28,-50.78381374722839
LinkedIn,2023-08-21,2067.67,70496,379,5,63.83,41601,6286,0.0053761915569677,0.0131926121372031,413.534,0.0308704967427103,-2003.84,-31.393388688704373
LinkedIn,2023-08-22,2134.94,110933,763,3,618.5,57203,0,0.0068780254748361,0.0039318479685452,711.6466666666666,0.2897036919070325,-1516.44,-2.451802748585287
LinkedIn,2023-08-23,32.72,1546,11,0,0.0,772,0,0.0071151358344113,0.0,,0.0,-32.72,
LinkedIn,2023-08-24,3897.64,235472,850,2,33.91,100073,49024,0.003609771013114,0.0023529411764705,1948.82,0.008700136492852,-3863.730000000001,-113.94072544971988
LinkedIn,2023-08-25,825.26,33728,236,0,0.0,15326,0,0.0069971537001897,0.0,,0.0,-825.26,
LinkedIn,2023-08-26,3482.61,135521,769,0,0.0,56949,7843,0.0056743973258756,0.0,,0.0,-3482.61,
LinkedIn,2023-08-27,614.59,25483,138,0,0.0,15579,0,0.0054153749558529,0.0,,0.0,-614.59,
LinkedIn,2023-08-28,1251.62,66107,375,0,0.0,26363,1129,0.0056726216588258,0.0,,0.0,-1251.62,
LinkedIn,2023-08-29,3023.32,82029,488,1,12.3,38724,11646,0.0059491155566933,0.0020491803278688,3023.32,0.0040683751637272,-3011.0199999999995,-244.7983739837398
LinkedIn,2023-08-30,1946.81,87637,533,5,178.96,48254,0,0.0060819060442507,0.0093808630393996,389.362,0.0919247384182329,-1767.85,-9.87846446133214
LinkedIn,2023-08-31,1679.24,68317,414,2,22.33,35382,0,0.006059985069602,0.0048309178743961,839.62,0.0132976822848431,-1656.91,-74.2010747872817
LinkedIn,2023-09-01,3748.25,169419,1306,4,350.26,93423,491,0.0077086985521104,0.003062787136294,937.0625,0.0934462749282998,-3397.99,-9.701336150288355
LinkedIn,2023-09-02,2625.22,126468,701,0,0.0,65359,0,0.005542904133852,0.0,,0.0,-2625.22,
LinkedIn,2023-09-03,2241.89,71083,507,11,185.17,34976,328,0.0071325070692007,0.0216962524654832,203.8081818181818,0.0825954886278988,-2056.72,-11.107198790300805
LinkedIn,2023-09-04,1461.79,83385,486,0,0.0,35815,8379,0.0058283864004317,0.0,,0.0,-1461.79,
LinkedIn,2023-09-05,2418.04,77973,575,0,0.0,34357,0,0.0073743475305554,0.0,,0.0,-2418.04,
LinkedIn,2023-09-06,1738.75,73960,411,0,0.0,41687,4543,0.0055570578691184,0.0,,0.0,-1738.75,
LinkedIn,2023-09-07,297.61,11616,75,0,0.0,6798,0,0.0064566115702479,0.0,,0.0,-297.61,
LinkedIn,2023-09-08,711.3,46196,270,6,53.09,17200,0,0.005844661875487,0.0222222222222222,118.55,0.0746379867847603,-658.2099999999999,-12.398003390469013
LinkedIn,2023-09-09,1866.46,55198,405,3,684.44,26243,0,0.007337222363129,0.0074074074074074,622.1533333333333,0.3667048851837168,-1182.02,-1.7269884869382266
LinkedIn,2023-09-10,516.23,31230,202,0,0.0,23345,0,0.0064681396093499,0.0,,0.0,-516.23,
LinkedIn,2023-09-11,4124.4400000000005,172132,914,6,210.53,82959,11030,0.0053098784653637,0.0065645514223194,687.4066666666668,0.0510445054358894,-3913.91,-18.590747161924668
LinkedIn,2023-09-12,220.36,6714,61,1,8.67,3673,0,0.0090854929997021,0.0163934426229508,220.36,0.0393447086585587,-211.69000000000003,-24.416378316032297
LinkedIn,2023-09-13,1098.62,56056,287,0,0.0,25676,0,0.0051198801198801,0.0,,0.0,-1098.62,
LinkedIn,2023-09-14,1078.69,35356,205,0,0.0,19139,5593,0.0057981672134856,0.0,,0.0,-1078.69,
LinkedIn,2023-09-15,1962.53,122270,971,10,2019.05,62668,0,0.007941441073035,0.0102986611740473,196.253,1.0287995597519528,56.51999999999998,0.0279933632153735
LinkedIn,2023-09-16,5652.9,265124,1718,7,1074.37,128848,9237,0.0064799867231936,0.0040745052386495,807.5571428571428,0.1900564312122981,-4578.53,-4.26159516740043
LinkedIn,2023-09-17,2340.38,136478,733,3,56.12,56118,27941,0.0053708289980802,0.0040927694406548,780.1266666666667,0.0239790119553234,-2284.26,-40.703136136849615
LinkedIn,2023-09-18,2696.57,132646,602,0,0.0,69723,2219,0.0045383954284335,0.0,,0.0,-2696.57,
LinkedIn,2023-09-19,4648.76,197028,1350,6,219.14,120876,6453,0.0068518180157135,0.0044444444444444,774.7933333333334,0.0471394522410277,-4429.62,-20.21365337227344
LinkedIn,2023-09-20,3243.29,114756,533,1,0.0,85358,5609,0.0046446373174387,0.0018761726078799,3243.29,0.0,-3243.29,
LinkedIn,2023-09-21,1860.72,59775,428,1,0.0,39407,893,0.0071601840234211,0.0023364485981308,1860.72,0.0,-1860.72,
LinkedIn,2023-09-22,2842.98,125938,953,2,146.79,58885,6439,0.0075672156140323,0.0020986358866736,1421.49,0.0516324420150686,-2696.19,-18.367668097281832
LinkedIn,2023-09-23,1245.2,39726,246,1,17.96,22537,682,0.0061924180637365,0.0040650406504065,1245.2,0.0144233858014776,-1227.24,-68.33184855233853
LinkedIn,2023-09-24,2324.3900000000003,98182,704,16,626.05,43805,0,0.0071703570919313,0.0227272727272727,145.27437500000002,0.2693394826169446,-1698.3400000000004,-2.712786518648671
LinkedIn,2023-09-25,2633.04,97061,565,12,232.44,46138,0,0.0058210815878674,0.0212389380530973,219.42,0.0882781879500501,-2400.6,-10.327826535880227
LinkedIn,2023-09-26,3317.03,135299,993,19,891.7,73237,0,0.0073393003643781,0.0191339375629405,174.58052631578948,0.2688248222054066,-2425.33,-2.7198945833800603
LinkedIn,2023-09-27,7295.62,339454,2516,48,1496.17,161523,25619,0.0074119026436571,0.0190779014308426,151.99208333333334,0.2050778412252831,-5799.45,-3.876197223577534
LinkedIn,2023-09-28,4331.48,164514,1114,6,240.42,77391,0,0.0067714601796807,0.0053859964093357,721.9133333333333,0.0555052776418222,-4091.06,-17.016304799933447
LinkedIn,2023-09-29,3357.4,140598,1028,26,1359.57,66594,0,0.0073116260544246,0.0252918287937743,129.13076923076923,0.4049472806338237,-1997.83,-1.469457254867348
LinkedIn,2023-09-30,3178.43,172500,1357,3,38.85,77178,0,0.0078666666666666,0.002210759027266,1059.4766666666667,0.0122230157656453,-3139.58,-80.81287001287001
LinkedIn,2023-10-01,6580.780000000001,322863,2528,13,2473.07,185366,12086,0.0078299464478741,0.0051424050632911,506.2138461538462,0.3758019566069674,-4107.710000000001,-1.6609760338364872
LinkedIn,2023-10-02,5543.040000000001,186634,1326,2,199.47,99583,1505,0.0071048147711563,0.0015082956259426,2771.5200000000004,0.0359856685140283,-5343.570000000001,-26.788840427131905
LinkedIn,2023-10-03,75.61,2541,20,0,0.0,1068,0,0.007870916961826,0.0,,0.0,-75.61,
LinkedIn,2023-10-04,630.01,18955,236,2,788.2,7714,0,0.0124505407544183,0.0084745762711864,315.005,1.2510912525198017,158.19000000000003,0.2006977924384674
LinkedIn,2023-10-05,484.73,10992,102,1,114.14,6609,0,0.0092794759825327,0.0098039215686274,484.73,0.2354712932972995,-370.59,-3.2468021727702823
LinkedIn,2023-10-06,3933.75,186303,1481,11,675.2199999999999,83651,0,0.0079494157367299,0.0074274139095205,357.6136363636364,0.171647918652685,-3258.53,-4.825878972779243
LinkedIn,2023-10-07,2448.47,92102,743,7,359.29,45124,0,0.0080671429502073,0.0094212651413189,349.78142857142853,0.146740617610181,-2089.18,-5.81474574855966
LinkedIn,2023-10-08,2068.13,93469,745,33,687.96,42954,0,0.007970557083097,0.0442953020134228,62.67060606060606,0.3326483344857431,-1380.17,-2.006177684749113
LinkedIn,2023-10-09,3284.56,133865,1054,9,137.47,78078,0,0.0078736040040339,0.00853889943074,364.9511111111111,0.0418533989331904,-3147.09,-22.89292209209282
LinkedIn,2023-10-10,3532.15,136516,1565,45,4475.09,66370,2875,0.0114638577163116,0.0287539936102236,78.49222222222222,1.2669592174737767,942.94,0.2107086114469206
LinkedIn,2023-10-11,6637.52,191523,1314,4,467.8,98315,5649,0.006860794787049,0.0030441400304414,1659.38,0.0704781303860478,-6169.719999999999,-13.18879863189397
LinkedIn,2023-10-12,2647.37,113615,729,1,207.21,61666,10081,0.0064164062843814,0.0013717421124828,2647.37,0.0782701322444539,-2440.16,-11.776265624245934
LinkedIn,2023-10-13,4164.54,171311,1684,11,1682.95,95802,7974,0.0098300751265242,0.0065320665083135,378.5945454545454,0.4041142599182623,-2481.59,-1.4745476692712205
LinkedIn,2023-10-14,800.65,41612,339,4,926.89,17258,0,0.0081466884552532,0.0117994100294985,200.1625,1.1576718915880846,126.24,0.1361973912762032
LinkedIn,2023-10-15,882.27,26075,210,0,0.0,14718,0,0.0080536912751677,0.0,,0.0,-882.27,
LinkedIn,2023-10-16,1038.57,57158,443,1,0.0,29844,0,0.007750446131775,0.0022573363431151,1038.57,0.0,-1038.57,
LinkedIn,2023-10-17,2863.28,87151,685,0,0.0,39410,0,0.0078599212860437,0.0,,0.0,-2863.28,
LinkedIn,2023-10-18,2995.45,111635,1112,9,68.15,51989,860,0.0099610337259819,0.0080935251798561,332.8277777777778,0.0227511726117945,-2927.3,-42.95377842993396
LinkedIn,2023-10-19,1579.2,95734,1012,41,1654.99,45031,0,0.0105709570267616,0.0405138339920948,38.517073170731706,1.047992654508612,75.78999999999996,0.0457948386395083
LinkedIn,2023-10-20,3122.89,115477,732,1,0.0,65785,4399,0.0063389246343427,0.0013661202185792,3122.89,0.0,-3122.89,
LinkedIn,2023-10-21,3895.41,128209,1241,14,1577.99,57095,1926,0.009679507678868,0.0112812248186946,278.24357142857144,0.4050895797874935,-2317.42,-1.4685897882749577
LinkedIn,2023-10-22,3501.58,154132,1392,18,1232.89,76492,0,0.0090312199932525,0.0129310344827586,194.53222222222223,0.352095339818025,-2268.69,-1.840139834048456
LinkedIn,2023-10-23,871.17,44179,388,3,556.08,18375,0,0.0087824532017474,0.0077319587628865,290.39,0.638313991528634,-315.0899999999999,-0.5666271040138108
LinkedIn,2023-10-24,473.18,20119,187,5,50.13,8703,0,0.0092946965554948,0.0267379679144385,94.636,0.1059427701931611,-423.05,-8.439058448035109
LinkedIn,2023-10-25,3300.1000000000004,195362,1346,1,0.0,143898,0,0.006889773855714,0.00074294205052,3300.1000000000004,0.0,-3300.1000000000004,
LinkedIn,2023-10-26,1901.45,66754,627,13,590.3,30683,0,0.0093926955688048,0.0207336523125996,146.26538461538462,0.3104472902258802,-1311.15,-2.2211587328477047
LinkedIn,2023-10-27,3844.33,149578,1220,6,405.42,85797,0,0.0081562796667959,0.0049180327868852,640.7216666666667,0.1054592087567924,-3438.91,-8.482339302451779
LinkedIn,2023-10-28,576.44,18674,113,0,0.0,9864,691,0.0060511941737174,0.0,,0.0,-576.44,
LinkedIn,2023-10-29,4829.12,175177,1396,32,1438.35,88435,0,0.0079690826992127,0.0229226361031518,150.91,0.2978492975945928,-3390.77,-2.357402579344388
LinkedIn,2023-10-30,4811.84,179246,1581,8,66.78999999999999,114872,3250,0.0088202805083516,0.0050600885515496,601.48,0.0138803451486333,-4745.05,-71.0443180116784
LinkedIn,2023-10-31,960.0,40999,325,1,32.65,18715,483,0.0079270226103075,0.003076923076923,960.0,0.0340104166666666,-927.35,-28.402756508422662
LinkedIn,2023-11-01,1269.07,65847,395,4,110.83,31901,3988,0.0059987546889,0.010126582278481,317.2675,0.0873316680718951,-1158.24,-10.450600018045655
LinkedIn,2023-11-02,1836.23,88013,952,3,0.0,69732,0,0.01081658391374,0.0031512605042016,612.0766666666667,0.0,-1836.23,
LinkedIn,2023-11-03,1568.51,39654,291,0,0.0,23279,4241,0.0073384778332576,0.0,,0.0,-1568.51,
LinkedIn,2023-11-04,7337.15,286142,2585,3,215.01,126990,529,0.0090339761377218,0.0011605415860735,2445.7166666666667,0.029304293901583,-7122.139999999999,-33.12469187479652
LinkedIn,2023-11-05,1836.79,87939,736,3,266.74,38497,0,0.008369437905821,0.0040760869565217,612.2633333333333,0.1452207383533229,-1570.05,-5.886068831071455
LinkedIn,2023-11-06,3214.6000000000004,167279,1360,3,9.42,67299,31766,0.0081301299027373,0.0022058823529411,1071.5333333333335,0.0029303801406084,-3205.1800000000003,-340.2526539278132
LinkedIn,2023-11-07,8754.69,381308,3024,30,380.21,184601,0,0.0079305967878984,0.0099206349206349,291.82300000000004,0.0434292933273479,-8374.48,-22.025933037005863
LinkedIn,2023-11-08,3400.33,142691,965,4,619.3900000000001,72290,0,0.0067628652122418,0.0041450777202072,850.0825,0.1821558495793055,-2780.94,-4.489804485057878
LinkedIn,2023-11-09,4222.42,175678,1295,27,760.84,82051,6760,0.0073714409317045,0.0208494208494208,156.38592592592593,0.180190506865731,-3461.58,-4.54968193049787
LinkedIn,2023-11-10,5759.43,219168,1427,5,676.08,124816,0,0.0065109870054022,0.0035038542396636,1151.886,0.117386616383913,-5083.35,-7.518858714944977
LinkedIn,2023-11-11,1672.09,65707,688,2,208.73,36825,0,0.0104707261022417,0.002906976744186,836.045,0.1248317973314833,-1463.36,-7.0107794758779285
LinkedIn,2023-11-12,8099.24,267530,2099,5,461.26,135473,17505,0.0078458490636564,0.0023820867079561,1619.848,0.0569510225650801,-7637.98,-16.558947231496337
LinkedIn,2023-11-13,4338.7,173451,1549,21,253.85,91821,0,0.0089304760422251,0.0135571336346029,206.6047619047619,0.058508308940466,-4084.85,-16.09158952137089
LinkedIn,2023-11-14,3121.19,126165,756,2,552.99,79956,23392,0.0059921531328022,0.0026455026455026,1560.595,0.1771728090888411,-2568.2,-4.644206947684406
LinkedIn,2023-11-15,342.78,14263,87,0,0.0,6426,0,0.0060996985206478,0.0,,0.0,-342.78,
LinkedIn,2023-11-16,2191.69,70533,643,17,640.14,28412,1655,0.0091163001715509,0.0264385692068429,128.9229411764706,0.2920759778983341,-1551.5500000000002,-2.423766676039617
LinkedIn,2023-11-17,9659.94,346894,2271,11,222.32,166959,64364,0.0065466684347379,0.0048436811977102,878.1763636363637,0.023014635701671,-9437.62,-42.45061173083844
LinkedIn,2023-11-18,3533.67,184895,1568,13,2755.25,72538,1681,0.0084804889261472,0.0082908163265306,271.82076923076926,0.779713442398413,-778.4200000000001,-0.2825224571273024
LinkedIn,2023-11-19,3941.19,124446,952,3,705.87,63557,16574,0.0076499043761952,0.0031512605042016,1313.73,0.1791007284601858,-3235.32,-4.583450210378682
LinkedIn,2023-11-20,4147.64,128956,1087,17,584.22,56401,1444,0.0084292316759204,0.015639374425023,243.97882352941176,0.1408560048605954,-3563.42,-6.0994488377665945
LinkedIn,2023-11-21,3635.18,137279,898,0,0.0,86559,8443,0.0065414229416006,0.0,,0.0,-3635.18,
LinkedIn,2023-11-22,3260.64,149975,1279,6,924.59,91945,0,0.0085280880146691,0.0046911649726348,543.4399999999999,0.2835608960204132,-2336.05,-2.5265793486842814
LinkedIn,2023-11-23,2874.08,106267,939,4,330.16,68203,0,0.0088362332615016,0.0042598509052183,718.52,0.1148750208762456,-2543.92,-7.705112672643566
LinkedIn,2023-11-24,1924.3,73567,607,14,280.71,42093,1109,0.0082509820979515,0.0230642504118616,137.45,0.1458764225952294,-1643.59,-5.855117380926935
LinkedIn,2023-11-25,4696.88,193676,1492,1,0.0,95736,0,0.0077035874346847,0.0006702412868632,4696.88,0.0,-4696.88,
LinkedIn,2023-11-26,2857.25,77229,646,11,448.15,33564,1564,0.0083647334550492,0.0170278637770897,259.75,0.1568466182518155,-2409.1,-5.375655472498048
LinkedIn,2023-11-27,8995.89,322277,2381,27,580.21,181400,12859,0.0073880543755837,0.0113397732045359,333.1811111111111,0.0644972315135022,-8415.68,-14.504541459126868
LinkedIn,2023-11-28,1264.95,35784,304,0,0.0,19902,485,0.0084954169461211,0.0,,0.0,-1264.95,
LinkedIn,2023-11-29,1294.14,48634,435,3,30.44,26909,0,0.0089443599128181,0.0068965517241379,431.38000000000005,0.0235214119028853,-1263.7,-41.51445466491459
LinkedIn,2023-11-30,1617.96,44277,411,5,45.66,22900,377,0.0092824717121756,0.0121654501216545,323.592,0.0282207223911592,-1572.3,-34.434954007884365
LinkedIn,2023-12-01,1806.04,42073,225,0,0.0,23306,376,0.0053478477883678,0.0,,0.0,-1806.04,
LinkedIn,2023-12-02,1273.57,52020,425,11,463.25,25983,2846,0.0081699346405228,0.0258823529411764,115.7790909090909,0.3637412941573686,-810.3199999999999,-1.7492066918510525
LinkedIn,2023-12-03,3494.01,110435,755,15,441.7000000000001,44361,1298,0.0068366007153529,0.0198675496688741,232.93400000000003,0.1264163525576629,-3052.3100000000004,-6.910369028752547
LinkedIn,2023-12-04,613.0799999999999,22801,173,0,0.0,11102,0,0.0075873865181351,0.0,,0.0,-613.0799999999999,
LinkedIn,2023-12-05,256.23,14051,117,9,149.83,5164,0,0.0083268094797523,0.0769230769230769,28.47,0.5847480778987628,-106.4,-0.7101381565774544
LinkedIn,2023-12-06,5615.14,186274,1226,1,0.0,98396,2389,0.006581702223606,0.0008156606851549,5615.14,0.0,-5615.14,
LinkedIn,2023-12-07,3652.27,157152,1197,12,1307.45,67293,2496,0.0076168295662797,0.0100250626566416,304.3558333333333,0.3579828435466162,-2344.82,-1.7934299590806528
LinkedIn,2023-12-08,1257.22,47204,304,4,290.75,22022,0,0.0064401321921871,0.0131578947368421,314.305,0.2312642178775393,-966.47,-3.3240584694754944
LinkedIn,2023-12-09,891.0600000000001,30689,255,0,0.0,16486,0,0.008309166150738,0.0,,0.0,-891.0600000000001,
LinkedIn,2023-12-10,6118.22,229566,1809,1,0.0,128810,0,0.0078800867724314,0.0005527915975677,6118.22,0.0,-6118.22,
LinkedIn,2023-12-11,7678.65,198867,1440,5,266.76,99726,8550,0.0072410203804552,0.0034722222222222,1535.73,0.0347404817253032,-7411.889999999999,-27.78486279802069
LinkedIn,2023-12-12,1694.64,77375,491,7,150.15,36006,10688,0.0063457189014539,0.0142566191446028,242.09142857142857,0.0886028891091913,-1544.4899999999998,-10.286313686313685
LinkedIn,2023-12-13,3041.87,136518,1037,18,365.78,73750,0,0.0075960679177837,0.017357762777242,168.99277777777775,0.1202483998329974,-2676.09,-7.31611897862103
LinkedIn,2023-12-14,3256.55,109682,711,2,254.75,61391,0,0.0064823763242829,0.0028129395218002,1628.275,0.0782269579770002,-3001.8,-11.78331697742885
LinkedIn,2023-12-15,595.06,22621,170,1,184.2,10919,302,0.0075151407983731,0.0058823529411764,595.06,0.3095486169461903,-410.86,-2.2305103148751355
LinkedIn,2023-12-16,3392.27,176086,1355,1,0.0,82616,0,0.0076951035289574,0.0007380073800738,3392.27,0.0,-3392.27,
LinkedIn,2023-12-17,5400.610000000001,227990,1679,29,1904.98,107769,0,0.0073643580858809,0.0172721858248957,186.2279310344828,0.3527342281705214,-3495.630000000001,-1.834995642998877
LinkedIn,2023-12-18,1808.42,98901,651,9,110.88,62539,0,0.0065823399156732,0.0138248847926267,200.9355555555556,0.0613131905199013,-1697.54,-15.309704184704184
LinkedIn,2023-12-19,4824.1,235721,1848,10,1115.09,104928,2344,0.0078397766851489,0.0054112554112554,482.41,0.2311498517858253,-3709.01,-3.3261978853724807
LinkedIn,2023-12-20,3677.19,157981,1149,2,21.83,74655,8044,0.007273026503187,0.0017406440382941,1838.595,0.0059365983264394,-3655.36,-167.44663307375174
LinkedIn,2023-12-21,2765.69,72240,675,0,0.0,43244,0,0.009343853820598,0.0,,0.0,-2765.69,
LinkedIn,2023-12-22,1790.8200000000002,107065,716,0,0.0,54627,9678,0.0066875262690888,0.0,,0.0,-1790.8200000000002,
LinkedIn,2023-12-23,1878.83,74857,520,1,0.0,43473,6427,0.0069465781423246,0.0019230769230769,1878.83,0.0,-1878.83,
LinkedIn,2023-12-24,1822.85,110112,612,1,36.78,62089,0,0.0055579773321708,0.0016339869281045,1822.85,0.0201771950517047,-1786.0700000000002,-48.56090266449157
LinkedIn,2023-12-25,5792.89,205643,1576,1,0.0,103488,19513,0.0076637668191963,0.0006345177664974,5792.89,0.0,-5792.89,
LinkedIn,2023-12-26,5546.31,250050,1665,1,0.0,129347,1017,0.0066586682663467,0.0006006006006006,5546.31,0.0,-5546.31,
LinkedIn,2023-12-27,1243.51,64738,630,0,0.0,33108,1263,0.0097315332571287,0.0,,0.0,-1243.51,
LinkedIn,2023-12-28,2826.4300000000003,81796,727,5,413.14,38609,0,0.0088879651816714,0.0068775790921595,565.2860000000001,0.1461702571795515,-2413.2900000000004,-5.841337077019897
LinkedIn,2023-12-29,2565.56,92784,568,6,82.57,45563,9535,0.0061217451284704,0.0105633802816901,427.5933333333333,0.0321840066106425,-2482.99,-30.071333414072907
LinkedIn,2023-12-30,5499.47,248547,1393,16,975.76,105219,38240,0.0056045737828257,0.0114860014357501,343.716875,0.1774280066988273,-4523.71,-4.636088792325982
LinkedIn,2023-12-31,1539.38,91080,652,26,739.5,35200,0,0.0071585419411506,0.0398773006134969,59.20692307692308,0.4803882082396808,-799.8800000000001,-1.0816497633536175
LinkedIn,2024-01-01,5751.24,170482,967,1,0.0,114863,20016,0.0056721530718785,0.0010341261633919,5751.24,0.0,-5751.24,
LinkedIn,2024-01-02,1545.4,46861,256,4,114.02,22857,482,0.0054629649388617,0.015625,386.35,0.0737802510676847,-1431.38,-12.553762497807403
LinkedIn,2024-01-03,3426.64,148633,856,2,451.8,65836,621,0.0057591517361554,0.0023364485981308,1713.32,0.1318492750916349,-2974.84,-6.5844178840194765
LinkedIn,2024-01-04,153.67,4001,24,0,0.0,1827,0,0.0059985003749062,0.0,,0.0,-153.67,
LinkedIn,2024-01-05,230.68,10017,47,0,0.0,4813,727,0.004692023559948,0.0,,0.0,-230.68,
LinkedIn,2024-01-06,245.38,8187,45,0,0.0,3393,0,0.0054965188713814,0.0,,0.0,-245.38,
LinkedIn,2024-01-07,5855.13,233962,1428,9,705.08,111974,3962,0.0061035552782075,0.0063025210084033,650.57,0.1204208958639688,-5150.05,-7.304206614852215
LinkedIn,2024-01-08,3532.1000000000004,185931,1368,6,1110.15,71663,3173,0.0073575681301127,0.0043859649122807,588.6833333333334,0.3143031058010815,-2421.9500000000003,-2.181642120434176
LinkedIn,2024-01-09,4010.68,139836,738,4,358.66,57186,7247,0.005277610915644,0.005420054200542,1002.67,0.089426231960665,-3652.02,-10.18240115987286
LinkedIn,2024-01-10,336.86,13888,80,1,10.77,8459,979,0.0057603686635944,0.0125,336.86,0.0319717390013655,-326.09000000000003,-30.27762302692665
LinkedIn,2024-01-11,2472.5,108393,654,9,93.02,53396,0,0.0060335999557166,0.0137614678899082,274.72222222222223,0.0376218402426693,-2379.48,-25.58030531068588
LinkedIn,2024-01-12,1447.41,63330,348,0,0.0,39076,0,0.0054950260540028,0.0,,0.0,-1447.41,
LinkedIn,2024-01-13,1010.7,45921,248,0,0.0,30938,0,0.0054005792556782,0.0,,0.0,-1010.7,
LinkedIn,2024-01-14,4288.29,165934,847,15,355.87,71785,2821,0.0051044391143466,0.0177095631641086,285.886,0.0829864584717917,-3932.42,-11.05015876584146
LinkedIn,2024-01-15,1386.3,62991,350,1,42.91,29784,3043,0.005556349319744,0.0028571428571428,1386.3,0.030952896198514,-1343.39,-31.30715450943836
LinkedIn,2024-01-16,1364.42,59634,430,6,393.58,32060,0,0.0072106516416809,0.013953488372093,227.4033333333333,0.2884595652365107,-970.84,-2.4666903806087714
LinkedIn,2024-01-17,3915.92,148738,883,13,206.43,88327,252,0.005936613373852,0.014722536806342,301.22461538461533,0.0527155815236266,-3709.49,-17.969723392917693
LinkedIn,2024-01-18,2670.84,78732,538,0,0.0,35876,2032,0.0068333079307016,0.0,,0.0,-2670.84,
LinkedIn,2024-01-19,2958.73,154812,752,0,0.0,85332,0,0.0048575045862077,0.0,,0.0,-2958.73,
LinkedIn,2024-01-20,154.22,8035,53,0,0.0,6064,0,0.0065961418792781,0.0,,0.0,-154.22,
LinkedIn,2024-01-21,1435.2,40210,140,0,0.0,17936,5737,0.003481720964934,0.0,,0.0,-1435.2,
LinkedIn,2024-01-22,4552.759999999999,183719,1118,1,23.2,98109,0,0.0060853803907053,0.0008944543828264,4552.759999999999,0.0050958100141452,-4529.56,-195.2396551724138
LinkedIn,2024-01-23,528.54,21429,111,0,0.0,10130,3506,0.0051798964020719,0.0,,0.0,-528.54,
LinkedIn,2024-01-24,2815.52,86326,511,5,291.82,39706,1367,0.005919421726942,0.009784735812133,563.104,0.1036469284537137,-2523.7,-8.648139263929819
LinkedIn,2024-01-25,893.61,27054,210,1,10.49,11261,0,0.0077622532712353,0.0047619047619047,893.61,0.0117389017580376,-883.12,-84.18684461391801
LinkedIn,2024-01-27,177.07999999999998,9920,60,0,0.0,4394,0,0.0060483870967741,0.0,,0.0,-177.07999999999998,
LinkedIn,2024-01-28,733.02,38387,260,7,209.54,21044,418,0.0067731263188058,0.0269230769230769,104.71714285714286,0.2858585031786309,-523.48,-2.498234227355159
LinkedIn,2024-01-29,1963.84,95332,911,4,1041.5,46698,0,0.0095560777073805,0.0043907793633369,490.96,0.5303385204497312,-922.34,-0.8855880940950551
LinkedIn,2024-01-30,3408.91,138172,912,18,931.64,76202,1900,0.0066004689806907,0.0197368421052631,189.3838888888889,0.2732955695515575,-2477.27,-2.659042119273539
LinkedIn,2024-01-31,2611.56,131445,961,2,172.15,61869,0,0.0073110426414089,0.0020811654526534,1305.78,0.0659184548698862,-2439.41,-14.17025849549811
LinkedIn,2024-02-01,2175.22,102224,613,0,0.0,46429,10593,0.0059966348411331,0.0,,0.0,-2175.22,
LinkedIn,2024-02-02,633.98,22214,141,0,0.0,13793,933,0.006347348518952,0.0,,0.0,-633.98,
LinkedIn,2024-02-03,417.62,15196,96,1,24.69,7477,1323,0.0063174519610423,0.0104166666666666,417.62,0.05912073176572,-392.93,-15.914540299716483
LinkedIn,2024-02-04,1890.75,54262,325,0,0.0,25525,0,0.0059894585529468,0.0,,0.0,-1890.75,
LinkedIn,2024-02-05,436.39,17609,98,1,42.77,8690,0,0.0055653359077744,0.010204081632653,436.39,0.0980086619766722,-393.62,-9.20317979892448
LinkedIn,2024-02-06,1136.28,37674,312,1,33.13,22628,0,0.0082815734989648,0.0032051282051282,1136.28,0.0291565459217798,-1103.15,-33.297615454271046
LinkedIn,2024-02-07,883.8599999999999,30823,217,0,0.0,22556,0,0.0070401972552963,0.0,,0.0,-883.8599999999999,
LinkedIn,2024-02-08,1062.42,44788,314,1,18.78,21275,0,0.0070108064660176,0.0031847133757961,1062.42,0.0176766250635341,-1043.64,-55.57188498402556
LinkedIn,2024-02-09,5585.4400000000005,215806,1159,17,210.46,102879,0,0.0053705643031241,0.0146678170836928,328.55529411764707,0.0376801111461227,-5374.9800000000005,-25.53919984795211
LinkedIn,2024-02-10,3392.89,131622,960,0,0.0,72550,5308,0.007293613529653,0.0,,0.0,-3392.89,
LinkedIn,2024-02-11,1317.7599999999998,59270,387,0,0.0,28091,6673,0.0065294415387211,0.0,,0.0,-1317.7599999999998,
LinkedIn,2024-02-12,3691.71,115775,593,6,98.57,55664,5172,0.0051220038868494,0.0101180438448566,615.285,0.0267003637880548,-3593.14,-36.45267322714822
LinkedIn,2024-02-13,1458.07,49919,336,0,0.0,22818,0,0.0067309040645846,0.0,,0.0,-1458.07,
LinkedIn,2024-02-14,1833.02,77757,544,3,325.0,37168,7448,0.0069961546870378,0.0055147058823529,611.0066666666667,0.1773030299723952,-1508.02,-4.640061538461539
LinkedIn,2024-02-15,850.26,36498,414,24,525.95,14694,0,0.0113430872924543,0.0579710144927536,35.4275,0.6185754945546069,-324.30999999999995,-0.6166175491966915
LinkedIn,2024-02-16,277.34,7219,56,2,22.63,3056,0,0.0077573071062474,0.0357142857142857,138.67,0.0815965962356674,-254.71,-11.255413168360583
LinkedIn,2024-02-17,1827.11,66674,398,2,43.82,27192,0,0.005969343372229,0.0050251256281407,913.555,0.0239832303473791,-1783.29,-40.69580100410772
LinkedIn,2024-02-18,1832.95,70647,310,1,212.04,34254,7962,0.0043880136453069,0.0032258064516129,1832.95,0.1156823699500804,-1620.91,-7.644359554800982
LinkedIn,2024-02-19,1194.02,59267,398,9,158.07,24491,0,0.0067153728044274,0.0226130653266331,132.6688888888889,0.1323847171739166,-1035.95,-6.553742013032202
LinkedIn,2024-02-20,3057.18,113189,684,0,0.0,57796,0,0.006042990043202,0.0,,0.0,-3057.18,
LinkedIn,2024-02-21,2979.99,140531,1030,24,1600.09,69073,0,0.0073293437035244,0.0233009708737864,124.16625,0.5369447548481707,-1379.8999999999996,-0.8623889906192773
LinkedIn,2024-02-22,270.98,12846,69,0,0.0,8080,0,0.0053713218122372,0.0,,0.0,-270.98,
LinkedIn,2024-02-23,4880.200000000001,187424,1004,1,0.0,103538,4443,0.0053568379716578,0.0009960159362549,4880.200000000001,0.0,-4880.200000000001,
LinkedIn,2024-02-24,2378.27,104050,508,4,110.39,60134,601,0.0048822681403171,0.0078740157480314,594.5675,0.0464160923696636,-2267.88,-20.54425219675696
LinkedIn,2024-02-25,3262.13,138228,810,6,83.2,72869,0,0.0058598836704575,0.0074074074074074,543.6883333333334,0.0255048082081339,-3178.9300000000003,-38.20829326923077
LinkedIn,2024-02-26,2589.27,112507,625,0,0.0,73675,0,0.0055552098980507,0.0,,0.0,-2589.27,
LinkedIn,2024-02-27,1241.29,57642,322,6,73.77,27621,0,0.0055862045036605,0.0186335403726708,206.88166666666663,0.0594301089995085,-1167.52,-15.826487732140436
LinkedIn,2024-02-28,4178.33,176171,1295,22,688.16,76358,0,0.0073508125627941,0.0169884169884169,189.9240909090909,0.1646973790964332,-3490.17,-5.071742036735643
LinkedIn,2024-02-29,2372.99,112508,469,1,8.28,63258,0,0.0041685924556475,0.0021321961620469,2372.99,0.0034892688127636,-2364.71,-285.59299516908214
LinkedIn,2024-03-01,4277.45,192530,1438,4,164.75,87463,16327,0.0074689658754479,0.0027816411682892,1069.3625,0.0385159382342283,-4112.7,-24.96327769347496
LinkedIn,2024-03-02,2170.49,96343,518,0,0.0,47204,5358,0.0053766231070238,0.0,,0.0,-2170.49,
LinkedIn,2024-03-03,3407.27,173342,952,0,0.0,112047,21026,0.0054920330906531,0.0,,0.0,-3407.27,
LinkedIn,2024-03-04,3748.35,177333,822,1,8.96,81807,0,0.004635347058923,0.0012165450121654,3748.35,0.0023903851027785,-3739.39,-417.3426339285714
LinkedIn,2024-03-05,1986.53,84576,554,1,164.63,42741,0,0.0065503216042376,0.0018050541516245,1986.53,0.0828731506697608,-1821.9,-11.066634270789043
LinkedIn,2024-03-06,2162.08,53951,294,0,0.0,33365,622,0.0054493892606253,0.0,,0.0,-2162.08,
LinkedIn,2024-03-07,3754.2,187046,1372,6,641.14,83427,1293,0.007335094041038,0.0043731778425655,625.6999999999999,0.1707793937456715,-3113.06,-4.855507377483857
LinkedIn,2024-03-08,1438.36,67472,521,3,403.35,28737,0,0.0077217216030353,0.0057581573896353,479.4533333333334,0.2804235379181846,-1035.0100000000002,-2.5660344613858936
LinkedIn,2024-03-09,4204.8,163678,877,6,504.48,81380,1803,0.005358081110473,0.0068415051311288,700.8000000000001,0.1199771689497716,-3700.32,-7.334919124643197
LinkedIn,2024-03-10,2988.35,109175,592,2,211.53,67749,0,0.0054224868330661,0.0033783783783783,1494.175,0.0707848812890056,-2776.82,-13.127310546967331
LinkedIn,2024-03-11,1997.01,66482,413,2,53.89,34175,1776,0.0062122078156493,0.0048426150121065,998.505,0.0269853430879164,-1943.12,-36.05715346075338
LinkedIn,2024-03-12,679.39,33685,216,0,0.0,19296,1055,0.0064123497105536,0.0,,0.0,-679.39,
LinkedIn,2024-03-13,1526.81,70627,499,3,79.37,39659,2605,0.0070652866467498,0.0060120240480961,508.93666666666667,0.0519842023565473,-1447.44,-18.23661332997354
LinkedIn,2024-03-14,2315.36,102444,608,1,205.1,45650,5376,0.0059349498262465,0.0016447368421052,2315.36,0.088582337087969,-2110.26,-10.288932228181377
LinkedIn,2024-03-15,1951.73,82387,591,13,622.5,43317,0,0.0071734618325706,0.0219966159052453,150.1330769230769,0.3189478052804435,-1329.23,-2.135309236947791
LinkedIn,2024-03-16,459.26,18113,144,1,192.53,10891,1133,0.0079500910947937,0.0069444444444444,459.26,0.4192178722292383,-266.73,-1.385394483976523
LinkedIn,2024-03-17,3105.7,129234,746,3,304.78000000000003,74631,1589,0.0057724747357506,0.0040214477211796,1035.2333333333331,0.0981356859967157,-2800.92,-9.189973095347462
LinkedIn,2024-03-18,5338.31,205286,1266,8,1880.09,91679,5977,0.0061670060306109,0.0063191153238546,667.28875,0.3521882393491573,-3458.2200000000003,-1.8393906674680467
LinkedIn,2024-03-19,749.4200000000001,31651,242,2,83.99,14948,0,0.007645887965625,0.0082644628099173,374.71,0.1120733367137252,-665.4300000000001,-7.92272889629718
LinkedIn,2024-03-20,2589.05,113924,792,4,885.0799999999999,49054,2125,0.0069520030897791,0.005050505050505,647.2625,0.3418551206040825,-1703.9700000000005,-1.9252157997017223
LinkedIn,2024-03-21,1843.58,72270,516,3,419.56,39678,0,0.0071398920713989,0.005813953488372,614.5266666666666,0.2275789496523069,-1424.02,-3.394079511869577
LinkedIn,2024-03-22,1602.19,86557,509,5,176.87,38646,0,0.0058805180401354,0.0098231827111984,320.438,0.11039265006023,-1425.3200000000002,-8.058574093967321
LinkedIn,2024-03-23,1190.86,39376,227,0,0.0,20419,4670,0.0057649329540837,0.0,,0.0,-1190.86,
LinkedIn,2024-03-24,1499.83,41158,297,2,248.33,23513,0,0.0072160940764857,0.0067340067340067,749.915,0.1655720981711261,-1251.5,-5.039664961945798
LinkedIn,2024-03-25,1508.13,83530,361,0,0.0,48228,0,0.0043218005507003,0.0,,0.0,-1508.13,
LinkedIn,2024-03-26,1864.39,99791,608,12,518.02,45720,0,0.0060927338136705,0.0197368421052631,155.3658333333333,0.2778495915554149,-1346.37,-2.599069533994826
LinkedIn,2024-03-27,2752.89,131560,868,2,154.65,73748,1058,0.0065977500760109,0.0023041474654377,1376.445,0.0561773263733748,-2598.24,-16.8007759456838
LinkedIn,2024-03-28,1063.68,59154,286,2,16.18,27201,291,0.0048348378807857,0.0069930069930069,531.84,0.0152113417569193,-1047.5,-64.74042027194066
LinkedIn,2024-03-29,401.49,14549,103,2,43.49,6917,0,0.0070795243659358,0.0194174757281553,200.745,0.1083215024035468,-358.0,-8.231777420096574
LinkedIn,2024-03-30,1083.43,53423,268,2,32.7,23267,5886,0.005016565898583,0.0074626865671641,541.715,0.030181922228478,-1050.73,-32.13241590214067
LinkedIn,2024-03-31,2034.28,80871,510,1,312.27,44258,6105,0.0063063397262306,0.0019607843137254,2034.28,0.1535039424268045,-1722.01,-5.514490665129536
LinkedIn,2024-04-01,914.41,26069,149,1,124.88,11921,0,0.0057156009052898,0.0067114093959731,914.41,0.1365689351603766,-789.5300000000001,-6.322309417040359
LinkedIn,2024-04-02,1804.11,67128,419,2,45.41,38616,3992,0.0062418066976522,0.0047732696897374,902.055,0.0251703055800366,-1758.7,-38.72935476767232
LinkedIn,2024-04-03,4074.74,164852,1047,6,220.66,75288,1918,0.0063511513357435,0.0057306590257879,679.1233333333333,0.0541531484217397,-3854.08,-17.46614701350494
LinkedIn,2024-04-04,2864.63,114857,773,9,455.56000000000006,53552,6005,0.0067301078732684,0.0116429495472186,318.2922222222222,0.1590292638141749,-2409.07,-5.288150847308806
LinkedIn,2024-04-05,2326.87,122837,1012,7,1789.94,72998,772,0.0082385600429837,0.0069169960474308,332.41,0.7692479597055272,-536.9299999999998,-0.2999709487468853
LinkedIn,2024-04-06,708.3199999999999,32623,214,2,108.72,16512,4193,0.0065597891058455,0.0093457943925233,354.16,0.1534899480460808,-599.5999999999999,-5.515084621044885
LinkedIn,2024-04-07,1231.09,44899,344,1,168.44,19225,0,0.0076616405710594,0.002906976744186,1231.09,0.1368218408077395,-1062.65,-6.308774637853241
LinkedIn,2024-04-08,826.21,30161,184,0,0.0,14690,0,0.0061005934816484,0.0,,0.0,-826.21,
LinkedIn,2024-04-09,2757.59,95833,689,4,540.86,46482,0,0.0071895902246616,0.0058055152394775,689.3975,0.196135030950939,-2216.73,-4.098528269792553
LinkedIn,2024-04-10,3624.94,150788,1162,28,1495.68,63470,0,0.0077061835159296,0.0240963855421686,129.46214285714285,0.4126082086875921,-2129.26,-1.4236066538296956
LinkedIn,2024-04-11,2055.3,81240,530,0,0.0,36445,0,0.0065238798621368,0.0,,0.0,-2055.3,
LinkedIn,2024-04-12,2757.66,104235,770,3,374.7,50972,0,0.0073871540269583,0.0038961038961038,919.22,0.1358760688409738,-2382.96,-6.35964771817454
LinkedIn,2024-04-13,3708.91,121521,751,1,0.0,55076,1240,0.0061800018103866,0.0013315579227696,3708.91,0.0,-3708.91,
LinkedIn,2024-04-14,3055.26,117570,539,1,25.64,54300,6749,0.0045845028493663,0.0018552875695732,3055.26,0.008392084470716,-3029.6200000000003,-118.15990639625586
LinkedIn,2024-04-15,6531.91,233859,1262,15,615.42,103748,7469,0.0053964140785687,0.0118858954041204,435.46066666666667,0.094217464723182,-5916.49,-9.613743459751063
LinkedIn,2024-04-16,1443.22,46809,314,0,0.0,22590,0,0.0067081116879232,0.0,,0.0,-1443.22,
LinkedIn,2024-04-17,5507.81,206685,1528,31,806.9300000000001,116610,0,0.007392892565982,0.0202879581151832,177.67129032258066,0.1465065062157191,-4700.88,-5.825635433061108
LinkedIn,2024-04-18,3422.19,121702,1007,7,659.26,57991,0,0.0082743093786462,0.0069513406156901,488.88428571428574,0.1926427229347289,-2762.9300000000003,-4.190956527015139
LinkedIn,2024-04-19,3190.11,138535,853,3,285.98,69714,328,0.0061572887717905,0.003516998827667,1063.37,0.0896458115864343,-2904.13,-10.155010839918877
LinkedIn,2024-04-20,1092.47,40543,322,8,339.21,19510,1462,0.0079421848407863,0.0248447204968944,136.55875,0.3104982287843144,-753.26,-2.220630288022169
LinkedIn,2024-04-21,2109.45,76760,433,2,234.18,39991,8133,0.0056409588327253,0.0046189376443418,1054.725,0.1110147194766408,-1875.27,-8.007814501665385
LinkedIn,2024-04-22,774.22,32746,207,0,0.0,19913,0,0.006321382764307,0.0,,0.0,-774.22,
LinkedIn,2024-04-23,5068.89,211344,1196,2,50.0,108039,10264,0.0056590203649027,0.0016722408026755,2534.445,0.0098640925330792,-5018.89,-100.3778
LinkedIn,2024-04-24,2150.87,68360,470,0,0.0,34740,4046,0.006875365710942,0.0,,0.0,-2150.87,
LinkedIn,2024-04-25,2790.81,134889,702,0,0.0,60265,0,0.0052042790739052,0.0,,0.0,-2790.81,
LinkedIn,2024-04-26,1398.97,42610,281,9,118.33,18712,433,0.0065946960807322,0.0320284697508896,155.44111111111113,0.0845836579769401,-1280.64,-10.822614721541452
LinkedIn,2024-04-27,295.59000000000003,11766,88,1,101.53,5393,791,0.007479177290498,0.0113636363636363,295.59000000000003,0.3434825264724787,-194.06000000000003,-1.9113562493844187
LinkedIn,2024-04-28,344.71,12896,72,0,0.0,6072,0,0.0055831265508684,0.0,,0.0,-344.71,
LinkedIn,2024-04-29,2779.15,138955,861,14,244.8,64973,0,0.0061962505847216,0.016260162601626,198.5107142857143,0.0880844862637856,-2534.35,-10.352736928104576
LinkedIn,2024-04-30,580.0600000000001,19094,117,0,0.0,13448,3265,0.0061275793442966,0.0,,0.0,-580.0600000000001,
LinkedIn,2024-05-01,383.0,14044,104,1,146.28,6036,0,0.0074052976360011,0.0096153846153846,383.0,0.3819321148825065,-236.72,-1.6182663385288487
LinkedIn,2024-05-02,2381.98,133637,874,9,766.62,60101,6921,0.006540104911065,0.0102974828375286,264.6644444444444,0.3218414932115299,-1615.36,-2.107119563799536
LinkedIn,2024-05-03,75.41,2268,12,0,0.0,846,0,0.0052910052910052,0.0,,0.0,-75.41,
LinkedIn,2024-05-04,3975.44,146858,1112,3,329.6,76431,3848,0.0075719402415939,0.0026978417266187,1325.1466666666668,0.0829090616384601,-3645.84,-11.06140776699029
LinkedIn,2024-05-05,2442.94,69024,438,2,574.46,34238,0,0.0063456189151599,0.0045662100456621,1221.4699999999998,0.2351510884426143,-1868.48,-3.2525850363819924
LinkedIn,2024-05-06,3657.8,138399,835,1,129.67,67521,689,0.0060332805872874,0.0011976047904191,3657.8,0.0354502706544917,-3528.13,-27.20852934371867
LinkedIn,2024-05-07,3999.98,200830,1153,4,697.14,102271,14255,0.0057411741273714,0.0034692107545533,999.995,0.1742858714293571,-3302.84,-4.737699744671085
LinkedIn,2024-05-08,969.83,47903,355,0,0.0,29007,0,0.0074108093438824,0.0,,0.0,-969.83,
LinkedIn,2024-05-09,2341.62,92030,605,4,189.66,41173,5584,0.0065739432793654,0.0066115702479338,585.405,0.0809952084454352,-2151.96,-11.346409364125275
LinkedIn,2024-05-10,746.12,21441,174,0,0.0,11754,0,0.0081152931299846,0.0,,0.0,-746.12,
LinkedIn,2024-05-11,703.2,35924,189,0,0.0,20755,4172,0.005261106780982,0.0,,0.0,-703.2,
LinkedIn,2024-05-12,1387.98,49101,291,0,0.0,23061,5969,0.0059265595405388,0.0,,0.0,-1387.98,
LinkedIn,2024-05-13,5993.22,237964,1277,0,0.0,130414,11968,0.0053663579364945,0.0,,0.0,-5993.22,
LinkedIn,2024-05-14,4407.89,177352,1101,15,570.5,87552,0,0.0062079931435788,0.0136239782016348,293.8593333333334,0.1294270047573782,-3837.39,-6.7263628396143735
LinkedIn,2024-05-15,1947.35,77573,490,2,27.09,39722,10009,0.0063166307864849,0.0040816326530612,973.675,0.0139112126736334,-1920.26,-70.8844592100406
LinkedIn,2024-05-16,3107.11,80874,483,1,137.19,38712,5258,0.0059722531345055,0.0020703933747412,3107.11,0.0441535703595946,-2969.92,-21.64822508929222
LinkedIn,2024-05-17,1445.9,49894,369,0,0.0,24922,0,0.0073956788391389,0.0,,0.0,-1445.9,
LinkedIn,2024-05-18,691.92,21244,114,0,0.0,8490,542,0.0053662210506495,0.0,,0.0,-691.92,
LinkedIn,2024-05-19,2335.77,109233,630,0,0.0,60898,1483,0.0057674878470791,0.0,,0.0,-2335.77,
LinkedIn,2024-05-20,2092.82,96860,528,0,0.0,60085,0,0.0054511666322527,0.0,,0.0,-2092.82,
LinkedIn,2024-05-21,467.16,21266,196,1,125.13,8367,0,0.0092165898617511,0.0051020408163265,467.16,0.2678525558695093,-342.03000000000003,-2.733397266842484
LinkedIn,2024-05-22,1586.4299999999998,58510,321,1,43.35,35291,1398,0.0054862416680909,0.0031152647975077,1586.4299999999998,0.0273255044344849,-1543.08,-35.59584775086505
LinkedIn,2024-05-23,7236.360000000001,311677,1581,0,0.0,137625,26609,0.0050725590916237,0.0,,0.0,-7236.360000000001,
LinkedIn,2024-05-24,3390.1,130022,1021,19,506.77,61688,0,0.0078525172663087,0.0186092066601371,178.42631578947368,0.1494852659213592,-2883.33,-5.689622511198374
LinkedIn,2024-05-25,822.3100000000001,31839,228,11,454.1,17351,1868,0.0071610289267879,0.0482456140350877,74.75545454545455,0.5522248300519269,-368.21,-0.8108566395067166
LinkedIn,2024-05-26,2936.64,110059,600,4,110.93,51427,20428,0.0054516214030656,0.0066666666666666,734.16,0.0377744633322436,-2825.71,-25.47291084467682
LinkedIn,2024-05-27,2681.82,122065,808,3,36.06,65942,8656,0.0066194240773358,0.0037128712871287,893.94,0.0134460925789202,-2645.76,-73.37104825291182
LinkedIn,2024-05-28,2617.43,107638,661,2,178.63,62682,1437,0.0061409539382002,0.0030257186081694,1308.715,0.0682463332352727,-2438.8,-13.652801880983036
LinkedIn,2024-05-29,853.55,53468,436,0,0.0,28510,362,0.0081544101144609,0.0,,0.0,-853.55,
LinkedIn,2024-05-30,598.09,25161,203,0,0.0,10744,0,0.0080680418107388,0.0,,0.0,-598.09,
LinkedIn,2024-05-31,4178.93,117216,855,13,235.78000000000003,54744,0,0.007294226044226,0.0152046783625731,321.4561538461539,0.0564211412969348,-3943.15,-16.723852744083466
LinkedIn,2024-06-01,398.42,11713,54,0,0.0,5531,0,0.004610262101938,0.0,,0.0,-398.42,
LinkedIn,2024-06-02,2756.81,114949,724,8,233.47000000000003,50488,9939,0.0062984453975241,0.011049723756906,344.60125,0.0846884623895009,-2523.34,-10.807983895147128
LinkedIn,2024-06-03,836.76,31381,166,0,0.0,13620,2012,0.0052898250533762,0.0,,0.0,-836.76,
LinkedIn,2024-06-04,3414.31,137471,615,0,0.0,71741,15015,0.0044736708105709,0.0,,0.0,-3414.31,
LinkedIn,2024-06-05,1163.26,56871,407,4,158.31,31256,1908,0.0071565472736544,0.0098280098280098,290.815,0.1360916734006155,-1004.95,-6.347988124565726
LinkedIn,2024-06-06,2932.9700000000003,123833,837,16,724.03,61889,1272,0.0067591029854723,0.019115890083632,183.310625,0.2468589859425769,-2208.9400000000005,-3.0508956811181864
LinkedIn,2024-06-07,1374.11,54990,285,0,0.0,36246,10365,0.0051827605019094,0.0,,0.0,-1374.11,
LinkedIn,2024-06-08,1087.28,56988,385,13,515.7,23859,0,0.0067558082403312,0.0337662337662337,83.63692307692307,0.4743028474725922,-571.5799999999999,-1.1083575722319174
LinkedIn,2024-06-09,2826.6,140805,857,3,326.4,63867,0,0.0060864315897872,0.0035005834305717,942.2,0.1154744215665463,-2500.2,-7.6599264705882355
LinkedIn,2024-06-10,473.13,19358,108,0,0.0,10340,1487,0.0055790887488376,0.0,,0.0,-473.13,
LinkedIn,2024-06-11,545.6899999999999,16588,114,3,42.18,7237,0,0.0068724379069206,0.0263157894736842,181.89666666666665,0.0772966336198207,-503.50999999999993,-11.937174016121382
LinkedIn,2024-06-12,1187.55,44723,317,2,244.5,20772,0,0.0070880754868859,0.0063091482649842,593.775,0.2058860679550334,-943.05,-3.857055214723926
LinkedIn,2024-06-13,821.77,25356,142,0,0.0,12212,0,0.0056002524057422,0.0,,0.0,-821.77,
LinkedIn,2024-06-14,2989.88,126120,756,0,0.0,70341,7694,0.0059942911512844,0.0,,0.0,-2989.88,
LinkedIn,2024-06-15,3361.91,125411,632,0,0.0,74944,8164,0.0050394303529993,0.0,,0.0,-3361.91,
LinkedIn,2024-06-16,4001.34,177294,1178,4,817.95,80188,0,0.0066443308854219,0.0033955857385398,1000.335,0.2044190196284245,-3183.3900000000003,-3.8919127086007705
LinkedIn,2024-06-17,73.86,3929,20,0,0.0,2389,0,0.0050903537795876,0.0,,0.0,-73.86,
LinkedIn,2024-06-18,98.32,4218,28,1,38.34,2407,0,0.0066382171645329,0.0357142857142857,98.32,0.3899511798209927,-59.97999999999999,-1.564423578508085
LinkedIn,2024-06-19,867.6700000000001,37839,245,1,268.89,18568,0,0.0064748011311081,0.0040816326530612,867.6700000000001,0.3098989247063975,-598.7800000000001,-2.226858566700138
LinkedIn,2024-06-20,5193.17,210963,1340,2,126.64,100269,0,0.0063518247275588,0.0014925373134328,2596.585,0.024385876064138,-5066.53,-40.00734365129501
LinkedIn,2024-06-21,3387.63,106773,538,3,124.31,63080,10744,0.0050387270190029,0.0055762081784386,1129.21,0.0366952707349976,-3263.32,-26.25146810393372
LinkedIn,2024-06-22,1187.6,37376,204,0,0.0,23100,0,0.0054580479452054,0.0,,0.0,-1187.6,
LinkedIn,2024-06-23,2588.1800000000003,79419,497,9,98.53,33249,5077,0.006257948349891,0.0181086519114688,287.5755555555556,0.0380692223879328,-2489.65,-25.26793869887344
LinkedIn,2024-06-24,4027.33,176460,838,0,0.0,101423,6369,0.0047489516037628,0.0,,0.0,-4027.33,
LinkedIn,2024-06-25,2013.12,76448,502,1,254.73,34684,0,0.0065665550439514,0.0019920318725099,2013.12,0.1265349308536003,-1758.39,-6.902956071134143
LinkedIn,2024-06-26,1222.99,44069,241,0,0.0,23187,5555,0.0054686968163561,0.0,,0.0,-1222.99,
LinkedIn,2024-06-27,5894.24,249978,1579,15,246.11,115201,12726,0.0063165558569154,0.0094996833438885,392.9493333333333,0.0417543228643557,-5648.13,-22.94961602535452
LinkedIn,2024-06-28,1008.95,41534,207,1,16.31,21065,4025,0.0049838686377425,0.0048309178743961,1008.95,0.0161653203825759,-992.64,-60.86082158185164
LinkedIn,2024-06-29,1624.43,59135,293,2,144.04,32217,3129,0.0049547645218567,0.0068259385665529,812.215,0.0886711030946239,-1480.39,-10.277631213551793
LinkedIn,2024-06-30,1849.31,78467,568,4,245.27,34519,479,0.0072387118151579,0.0070422535211267,462.3275,0.1326278449800195,-1604.0400000000002,-6.539894809801444
LinkedIn,2024-07-01,2062.21,109153,808,5,690.67,64855,258,0.0074024534369188,0.0061881188118811,412.442,0.3349173944457644,-1371.54,-1.985810879291123
LinkedIn,2024-07-02,2743.29,131058,707,6,49.56,62681,0,0.0053945581345663,0.0084865629420084,457.215,0.0180658989753179,-2693.73,-54.35290556900726
LinkedIn,2024-07-03,5366.54,211767,1219,21,696.54,103832,1782,0.0057563265286848,0.0172272354388843,255.5495238095238,0.1297931255520316,-4670.0,-6.704568294713872
LinkedIn,2024-07-04,3775.55,122255,631,1,9.93,50248,0,0.0051613430943519,0.0015847860538827,3775.55,0.0026300803856391,-3765.62,-379.2165156092648
LinkedIn,2024-07-05,1394.36,63577,309,0,0.0,31002,0,0.0048602482029664,0.0,,0.0,-1394.36,
LinkedIn,2024-07-06,2195.39,97176,419,0,0.0,40863,0,0.0043117642216185,0.0,,0.0,-2195.39,
LinkedIn,2024-07-07,2751.5,108181,481,5,50.69,55086,8107,0.0044462521145117,0.0103950103950103,550.3,0.0184226785389787,-2700.81,-53.28092325902545
LinkedIn,2024-07-08,2692.22,109975,803,3,835.96,47646,0,0.0073016594680609,0.0037359900373599,897.4066666666666,0.3105095423108067,-1856.26,-2.2205129432030235
LinkedIn,2024-07-09,3479.95,128341,728,1,181.81,69534,291,0.0056723884027707,0.0013736263736263,3479.95,0.0522450035201655,-3298.14,-18.140586326384685
LinkedIn,2024-07-10,729.88,32005,171,0,0.0,15216,0,0.0053429151695047,0.0,,0.0,-729.88,
LinkedIn,2024-07-11,180.14,9017,78,0,0.0,3522,0,0.0086503271598092,0.0,,0.0,-180.14,
LinkedIn,2024-07-12,1290.41,59188,360,0,0.0,29011,853,0.006082313982564,0.0,,0.0,-1290.41,
LinkedIn,2024-07-13,2251.7200000000003,65938,346,2,41.73,29158,0,0.00524735357457,0.0057803468208092,1125.86,0.0185324996003055,-2209.99,-52.95926192187874
LinkedIn,2024-07-14,1416.6,55006,269,0,0.0,22988,8492,0.0048903755953895,0.0,,0.0,-1416.6,
LinkedIn,2024-07-15,1475.8,63237,308,0,0.0,30317,0,0.0048705662823979,0.0,,0.0,-1475.8,
LinkedIn,2024-07-16,3314.15,177991,1275,3,307.21,92680,0,0.007163283536808,0.0023529411764705,1104.7166666666665,0.0926964681743433,-3006.94,-9.7878975293773
LinkedIn,2024-07-17,830.85,43614,250,8,327.17,18484,0,0.0057321043701563,0.032,103.85625,0.3937774568213276,-503.68,-1.5395054558792065
LinkedIn,2024-07-18,1615.11,93625,670,7,69.94,57102,0,0.0071562082777036,0.0104477611940298,230.73,0.043303552080044,-1545.1699999999998,-22.09279382327709
LinkedIn,2024-07-19,2227.29,69095,296,0,0.0,43522,8265,0.0042839568709747,0.0,,0.0,-2227.29,
LinkedIn,2024-07-20,1703.38,72052,426,1,110.87,38691,0,0.0059123966024537,0.0023474178403755,1703.38,0.0650882363301201,-1592.5100000000002,-14.363759357806442
LinkedIn,2024-07-21,671.8299999999999,29404,151,0,0.0,14771,0,0.0051353557339137,0.0,,0.0,-671.8299999999999,
LinkedIn,2024-07-22,2172.49,105684,550,2,226.25,52014,297,0.0052041936338518,0.0036363636363636,1086.245,0.10414317212047,-1946.24,-8.602165745856354
LinkedIn,2024-07-23,3863.12,129287,805,1,0.0,68220,11749,0.0062264574164455,0.0012422360248447,3863.12,0.0,-3863.12,
LinkedIn,2024-07-24,3981.56,136917,753,2,391.35,79424,8722,0.0054996822892701,0.0026560424966799,1990.78,0.0982906197570801,-3590.21,-9.173910821515268
LinkedIn,2024-07-25,5865.33,210131,960,2,378.19,97265,18670,0.0045685786485573,0.0020833333333333,2932.665,0.0644788954756168,-5487.14,-14.508950527512626
LinkedIn,2024-07-26,5288.0,217425,1147,11,459.48,115474,0,0.005275382315741,0.009590235396687,480.7272727272728,0.0868910741301059,-4828.52,-10.508661965700355
LinkedIn,2024-07-27,1182.86,56787,311,2,177.34,27992,0,0.0054766055611319,0.0064308681672025,591.4300000000001,0.1499247586358487,-1005.52,-5.670012405548664
LinkedIn,2024-07-28,2314.57,74039,415,0,0.0,34484,0,0.0056051540404381,0.0,,0.0,-2314.57,
LinkedIn,2024-07-29,4252.56,163587,891,16,577.7,73761,8324,0.0054466430706596,0.0179573512906846,265.785,0.1358475835731888,-3674.8600000000006,-6.361190929548209
LinkedIn,2024-07-30,1737.99,73450,564,1,135.97,42235,2960,0.0076786929884275,0.00177304964539,1737.99,0.0782340519795856,-1602.02,-11.782157828932853
LinkedIn,2024-07-31,1148.35,36726,174,3,132.15,18451,0,0.0047377879431465,0.0172413793103448,382.78333333333336,0.1150781556145774,-1016.2000000000002,-7.68974650018918
LinkedIn,2024-08-01,5164.3,165054,873,16,282.94,81769,0,0.0052891780871714,0.0183276059564719,322.76875,0.0547876769358867,-4881.360000000001,-17.25227963525836
LinkedIn,2024-08-02,204.14,7007,41,0,0.0,3181,421,0.0058512915655772,0.0,,0.0,-204.14,
LinkedIn,2024-08-03,2466.85,79883,380,1,13.9,41063,7312,0.0047569570496851,0.0026315789473684,2466.85,0.0056347163386505,-2452.95,-176.47122302158272
LinkedIn,2024-08-04,3992.88,152550,768,8,172.17,69455,0,0.0050344149459193,0.0104166666666666,499.11,0.0431192522690388,-3820.71,-22.19149677644189
LinkedIn,2024-08-05,677.09,16403,57,0,0.0,9599,193,0.0034749740901054,0.0,,0.0,-677.09,
LinkedIn,2024-08-06,2589.3,84835,469,0,0.0,38889,815,0.0055283786173159,0.0,,0.0,-2589.3,
LinkedIn,2024-08-07,2416.98,102066,566,0,0.0,52664,0,0.0055454313875335,0.0,,0.0,-2416.98,
LinkedIn,2024-08-08,1347.54,38538,214,1,10.82,16802,0,0.0055529607141003,0.0046728971962616,1347.54,0.008029446250204,-1336.72,-123.54158964879852
LinkedIn,2024-08-09,2626.66,121252,608,0,0.0,53095,0,0.0050143502787582,0.0,,0.0,-2626.66,
LinkedIn,2024-08-10,1638.01,66491,394,2,45.94,35524,0,0.0059256139928712,0.0050761421319796,819.005,0.028046226824012,-1592.07,-34.65542011319112
LinkedIn,2024-08-11,154.13,5697,31,0,0.0,3242,0,0.0054414604177637,0.0,,0.0,-154.13,
LinkedIn,2024-08-12,591.0,24820,125,1,34.85,12135,0,0.0050362610797743,0.008,591.0,0.0589678510998308,-556.15,-15.958393113342895
LinkedIn,2024-08-13,2079.85,93857,629,8,463.33,46234,0,0.0067016844774497,0.012718600953895,259.98125,0.2227708728994879,-1616.52,-3.4889171864545787
LinkedIn,2024-08-14,1160.1699999999998,37066,241,0,0.0,21455,2526,0.0065019155020773,0.0,,0.0,-1160.1699999999998,
LinkedIn,2024-08-15,1989.59,64430,313,1,25.06,30428,0,0.004857985410523,0.0031948881789137,1989.59,0.0125955598892234,-1964.53,-78.3930566640064
LinkedIn,2024-08-16,2149.41,76936,478,2,145.72,31869,0,0.0062129562233544,0.00418410041841,1074.705,0.0677953484909812,-2003.69,-13.750274499039252
LinkedIn,2024-08-17,595.73,30043,218,1,104.08,14574,0,0.0072562660187065,0.0045871559633027,595.73,0.1747100196397696,-491.65,-4.723770176787087
LinkedIn,2024-08-18,3596.31,175020,1013,7,214.47,72516,0,0.0057879099531482,0.0069101678183613,513.7585714285714,0.0596361270302059,-3381.84,-15.768359211078474
LinkedIn,2024-08-19,2307.21,93448,673,4,266.55,46457,0,0.007201866278572,0.0059435364041604,576.8025,0.1155291455914286,-2040.66,-7.655824423185144
LinkedIn,2024-08-20,1687.34,57329,281,6,182.76,28393,0,0.0049015332554204,0.0213523131672597,281.2233333333333,0.1083124918510792,-1504.58,-8.232545414751586
LinkedIn,2024-08-21,62.07,2658,15,0,0.0,1076,0,0.0056433408577878,0.0,,0.0,-62.07,
LinkedIn,2024-08-22,2116.1,64561,417,0,0.0,37387,0,0.0064590077601028,0.0,,0.0,-2116.1,
LinkedIn,2024-08-23,271.12,8810,49,0,0.0,3645,0,0.0055618615209988,0.0,,0.0,-271.12,
LinkedIn,2024-08-24,1167.75,43273,209,0,0.0,21697,0,0.0048298014928477,0.0,,0.0,-1167.75,
LinkedIn,2024-08-25,384.2,16042,87,0,0.0,7525,0,0.005423263932178,0.0,,0.0,-384.2,
LinkedIn,2024-08-26,1964.81,93396,469,11,475.44,41175,0,0.0050216283352606,0.0234541577825159,178.61909090909091,0.241977595798067,-1489.37,-3.132613999663469
LinkedIn,2024-08-27,1355.42,54521,312,0,0.0,32098,0,0.0057225656169182,0.0,,0.0,-1355.42,
LinkedIn,2024-08-28,2856.66,119605,485,1,108.35,75646,0,0.0040550144224739,0.002061855670103,2856.66,0.0379289099857876,-2748.31,-25.365113059529303
LinkedIn,2024-08-29,4223.72,197247,1249,19,382.17,82977,13235,0.00633216221286,0.0152121697357886,222.30105263157893,0.0904818501226407,-3841.55,-10.05194023602062
LinkedIn,2024-08-30,1421.19,56014,392,6,471.29,24258,0,0.0069982504373906,0.0153061224489795,236.865,0.3316164622605,-949.9,-2.0155318381463645
LinkedIn,2024-08-31,425.64,14155,86,0,0.0,7002,0,0.006075591663723,0.0,,0.0,-425.64,
LinkedIn,2024-09-01,1591.89,35825,333,2,187.17,16195,0,0.0092951849267271,0.006006006006006,795.945,0.1175772195315002,-1404.72,-7.50504888603943
LinkedIn,2024-09-02,1321.64,51257,353,0,0.0,33818,762,0.0068868642331779,0.0,,0.0,-1321.64,
LinkedIn,2024-09-04,1426.53,33472,177,0,0.0,12910,0,0.0052880019120458,0.0,,0.0,-1426.53,
LinkedIn,2024-09-05,655.07,33264,195,5,68.0,19209,0,0.0058621933621933,0.0256410256410256,131.014,0.1038057001541819,-587.07,-8.633382352941178
LinkedIn,2024-09-06,2584.93,81958,535,1,134.53,38238,9129,0.0065277337172698,0.0018691588785046,2584.93,0.0520439625057545,-2450.4,-18.21452464134393
LinkedIn,2024-09-07,1430.71,54313,475,1,216.48,24384,0,0.0087456041831605,0.0021052631578947,1430.71,0.1513094896939281,-1214.23,-5.6089708056171474
LinkedIn,2024-09-08,3515.78,133746,825,2,8.33,70313,23016,0.0061684087748418,0.0024242424242424,1757.89,0.0023693177616346,-3507.4500000000003,-421.062424969988
LinkedIn,2024-09-09,5362.88,186600,1115,4,218.88,93999,0,0.0059753483386923,0.0035874439461883,1340.72,0.0408138910436183,-5144.0,-23.501461988304094
LinkedIn,2024-09-10,1669.77,70197,368,1,43.54,32540,5371,0.0052423892758949,0.0027173913043478,1669.77,0.0260754475167238,-1626.23,-37.35025264124943
LinkedIn,2024-09-11,2545.54,106918,804,7,1031.56,43891,1829,0.0075197815148057,0.0087064676616915,363.6485714285714,0.4052421097291733,-1513.98,-1.4676606305013766
LinkedIn,2024-09-12,5509.88,254042,1779,34,1247.26,127902,0,0.0070027790680281,0.0191118605958403,162.0552941176471,0.2263679063790863,-4262.62,-3.417587351474432
LinkedIn,2024-09-13,1122.05,56013,437,15,383.79,19110,0,0.0078017603056433,0.034324942791762,74.80333333333333,0.3420435809455906,-738.26,-1.923604054300529
LinkedIn,2024-09-14,958.46,22711,148,0,0.0,11994,0,0.0065166659328078,0.0,,0.0,-958.46,
LinkedIn,2024-09-15,3205.96,164729,1348,3,26.52,106095,0,0.0081831371525353,0.0022255192878338,1068.6533333333334,0.0082720932263658,-3179.44,-119.88838612368023
LinkedIn,2024-09-16,3678.19,121584,643,3,63.58,61653,507,0.0052885248058955,0.0046656298600311,1226.0633333333333,0.0172856758351254,-3614.61,-56.851368354828566
LinkedIn,2024-09-17,361.4,8747,59,0,0.0,6186,1434,0.0067451697724934,0.0,,0.0,-361.4,
LinkedIn,2024-09-18,6096.22,268187,1959,24,781.7800000000001,132152,9936,0.0073046046228937,0.0122511485451761,254.0091666666667,0.1282401225677551,-5314.4400000000005,-6.797871523958147
LinkedIn,2024-09-19,1603.66,42794,262,0,0.0,23110,0,0.006122353600972,0.0,,0.0,-1603.66,
LinkedIn,2024-09-20,6457.18,232195,1351,9,176.18,125256,13023,0.0058183854088158,0.006661732050333,717.4644444444444,0.0272843563289237,-6281.0,-35.65103871040981
LinkedIn,2024-09-21,6299.07,230382,1361,2,13.41,126322,15548,0.0059075795852106,0.0014695077149155,3149.535,0.0021288856926498,-6285.66,-468.7293064876957
LinkedIn,2024-09-22,1025.47,35203,187,3,60.59,17750,1684,0.0053120472686986,0.0160427807486631,341.8233333333333,0.059085102440832,-964.88,-15.924740056114867
LinkedIn,2024-09-23,1002.63,38291,287,3,38.69,17339,0,0.0074952338669661,0.0104529616724738,334.21,0.0385885122128801,-963.94,-24.91444817782373
LinkedIn,2024-09-24,4726.92,158662,1175,1,0.0,70094,20027,0.0074056799989915,0.0008510638297872,4726.92,0.0,-4726.92,
LinkedIn,2024-09-25,1061.39,35393,248,2,110.45,14912,0,0.007007035289464,0.0080645161290322,530.695,0.104061654999576,-950.94,-8.609687641466728
LinkedIn,2024-09-26,1503.72,69140,411,1,9.7,34809,3702,0.0059444605148973,0.0024330900243309,1503.72,0.0064506690075279,-1494.02,-154.02268041237113
LinkedIn,2024-09-27,1881.58,89400,460,13,243.91,49432,1098,0.005145413870246,0.0282608695652173,144.73692307692306,0.1296304169899765,-1637.6699999999998,-6.714238858595383
LinkedIn,2024-09-28,85.86,2529,14,0,0.0,1156,0,0.0055357848952155,0.0,,0.0,-85.86,
LinkedIn,2024-09-29,57.56,3020,29,0,0.0,2135,0,0.0096026490066225,0.0,,0.0,-57.56,
LinkedIn,2024-09-30,3115.6400000000003,103229,795,18,1111.91,48937,0,0.0077013242402813,0.0226415094339622,173.09111111111113,0.356880127357461,-2003.7300000000005,-1.8020613179124216
LinkedIn,2024-10-01,1225.11,62773,622,2,197.08,35101,305,0.0099087187166456,0.0032154340836012,612.555,0.1608671874362302,-1028.03,-5.216308098234219
LinkedIn,2024-10-02,1610.0,52005,541,4,443.88,24794,0,0.0104028458802038,0.0073937153419593,402.5,0.2757018633540373,-1166.12,-2.627106425159953
LinkedIn,2024-10-03,1237.7,32731,243,3,29.44,18436,0,0.0074241544712963,0.0123456790123456,412.56666666666666,0.0237860547790256,-1208.26,-41.041440217391305
LinkedIn,2024-10-04,1241.8,34072,200,0,0.0,19704,0,0.0058699225170227,0.0,,0.0,-1241.8,
LinkedIn,2024-10-05,641.15,15464,150,0,0.0,10997,0,0.0096999482669425,0.0,,0.0,-641.15,
LinkedIn,2024-10-06,2141.26,138511,849,1,347.29,90196,22961,0.0061294770812426,0.0011778563015312,2141.26,0.1621895519460504,-1793.9699999999998,-5.165625269947306
LinkedIn,2024-10-07,832.91,27408,247,5,147.47,16404,0,0.0090119673088149,0.020242914979757,166.582,0.1770539434032488,-685.4399999999999,-4.647996202617481
LinkedIn,2024-10-08,2991.73,110930,857,1,0.0,62677,664,0.0077255927161272,0.0011668611435239,2991.73,0.0,-2991.73,
LinkedIn,2024-10-09,2282.75,82056,781,7,336.04,47873,1076,0.0095178902213122,0.0089628681177976,326.10714285714283,0.1472084109078962,-1946.71,-5.793090108320437
LinkedIn,2024-10-10,1322.9,51780,427,0,0.0,30223,0,0.008246427191966,0.0,,0.0,-1322.9,
LinkedIn,2024-10-11,4600.43,147062,1331,17,999.31,65546,13103,0.0090506045069426,0.0127723516153268,270.6135294117647,0.2172209989066239,-3601.1200000000003,-3.603606488477049
LinkedIn,2024-10-12,1547.16,79037,619,0,0.0,35190,1861,0.0078317749914596,0.0,,0.0,-1547.16,
LinkedIn,2024-10-13,10424.55,420530,3014,14,1410.12,210429,37157,0.0071671462202458,0.0046449900464499,744.6107142857143,0.1352691483085601,-9014.429999999998,-6.3926687090460375
LinkedIn,2024-10-14,3336.39,134996,1483,11,1582.04,57946,0,0.0109855106817979,0.0074173971679028,303.3081818181818,0.4741771795263743,-1754.35,-1.1089163358701424
LinkedIn,2024-10-15,991.28,44495,427,0,0.0,25514,0,0.0095965838858298,0.0,,0.0,-991.28,
LinkedIn,2024-10-16,3051.52,108662,874,0,0.0,50922,4368,0.0080432902026467,0.0,,0.0,-3051.52,
LinkedIn,2024-10-17,3721.4,152669,1270,8,208.17,64588,17202,0.0083186501516352,0.0062992125984251,465.175,0.0559386252485623,-3513.23,-16.876735360522648
LinkedIn,2024-10-18,1245.41,50727,535,5,1439.89,24629,376,0.0105466516845072,0.0093457943925233,249.082,1.156157410009555,194.48,0.1350658730875275
LinkedIn,2024-10-19,4164.58,167292,1172,1,0.0,100879,673,0.0070057145589747,0.0008532423208191,4164.58,0.0,-4164.58,
LinkedIn,2024-10-20,206.43,8569,73,2,30.04,4050,0,0.008519080406115,0.0273972602739726,103.215,0.1455214842803855,-176.39,-5.871837549933423
LinkedIn,2024-10-21,1631.13,40423,320,0,0.0,22475,0,0.0079162852831308,0.0,,0.0,-1631.13,
LinkedIn,2024-10-22,4783.76,199153,1340,2,96.58,100254,21129,0.0067284951770749,0.0014925373134328,2391.88,0.0201891399234075,-4687.18,-48.5315800372748
LinkedIn,2024-10-23,3504.44,129633,1072,23,578.59,63060,0,0.008269499278733,0.021455223880597,152.36695652173913,0.1651019849105706,-2925.8499999999995,-5.056862372318912
LinkedIn,2024-10-24,5642.73,218754,1356,7,1073.4,103838,13434,0.0061987437943991,0.0051622418879056,806.1042857142857,0.1902270709390667,-4569.33,-4.256875349357182
LinkedIn,2024-10-25,632.81,17498,139,1,11.84,9059,0,0.0079437650017144,0.0071942446043165,632.81,0.0187101973736192,-620.9699999999999,-52.44679054054053
LinkedIn,2024-10-26,2783.7200000000003,84154,522,7,227.26,46309,0,0.006202913705825,0.0134099616858237,397.67428571428576,0.0816389579411722,-2556.46,-11.249053947021034
LinkedIn,2024-10-27,1183.25,50723,367,6,154.13,28025,0,0.0072353764564398,0.0163487738419618,197.2083333333333,0.1302598774561588,-1029.12,-6.676961006942191
LinkedIn,2024-10-28,5726.27,288936,2419,65,4219.7,145828,0,0.0083720962427665,0.0268706076891277,88.09646153846154,0.7369020322129414,-1506.5700000000006,-0.3570324904614074
LinkedIn,2024-10-29,5448.14,265942,1756,2,49.28,125084,34743,0.0066029434989584,0.0011389521640091,2724.07,0.0090452888508738,-5398.860000000001,-109.55478896103897
LinkedIn,2024-10-30,2923.27,129782,1114,21,390.73,66293,0,0.0085836248478217,0.018850987432675,139.20333333333332,0.1336619607494347,-2532.54,-6.4815601566298975
LinkedIn,2024-10-31,2631.31,111052,904,6,1276.57,52948,0,0.0081403306559089,0.0066371681415929,438.5516666666667,0.4851461819397942,-1354.74,-1.0612344015604316
LinkedIn,2024-11-01,2127.32,79399,662,1,0.0,38619,518,0.0083376364941623,0.0015105740181268,2127.32,0.0,-2127.32,
LinkedIn,2024-11-02,5450.820000000001,208170,1979,6,71.99,118901,0,0.0095066532161214,0.0030318342597271,908.47,0.0132071871755075,-5378.830000000001,-74.71634949298516
LinkedIn,2024-11-03,1877.1,75495,530,19,491.96,38736,0,0.0070203324723491,0.0358490566037735,98.79473684210528,0.2620851313195887,-1385.14,-2.815554110090252
LinkedIn,2024-11-04,347.05,22254,154,0,0.0,8926,4728,0.0069201042509211,0.0,,0.0,-347.05,
LinkedIn,2024-11-05,6260.15,311872,1934,4,0.0,167300,2722,0.0062012620562281,0.0020682523267838,1565.0375,0.0,-6260.15,
LinkedIn,2024-11-06,2849.53,97308,728,3,299.94,44233,0,0.0074813992683027,0.0041208791208791,949.8433333333334,0.1052594638414054,-2549.59,-8.500333400013336
LinkedIn,2024-11-07,2468.7,104753,985,4,653.3,47522,3026,0.0094030719883917,0.0040609137055837,617.175,0.2646332077611698,-1815.4,-2.7788152456758
LinkedIn,2024-11-08,5201.91,292783,1755,0,0.0,160375,56042,0.0059942004829515,0.0,,0.0,-5201.91,
LinkedIn,2024-11-09,6043.389999999999,250112,1711,7,631.56,119869,35456,0.006840935261003,0.0040911747516072,863.3414285714285,0.1045042600262435,-5411.83,-8.568987902970424
LinkedIn,2024-11-10,6118.77,252564,1871,19,717.55,112180,30152,0.0074080233129028,0.0101549973276322,322.0405263157895,0.1172703010572386,-5401.22,-7.527308201519059
LinkedIn,2024-11-11,2657.03,123850,917,42,785.4300000000001,64562,4881,0.0074041178845377,0.0458015267175572,63.26261904761904,0.2956044907283697,-1871.6,-2.382898539653437
LinkedIn,2024-11-12,6517.04,244264,1856,12,327.34,114080,0,0.007598336226378,0.0064655172413793,543.0866666666667,0.0502283245154241,-6189.7,-18.909085354677096
LinkedIn,2024-11-13,1919.09,63120,447,18,559.74,29716,992,0.0070817490494296,0.0402684563758389,106.61611111111112,0.2916694891849783,-1359.35,-2.42853824990174
LinkedIn,2024-11-14,3863.19,115971,1097,39,512.35,51684,0,0.0094592613670659,0.0355515041020966,99.05615384615383,0.1326235572156689,-3350.84,-6.54013857714453
LinkedIn,2024-11-15,1446.9499999999998,81777,726,15,1292.59,33448,0,0.0088778018269195,0.0206611570247933,96.46333333333332,0.8933204326341617,-154.35999999999967,-0.1194191506974366
LinkedIn,2024-11-16,1941.89,55846,488,7,96.84,29660,1135,0.0087383160835153,0.0143442622950819,277.41285714285715,0.049868942113096,-1845.05,-19.052560925237508
LinkedIn,2024-11-17,4580.13,191719,1373,2,648.87,114228,0,0.0071615228537599,0.0014566642388929,2290.065,0.1416706512697237,-3931.26,-6.058624994220723
LinkedIn,2024-11-18,1380.87,49408,345,1,106.86,29514,2500,0.0069826748704663,0.0028985507246376,1380.87,0.0773859957852658,-1274.01,-11.922234699606962
LinkedIn,2024-11-19,3410.26,148183,1226,5,524.25,74294,6708,0.0082735536465046,0.0040783034257748,682.052,0.1537272817908312,-2886.01,-5.505026227944684
LinkedIn,2024-11-20,1978.31,65870,611,8,241.39,32579,0,0.0092758463640504,0.0130932896890343,247.28875,0.1220182883370149,-1736.9199999999998,-7.1954927710344245
LinkedIn,2024-11-21,4753.66,211495,2007,7,865.72,117505,870,0.0094895860422232,0.0034877927254608,679.0942857142857,0.1821165165367317,-3887.94,-4.490990158480802
LinkedIn,2024-11-23,1772.51,59577,451,3,385.97,32380,2995,0.0075700354163519,0.0066518847006651,590.8366666666667,0.2177533554112529,-1386.54,-3.592351737181646
LinkedIn,2024-11-24,874.4,38300,253,0,0.0,16522,0,0.0066057441253263,0.0,,0.0,-874.4,
LinkedIn,2024-11-25,46.37,2046,19,0,0.0,1042,0,0.0092864125122189,0.0,,0.0,-46.37,
LinkedIn,2024-11-26,2186.49,87200,885,37,432.22,32963,0,0.0101490825688073,0.0418079096045197,59.09432432432432,0.1976775562659788,-1754.2699999999998,-4.058743232613021
LinkedIn,2024-11-27,5771.93,249641,1973,13,628.4100000000001,105304,956,0.0079033492094647,0.0065889508362899,443.9946153846154,0.1088734617363689,-5143.52,-8.184974777613341
LinkedIn,2024-11-28,3325.56,109208,1002,46,833.6999999999999,41359,0,0.0091751520035162,0.0459081836327345,72.29478260869566,0.2506946198534983,-2491.86,-2.9889168765743075
LinkedIn,2024-11-29,2313.03,65495,504,0,0.0,30227,0,0.0076952439117489,0.0,,0.0,-2313.03,
LinkedIn,2024-11-30,2483.57,98035,894,4,30.49,44809,0,0.0091191921252613,0.0044742729306487,620.8924999999999,0.0122766823564465,-2453.08,-80.45523122335192
LinkedIn,2024-12-01,7280.0,248759,1316,15,203.33,127912,2243,0.0052902608548836,0.0113981762917933,485.3333333333333,0.027929945054945,-7076.67,-34.80386563714159
LinkedIn,2024-12-02,3083.53,126199,964,4,469.73,55986,0,0.0076387293084731,0.0041493775933609,770.8824999999999,0.1523351483526996,-2613.8,-5.564473208013114
LinkedIn,2024-12-03,2227.73,60824,400,0,0.0,36255,4611,0.0065763514402209,0.0,,0.0,-2227.73,
LinkedIn,2024-12-04,4328.74,195530,1306,5,1146.51,99055,0,0.0066792819516186,0.0038284839203675,865.7479999999999,0.2648599823505223,-3182.23,-2.775579803054487
LinkedIn,2024-12-05,369.5,15791,129,2,34.48,8001,0,0.00816921030967,0.0155038759689922,184.75,0.0933152909336941,-335.02,-9.716357308584689
LinkedIn,2024-12-06,5084.77,246542,2057,14,2276.11,113244,1396,0.0083434059916768,0.0068060281964025,363.1978571428572,0.4476328329501628,-2808.6600000000008,-1.2339737534653428
LinkedIn,2024-12-07,2743.4700000000003,84179,424,2,23.14,46189,17452,0.0050368856840779,0.0047169811320754,1371.735,0.0084345737332648,-2720.3300000000004,-117.55963699222129
LinkedIn,2024-12-08,2025.4,82455,486,2,59.2,43035,0,0.0058941240676732,0.0041152263374485,1012.7,0.0292287943122346,-1966.2,-33.21283783783784
LinkedIn,2024-12-09,1666.72,52027,300,0,0.0,30140,0,0.0057662367616814,0.0,,0.0,-1666.72,
LinkedIn,2024-12-10,1718.35,74157,660,22,870.24,30736,0,0.0089000364092398,0.0333333333333333,78.10681818181818,0.506439316786452,-848.1100000000001,-0.9745702334988052
LinkedIn,2024-12-11,6013.01,266121,2405,81,1100.17,176427,14618,0.0090372424573784,0.0336798336798336,74.23469135802469,0.1829649376934347,-4912.84,-4.465528054755174
LinkedIn,2024-12-12,4896.39,219381,1994,82,1486.03,112250,3105,0.0090892100956782,0.0411233701103309,59.71207317073171,0.3034950238849437,-3410.3600000000006,-2.2949469391600443
LinkedIn,2024-12-13,4181.96,154453,1064,15,570.23,64533,0,0.0068888270218124,0.0140977443609022,278.7973333333333,0.1363547236224163,-3611.73,-6.333812672079687
LinkedIn,2024-12-14,2335.61,102972,577,1,16.53,54352,4246,0.0056034650196169,0.0017331022530329,2335.61,0.0070773802133061,-2319.08,-140.2952208106473
LinkedIn,2024-12-15,4007.08,159716,1017,0,0.0,95799,10820,0.0063675524055197,0.0,,0.0,-4007.08,
LinkedIn,2024-12-16,1317.65,35067,244,4,495.6,17197,718,0.0069581087632246,0.0163934426229508,329.4125,0.3761241604371419,-822.05,-1.6586965294592413
LinkedIn,2024-12-17,3938.72,178000,1301,15,236.17,84902,14019,0.0073089887640449,0.0115295926210607,262.5813333333333,0.0599611041150424,-3702.55,-15.677478087818097
LinkedIn,2024-12-18,1545.33,48565,398,4,1162.81,16733,405,0.0081952023061875,0.0100502512562814,386.3325,0.7524671105847942,-382.52,-0.3289617392351286
LinkedIn,2024-12-19,5548.41,241661,2052,19,1502.64,102484,0,0.0084912335875461,0.0092592592592592,292.0215789473684,0.2708235332284384,-4045.77,-2.692441303306181
LinkedIn,2024-12-20,3585.27,153915,1104,0,0.0,73830,0,0.007172790176396,0.0,,0.0,-3585.27,
LinkedIn,2024-12-21,265.59,11749,82,0,0.0,5533,0,0.0069793173887139,0.0,,0.0,-265.59,
LinkedIn,2024-12-22,1486.31,51514,306,0,0.0,26188,0,0.0059401327794385,0.0,,0.0,-1486.31,
LinkedIn,2024-12-23,1173.15,30877,273,3,391.87,12622,0,0.0088415325323056,0.0109890109890109,391.05,0.3340323061842049,-781.2800000000001,-1.993722407941409
LinkedIn,2024-12-24,1025.59,28001,145,0,0.0,14376,0,0.0051783864861969,0.0,,0.0,-1025.59,
LinkedIn,2024-12-25,3054.24,104002,1021,62,1952.55,64667,0,0.0098171189015595,0.0607247796278158,49.26193548387097,0.6392916077322018,-1101.69,-0.5642313897211338
LinkedIn,2024-12-26,1917.77,82197,622,7,104.24,35656,0,0.0075671861503461,0.0112540192926045,273.96714285714285,0.0543547974991787,-1813.53,-17.397640061396775
LinkedIn,2024-12-27,2242.61,98343,883,12,737.19,54605,0,0.0089787783573818,0.0135900339750849,186.8841666666667,0.3287196614658813,-1505.42,-2.0421058343167977
LinkedIn,2024-12-28,2965.15,82985,744,3,302.36,35274,0,0.0089654756883774,0.0040322580645161,988.3833333333332,0.1019712324840227,-2662.79,-8.806687392512236
LinkedIn,2024-12-29,674.63,31361,219,0,0.0,15573,0,0.0069831956889129,0.0,,0.0,-674.63,
LinkedIn,2024-12-30,3743.63,168336,1511,8,670.3199999999999,85793,0,0.0089760954281912,0.0052945069490403,467.95375,0.17905615672489,-3073.3100000000004,-4.584840076381431
LinkedIn,2024-12-31,2677.76,96684,929,18,621.8,53088,0,0.0096086219022795,0.0193756727664155,148.76444444444445,0.2322090105162523,-2055.96,-3.3064651013187523
LinkedIn,2025-01-01,681.5300000000001,26171,228,4,430.81,11241,0,0.0087119330556723,0.0175438596491228,170.38250000000002,0.6321218434991855,-250.72000000000008,-0.5819734917945267
LinkedIn,2025-01-02,2534.63,79144,496,2,345.75,41480,0,0.0062670575154149,0.0040322580645161,1267.3149999999998,0.1364104425498002,-2188.88,-6.330817064352855
LinkedIn,2025-01-03,1147.95,44422,287,1,90.55,21088,0,0.006460762685156,0.0034843205574912,1147.95,0.0788797421490483,-1057.4,-11.677526228602984
LinkedIn,2025-01-04,1389.86,70568,341,0,0.0,33761,0,0.0048322185693232,0.0,,0.0,-1389.86,
LinkedIn,2025-01-05,1547.72,71120,416,1,289.15,38011,0,0.0058492688413948,0.0024038461538461,1547.72,0.1868231979944692,-1258.5700000000002,-4.3526543316617685
LinkedIn,2025-01-06,3935.67,173024,917,5,364.99,98572,5549,0.005299842796375,0.0054525627044711,787.134,0.0927389745583344,-3570.6800000000003,-9.782952957615278
LinkedIn,2025-01-07,647.26,25844,141,0,0.0,11673,4541,0.0054558117938399,0.0,,0.0,-647.26,
LinkedIn,2025-01-08,1485.02,49420,316,8,191.22,22347,0,0.0063941723998381,0.0253164556962025,185.6275,0.1287659425462283,-1293.8,-6.766028658090158
LinkedIn,2025-01-09,453.31,17657,147,1,205.52,7533,0,0.0083253100753242,0.0068027210884353,453.31,0.4533762767201253,-247.79,-1.2056734137796807
LinkedIn,2025-01-10,3402.15,122839,765,1,0.0,68524,8836,0.0062276638526852,0.0013071895424836,3402.15,0.0,-3402.15,
LinkedIn,2025-01-11,5460.58,250564,1475,10,687.79,127849,0,0.0058867195606711,0.0067796610169491,546.058,0.1259554845822238,-4772.79,-6.939312871661409
LinkedIn,2025-01-12,4075.47,121816,689,3,94.25,57996,12130,0.005656071452026,0.0043541364296081,1358.49,0.0231261670433103,-3981.22,-42.24106100795756
LinkedIn,2025-01-13,1880.34,97438,639,9,387.67,48431,0,0.0065580163796465,0.0140845070422535,208.92666666666665,0.2061701607156152,-1492.67,-3.850362421647278
LinkedIn,2025-01-14,1901.73,66752,572,29,953.64,37532,0,0.0085690316395014,0.0506993006993006,65.57689655172413,0.5014591976779038,-948.09,-0.9941801937838178
LinkedIn,2025-01-15,2114.47,81296,737,5,1068.1,40214,0,0.0090656366856917,0.0067842605156037,422.894,0.5051384034769942,-1046.37,-0.979655462971632
LinkedIn,2025-01-16,5633.09,300839,1904,6,943.1,152856,13232,0.0063289666565837,0.0031512605042016,938.8483333333334,0.1674214329968099,-4689.99,-4.972950906584667
LinkedIn,2025-01-17,1033.88,55885,303,0,0.0,33636,0,0.0054218484387581,0.0,,0.0,-1033.88,
LinkedIn,2025-01-18,1126.62,59763,344,2,47.11,27555,775,0.0057560698090791,0.005813953488372,563.3100000000001,0.0418153414638476,-1079.5100000000002,-22.914667798768843
LinkedIn,2025-01-19,1282.98,38062,218,2,38.73,16733,382,0.005727497241343,0.0091743119266055,641.49,0.0301875321517092,-1244.25,-32.12625871417506
LinkedIn,2025-01-20,3686.63,133085,721,8,210.74,70979,17802,0.0054175902618627,0.0110957004160887,460.82875,0.0571633171758489,-3475.8900000000003,-16.49373635759704
LinkedIn,2025-01-21,1647.39,66458,503,5,48.5,35160,0,0.007568689999699,0.0099403578528827,329.47799999999995,0.0294405089262409,-1598.89,-32.966804123711334
LinkedIn,2025-01-22,990.4,39490,362,6,716.99,21063,0,0.0091668776905545,0.0165745856353591,165.06666666666663,0.7239398222940228,-273.40999999999985,-0.3813302835464928
LinkedIn,2025-01-23,1785.51,98201,497,1,34.99,46336,0,0.0050610482581643,0.0020120724346076,1785.51,0.0195966418558283,-1750.52,-50.02915118605316
LinkedIn,2025-01-24,465.39,14322,103,2,81.77,7892,0,0.0071917329981846,0.0194174757281553,232.695,0.1757020993145533,-383.62,-4.691451632628104
LinkedIn,2025-01-25,45.01,1450,9,0,0.0,714,0,0.0062068965517241,0.0,,0.0,-45.01,
LinkedIn,2025-01-26,867.35,28790,135,0,0.0,17485,0,0.0046891281695033,0.0,,0.0,-867.35,
LinkedIn,2025-01-27,3468.67,191710,893,1,10.99,125456,0,0.0046580773042616,0.0011198208286674,3468.67,0.0031683613604061,-3457.6800000000003,-314.6205641492266
LinkedIn,2025-01-28,6270.77,280181,1949,32,706.8299999999999,121030,5812,0.0069562175879163,0.0164186762442278,195.9615625,0.1127182148284819,-5563.9400000000005,-7.871680602124982
LinkedIn,2025-01-29,2171.1000000000004,71565,399,3,166.59,35753,0,0.0055753510794382,0.0075187969924812,723.7000000000002,0.0767306895122288,-2004.5100000000004,-12.032594993697105
LinkedIn,2025-01-30,2565.05,99986,528,4,214.58,45928,1778,0.0052807393035024,0.0075757575757575,641.2625,0.0836552893705775,-2350.4700000000003,-10.953816758318576
LinkedIn,2025-01-31,1123.23,44299,293,1,15.11,18417,0,0.0066141447888214,0.0034129692832764,1123.23,0.013452276025391,-1108.12,-73.3368630046327
LinkedIn,2025-02-01,1294.25,55345,263,0,0.0,21258,0,0.0047520101183485,0.0,,0.0,-1294.25,
LinkedIn,2025-02-02,1136.95,40689,206,0,0.0,15500,0,0.0050627933839612,0.0,,0.0,-1136.95,
LinkedIn,2025-02-03,154.02,6096,22,0,0.0,3091,1267,0.0036089238845144,0.0,,0.0,-154.02,
LinkedIn,2025-02-04,1290.51,47607,274,1,14.12,20975,0,0.0057554561304009,0.0036496350364963,1290.51,0.010941410760087,-1276.39,-90.3958923512748
LinkedIn,2025-02-05,4153.36,161502,1083,3,30.410000000000004,110741,0,0.0067057993089868,0.002770083102493,1384.4533333333331,0.007321782845696,-4122.95,-135.57875698783292
LinkedIn,2025-02-06,728.89,28189,169,6,101.84,13366,927,0.0059952463726985,0.0355029585798816,121.48166666666668,0.1397192992083853,-627.05,-6.157207384131971
LinkedIn,2025-02-07,696.3,35801,259,0,0.0,19159,0,0.0072344347923242,0.0,,0.0,-696.3,
LinkedIn,2025-02-08,784.35,35395,215,0,0.0,21008,210,0.0060743042802655,0.0,,0.0,-784.35,
LinkedIn,2025-02-09,1043.29,36059,264,1,115.91,21976,0,0.0073213344796028,0.0037878787878787,1043.29,0.1111004610415129,-927.38,-8.000862738331465
LinkedIn,2025-02-10,3376.45,167072,727,0,0.0,75768,0,0.0043514173529975,0.0,,0.0,-3376.45,
LinkedIn,2025-02-11,1857.79,94174,420,0,0.0,42077,996,0.0044598296769809,0.0,,0.0,-1857.79,
LinkedIn,2025-02-12,1966.03,66305,354,0,0.0,38854,5310,0.0053389638790438,0.0,,0.0,-1966.03,
LinkedIn,2025-02-13,2414.1800000000003,73391,468,0,0.0,32065,4678,0.0063768036952759,0.0,,0.0,-2414.1800000000003,
LinkedIn,2025-02-14,660.51,40592,275,2,656.79,20467,307,0.0067747339377217,0.0072727272727272,330.255,0.9943679883726212,-3.7200000000000273,-0.005663910839081
LinkedIn,2025-02-15,5412.82,229349,1110,16,282.03000000000003,110842,9060,0.0048397856541776,0.0144144144144144,338.30125,0.0521040788350619,-5130.79,-18.19235542318193
LinkedIn,2025-02-16,2686.53,134336,839,15,133.99,59167,734,0.0062455335874225,0.0178784266984505,179.10199999999998,0.0498747454895348,-2552.54,-19.05022762892753
LinkedIn,2025-02-17,3102.69,128796,718,0,0.0,62379,23344,0.0055747072890462,0.0,,0.0,-3102.69,
LinkedIn,2025-02-18,1193.5,58731,283,0,0.0,34774,6751,0.0048185796257513,0.0,,0.0,-1193.5,
LinkedIn,2025-02-19,2649.78,107296,613,3,70.17,62667,16324,0.0057131673128541,0.0048939641109298,883.2599999999999,0.0264814437424993,-2579.61,-36.76229157759726
LinkedIn,2025-02-20,3874.2,106011,552,4,152.16,46831,16718,0.0052070068200469,0.0072463768115942,968.55,0.0392752052036549,-3722.04,-24.46135646687697
LinkedIn,2025-02-21,2831.1200000000003,96434,583,0,0.0,57948,16776,0.0060455855818487,0.0,,0.0,-2831.1200000000003,
LinkedIn,2025-02-22,548.8399999999999,14398,85,1,8.05,8196,0,0.0059035977219058,0.0117647058823529,548.8399999999999,0.014667298301873,-540.79,-67.17888198757763
LinkedIn,2025-02-23,3295.2,120609,680,10,464.18,71775,10609,0.0056380535449261,0.0147058823529411,329.52,0.1408655013352755,-2831.02,-6.098970227067087
LinkedIn,2025-02-24,4248.74,234696,1324,1,363.57,130852,14977,0.0056413402870095,0.0007552870090634,4248.74,0.0855712517122723,-3885.17,-10.686167725609923
LinkedIn,2025-02-25,817.72,34615,265,1,238.11,15797,0,0.007655640618229,0.0037735849056603,817.72,0.2911876926087169,-579.61,-2.4342110789131075
LinkedIn,2025-02-26,633.1,23163,193,3,112.02,9868,0,0.008332254025817,0.0155440414507772,211.03333333333333,0.1769388722160796,-521.08,-4.651669344759865
LinkedIn,2025-02-27,1755.92,72416,463,0,0.0,36021,0,0.0063936146707909,0.0,,0.0,-1755.92,
LinkedIn,2025-02-28,2462.86,123275,679,0,0.0,68257,2441,0.0055080105455282,0.0,,0.0,-2462.86,
LinkedIn,2025-03-01,1577.91,65146,328,1,111.98,33352,0,0.0050348448101188,0.0030487804878048,1577.91,0.0709672921776273,-1465.93,-13.090998392570102
LinkedIn,2025-03-02,1823.76,60008,423,1,23.68,29799,0,0.0070490601253166,0.0023640661938534,1823.76,0.0129841645830591,-1800.0799999999997,-76.01689189189187
LinkedIn,2025-03-03,696.48,27748,207,0,0.0,12508,0,0.0074599971169093,0.0,,0.0,-696.48,
LinkedIn,2025-03-04,5710.639999999999,219374,1351,24,230.44,124138,16468,0.0061584326310319,0.0177646188008882,237.9433333333333,0.0403527450513427,-5480.2,-23.78146155181392
LinkedIn,2025-03-05,1062.02,45523,429,12,448.5,20870,0,0.0094238077455352,0.0279720279720279,88.50166666666667,0.4223084311029924,-613.52,-1.3679375696767
LinkedIn,2025-03-06,4370.31,140477,1008,14,653.53,64576,4797,0.007175551869701,0.0138888888888888,312.165,0.1495385910839277,-3716.78,-5.687237005187214
LinkedIn,2025-03-07,185.82,5869,63,3,54.93,3153,0,0.0107343670131197,0.0476190476190476,61.94,0.2956086535356797,-130.89,-2.382850901146914
LinkedIn,2025-03-08,2344.58,80345,381,0,0.0,42977,0,0.0047420499097641,0.0,,0.0,-2344.58,
LinkedIn,2025-03-09,1631.98,47082,263,4,187.96,25126,2789,0.0055859988955439,0.0152091254752851,407.995,0.1151729800610301,-1444.02,-7.682592040859758
LinkedIn,2025-03-10,2881.51,126837,716,2,19.75,58404,3446,0.0056450404850319,0.0027932960893854,1440.755,0.0068540452748732,-2861.76,-144.89924050632914
LinkedIn,2025-03-11,2091.55,63790,425,5,98.36,35767,0,0.0066624862831164,0.0117647058823529,418.31000000000006,0.0470273242332241,-1993.1900000000005,-20.26423342822286
LinkedIn,2025-03-12,1477.37,48770,305,3,414.39,32696,1054,0.0062538445765839,0.0098360655737704,492.4566666666667,0.2804916845475406,-1062.98,-2.5651680783802697
LinkedIn,2025-03-13,2654.17,65204,369,2,321.86,30423,0,0.0056591620146003,0.005420054200542,1327.085,0.1212657817698188,-2332.31,-7.246349344435468
LinkedIn,2025-03-14,1428.4,68489,400,0,0.0,31789,0,0.0058403539254478,0.0,,0.0,-1428.4,
LinkedIn,2025-03-15,524.1,13025,88,0,0.0,7035,0,0.0067562380038387,0.0,,0.0,-524.1,
LinkedIn,2025-03-16,4312.82,121797,601,0,0.0,64783,11852,0.0049344400929415,0.0,,0.0,-4312.82,
LinkedIn,2025-03-17,2340.91,132400,745,1,220.45,73409,0,0.0056268882175226,0.0013422818791946,2340.91,0.0941727789620276,-2120.46,-9.618779768655024
LinkedIn,2025-03-18,2245.91,112370,818,4,572.05,49817,1335,0.0072795230043605,0.0048899755501222,561.4775,0.2547074459795806,-1673.86,-2.9260728957258983
LinkedIn,2025-03-19,1363.39,42495,335,4,182.47,18854,0,0.0078832803859277,0.0119402985074626,340.8475,0.1338355129493395,-1180.9199999999998,-6.471858387680165
LinkedIn,2025-03-20,2380.86,120528,708,4,727.47,65445,3430,0.005874153723616,0.0056497175141242,595.215,0.305549255311106,-1653.39,-2.272794754422863
LinkedIn,2025-03-21,3282.5,176866,782,0,0.0,96910,694,0.0044214263906007,0.0,,0.0,-3282.5,
LinkedIn,2025-03-22,1926.1700000000003,117037,727,1,375.12,52666,0,0.0062117108264907,0.0013755158184319,1926.1700000000003,0.1947491654423025,-1551.0500000000002,-4.134810194071231
LinkedIn,2025-03-23,883.27,28970,213,1,9.21,15104,0,0.0073524335519502,0.0046948356807511,883.27,0.0104271627022314,-874.06,-94.90336590662322
LinkedIn,2025-03-24,3070.04,120741,711,3,519.0,61387,3673,0.0058886376624344,0.0042194092827004,1023.3466666666668,0.1690531719456424,-2551.04,-4.915298651252408
LinkedIn,2025-03-25,1172.56,51407,348,0,0.0,28835,0,0.0067695060983912,0.0,,0.0,-1172.56,
LinkedIn,2025-03-26,3438.68,110326,470,0,0.0,61578,8948,0.0042601018798832,0.0,,0.0,-3438.68,
LinkedIn,2025-03-27,6563.88,256628,1691,4,315.46000000000004,134437,0,0.0065893043627351,0.0023654642223536,1640.97,0.0480599889089989,-6248.42,-19.80732897990236
LinkedIn,2025-03-28,3009.15,130840,762,15,432.76,59654,0,0.0058239070620605,0.0196850393700787,200.61,0.1438146985028995,-2576.3900000000003,-5.9533921804233305
LinkedIn,2025-03-29,2200.63,78990,420,8,98.67,40103,8015,0.0053171287504747,0.019047619047619,275.07875,0.0448371602677415,-2101.96,-21.302928955102868
LinkedIn,2025-03-30,2330.03,87178,441,1,172.27,43089,7052,0.0050586157057973,0.0022675736961451,2330.03,0.073934670369051,-2157.76,-12.525454228826842
LinkedIn,2025-03-31,2199.13,91175,539,2,220.32,51046,6166,0.0059117082533589,0.0037105751391465,1099.565,0.1001850731880334,-1978.81,-8.981526870007263
LinkedIn,2025-04-01,362.1,10437,70,0,0.0,5462,0,0.0067069081153588,0.0,,0.0,-362.1,
LinkedIn,2025-04-02,2606.09,97716,621,4,46.58,47153,906,0.0063551516640058,0.0064412238325281,651.5225,0.017873519333561,-2559.51,-54.94869042507515
LinkedIn,2025-04-03,1232.94,57336,455,6,624.58,28599,622,0.007935677410353,0.0131868131868131,205.49,0.5065777734520739,-608.36,-0.9740305485286112
LinkedIn,2025-04-04,3697.18,156890,1031,4,323.54,70934,0,0.0065714832047931,0.0038797284190106,924.295,0.0875099400083306,-3373.64,-10.427273289237805
LinkedIn,2025-04-05,815.62,29187,157,1,23.67,15863,2849,0.0053791071367389,0.0063694267515923,815.62,0.0290208675608739,-791.95,-33.45796366708914
LinkedIn,2025-04-06,312.12,11548,80,3,134.74,5780,0,0.0069276065119501,0.0375,104.04,0.4316929386133538,-177.38,-1.3164613329375092
LinkedIn,2025-04-07,2103.6600000000003,105175,601,1,0.0,53006,0,0.0057142857142857,0.0016638935108153,2103.6600000000003,0.0,-2103.6600000000003,
LinkedIn,2025-04-08,2174.19,94678,712,15,550.37,44484,6034,0.0075202264517628,0.021067415730337,144.946,0.2531379502251413,-1623.8200000000002,-2.950415175245744
LinkedIn,2025-04-09,5078.76,216150,1629,29,1151.4,109287,0,0.0075364330326162,0.0178023327194597,175.1296551724138,0.226708881695532,-3927.36,-3.410943199583116
LinkedIn,2025-04-10,2555.6,87592,691,2,312.89,41556,0,0.007888848296648,0.0028943560057887,1277.8,0.1224330881202066,-2242.71,-7.1677266771069705
LinkedIn,2025-04-11,1117.07,36478,179,0,0.0,16824,0,0.004907067273425,0.0,,0.0,-1117.07,
LinkedIn,2025-04-12,2498.63,91411,582,14,171.8,38868,0,0.0063668486287208,0.0240549828178694,178.47357142857143,0.0687576792082061,-2326.83,-13.54383003492433
LinkedIn,2025-04-13,1105.12,53436,244,3,27.67,29536,880,0.0045662100456621,0.0122950819672131,368.3733333333333,0.0250380049225423,-1077.4499999999998,-38.93928442356341
LinkedIn,2025-04-14,382.18,20489,115,0,0.0,12522,0,0.0056127678266386,0.0,,0.0,-382.18,
LinkedIn,2025-04-15,1654.83,65193,513,2,97.98,30353,0,0.0078689429846762,0.0038986354775828,827.415,0.0592084987581806,-1556.85,-15.889467238211878
LinkedIn,2025-04-16,4544.86,171418,1041,25,599.52,73818,4838,0.0060728744939271,0.0240153698366954,181.7944,0.131911654044349,-3945.34,-6.580831331732052
LinkedIn,2025-04-17,1300.23,47728,317,4,72.52,25046,1212,0.0066418035534696,0.0126182965299684,325.0575,0.0557747475446651,-1227.71,-16.92926089354661
LinkedIn,2025-04-18,290.78,15995,110,0,0.0,6671,2301,0.0068771491090965,0.0,,0.0,-290.78,
LinkedIn,2025-04-19,1815.97,79769,269,0,0.0,32324,15793,0.0033722373353056,0.0,,0.0,-1815.97,
LinkedIn,2025-04-20,1467.39,52588,363,1,0.0,27602,0,0.0069027154483912,0.0027548209366391,1467.39,0.0,-1467.39,
LinkedIn,2025-04-21,1925.82,93731,527,0,0.0,47418,0,0.0056224728211584,0.0,,0.0,-1925.82,
LinkedIn,2025-04-22,2414.56,104813,715,0,0.0,63702,9279,0.0068216728840888,0.0,,0.0,-2414.56,
LinkedIn,2025-04-23,1705.31,96154,612,7,888.5400000000001,49122,3985,0.0063647898163362,0.011437908496732,243.6157142857143,0.5210430948038773,-816.7699999999999,-0.9192270466157964
LinkedIn,2025-04-24,5638.01,212813,1357,28,1499.7800000000002,108410,1341,0.006376490158026,0.0206337509211495,201.3575,0.2660122986656639,-4138.23,-2.7592246862873213
LinkedIn,2025-04-25,1594.13,58673,397,1,112.64,23919,5108,0.0067663150000852,0.0025188916876574,1594.13,0.0706592310539291,-1481.49,-13.152432528409092
LinkedIn,2025-04-26,271.0,11570,79,1,282.29,5330,483,0.0068280034572169,0.0126582278481012,271.0,1.0416605166051662,11.29000000000002,0.0399943320698573
LinkedIn,2025-04-27,1746.64,76280,423,1,8.33,38180,9694,0.0055453592029365,0.0023640661938534,1746.64,0.0047691567810195,-1738.31,-208.6806722689076
LinkedIn,2025-04-28,929.02,32238,186,2,20.88,18228,0,0.0057695886841615,0.010752688172043,464.51,0.0224752965490516,-908.14,-43.49329501915709
LinkedIn,2025-04-29,1867.45,91506,438,2,65.11,40058,0,0.004786571372369,0.0045662100456621,933.725,0.0348657259899863,-1802.34,-27.68146214099217
LinkedIn,2025-04-30,295.11,16853,87,0,0.0,9164,834,0.0051622856464724,0.0,,0.0,-295.11,
LinkedIn,2025-05-01,4661.77,171127,961,0,0.0,86851,23149,0.0056157123072338,0.0,,0.0,-4661.77,
LinkedIn,2025-05-02,294.03,10251,43,0,0.0,5028,564,0.004194712710955,0.0,,0.0,-294.03,
LinkedIn,2025-05-03,2505.3700000000003,105321,665,1,176.42,68340,1002,0.006314030440273,0.0015037593984962,2505.3700000000003,0.0704167448321006,-2328.9500000000003,-13.201167668064848
LinkedIn,2025-05-04,1771.14,53164,380,4,346.82,21596,0,0.0071476939282221,0.0105263157894736,442.785,0.1958173831543525,-1424.3200000000002,-4.106798915864138
LinkedIn,2025-05-05,1209.21,66981,420,1,0.0,54234,414,0.006270434899449,0.0023809523809523,1209.21,0.0,-1209.21,
LinkedIn,2025-05-06,900.12,30643,190,0,0.0,14617,3658,0.0062004372939986,0.0,,0.0,-900.12,
LinkedIn,2025-05-07,2180.77,58217,278,0,0.0,32267,0,0.0047752374735901,0.0,,0.0,-2180.77,
LinkedIn,2025-05-08,2005.49,106377,649,0,0.0,57770,0,0.0061009428729894,0.0,,0.0,-2005.49,
LinkedIn,2025-05-09,3284.2900000000004,117223,447,1,30.06,55700,0,0.0038132448410294,0.0022371364653243,3284.2900000000004,0.0091526631326709,-3254.2300000000005,-108.25781769793748
LinkedIn,2025-05-10,4576.15,185939,1140,3,365.54,87942,0,0.00613104297646,0.0026315789473684,1525.3833333333332,0.079879374583438,-4210.61,-11.518876183181046
LinkedIn,2025-05-11,800.43,31071,141,0,0.0,18709,0,0.0045379936274983,0.0,,0.0,-800.43,
LinkedIn,2025-05-12,2471.85,77326,423,4,58.85000000000001,43280,14406,0.0054703463259447,0.0094562647754137,617.9625,0.0238080789691931,-2413.0,-41.00254885301614
LinkedIn,2025-05-13,3669.46,135967,1034,12,463.49,64251,6934,0.007604786455537,0.011605415860735,305.78833333333336,0.1263101382764766,-3205.9700000000003,-6.91702086344905
LinkedIn,2025-05-14,1787.0,56007,567,4,436.2,22964,0,0.0101237345331833,0.0070546737213403,446.75,0.2440962506994963,-1350.8,-3.0967446125630445
LinkedIn,2025-05-15,1827.86,49565,288,1,27.72,25933,772,0.0058105518006657,0.0034722222222222,1827.86,0.015165275239898,-1800.14,-64.94011544011545
LinkedIn,2025-05-16,3959.49,146460,916,7,224.24,82476,3193,0.0062542673767581,0.0076419213973799,565.6414285714285,0.0566335563418521,-3735.25,-16.657376025686762
LinkedIn,2025-05-17,64.19,3292,10,0,0.0,1380,0,0.0030376670716889,0.0,,0.0,-64.19,
LinkedIn,2025-05-18,3195.99,128892,740,4,435.38,65064,0,0.005741240728672,0.0054054054054054,798.9975,0.1362269594085088,-2760.61,-6.340690890716155
LinkedIn,2025-05-19,2000.31,78101,478,1,114.6,37395,1720,0.006120280150062,0.002092050209205,2000.31,0.0572911198764191,-1885.71,-16.454712041884818
LinkedIn,2025-05-20,1706.21,77720,333,0,0.0,33383,8667,0.0042846114256304,0.0,,0.0,-1706.21,
LinkedIn,2025-05-21,2169.81,94647,577,8,369.1,53379,427,0.0060963369150633,0.0138648180242634,271.22625,0.170107060065167,-1800.71,-4.878650772148469
LinkedIn,2025-05-22,1738.96,107393,706,1,0.0,53391,0,0.0065739852690585,0.0014164305949008,1738.96,0.0,-1738.96,
LinkedIn,2025-05-23,2228.61,68943,406,0,0.0,41126,6558,0.0058889227332724,0.0,,0.0,-2228.61,
LinkedIn,2025-05-24,2648.4700000000003,97855,582,8,253.99,49095,0,0.0059475754943538,0.0137457044673539,331.05875000000003,0.095900652074594,-2394.4800000000005,-9.42745777392811
LinkedIn,2025-05-25,1918.53,92767,679,9,206.04,45336,0,0.0073194131533842,0.0132547864506627,213.17,0.107394724085628,-1712.49,-8.311444379732091
LinkedIn,2025-05-26,703.81,37899,221,1,264.3,25813,0,0.0058312884244966,0.004524886877828,703.81,0.3755274861113085,-439.50999999999993,-1.6629209231933406
LinkedIn,2025-05-27,1419.68,38432,276,1,257.0,14714,0,0.0071815154038301,0.0036231884057971,1419.68,0.1810267102445621,-1162.68,-4.524046692607004
LinkedIn,2025-05-28,2847.08,101083,641,2,533.66,42473,0,0.0063413234668539,0.0031201248049922,1423.54,0.1874411677929668,-2313.42,-4.335007308023836
LinkedIn,2025-05-29,3902.22,205127,1528,6,543.8399999999999,79873,7776,0.0074490437631321,0.0039267015706806,650.37,0.1393668219628826,-3358.38,-6.175308914386585
LinkedIn,2025-05-30,964.82,49691,316,0,0.0,23185,0,0.0063593004769475,0.0,,0.0,-964.82,
LinkedIn,2025-05-31,3506.65,200741,1120,3,202.7,97454,29162,0.005579328587583,0.0026785714285714,1168.8833333333334,0.0578044572455192,-3303.9500000000003,-16.29970399605328
LinkedIn,2025-06-01,5382.88,226663,1254,1,190.2,133463,18715,0.0055324424365688,0.0007974481658692,5382.88,0.0353342448652022,-5192.68,-27.30115667718192
LinkedIn,2025-06-02,279.5,13366,92,1,12.18,7304,0,0.0068831363160257,0.0108695652173913,279.5,0.0435778175313059,-267.32,-21.947454844006568
LinkedIn,2025-06-03,290.07,10020,50,0,0.0,4990,337,0.0049900199600798,0.0,,0.0,-290.07,
LinkedIn,2025-06-04,2238.13,84899,590,3,637.35,38532,0,0.0069494340333808,0.0050847457627118,746.0433333333334,0.2847689812477381,-1600.7800000000002,-2.511618420020397
LinkedIn,2025-06-05,896.4,34283,227,0,0.0,18783,0,0.0066213575241373,0.0,,0.0,-896.4,
LinkedIn,2025-06-06,643.8,21727,112,1,11.26,10944,398,0.0051548764210429,0.0089285714285714,643.8,0.0174899036968002,-632.54,-56.17584369449378
LinkedIn,2025-06-07,446.32,20498,107,0,0.0,11312,0,0.0052200214655088,0.0,,0.0,-446.32,
LinkedIn,2025-06-08,369.1,18367,127,0,0.0,7977,0,0.0069145750530843,0.0,,0.0,-369.1,
LinkedIn,2025-06-09,2046.76,94047,570,4,531.64,41452,3965,0.0060607993875402,0.0070175438596491,511.69,0.2597471125095272,-1515.12,-2.849898427507336
LinkedIn,2025-06-10,877.8100000000001,26209,111,0,0.0,10660,4201,0.0042351863863558,0.0,,0.0,-877.8100000000001,
LinkedIn,2025-06-11,2731.01,93813,628,2,245.98,37065,0,0.0066941681856459,0.0031847133757961,1365.505,0.0900692417823442,-2485.03,-10.10256931457842
LinkedIn,2025-06-12,655.06,31081,199,1,15.42,15293,0,0.0064026253981532,0.0050251256281407,655.06,0.0235398284126644,-639.64,-41.48119325551232
LinkedIn,2025-06-13,2273.23,83284,417,0,0.0,40934,3345,0.0050069641227606,0.0,,0.0,-2273.23,
LinkedIn,2025-06-14,6106.09,288745,1531,2,326.11,144595,7243,0.0053022563161266,0.0013063357282821,3053.045,0.0534073359547599,-5779.9800000000005,-17.724019502621815
LinkedIn,2025-06-15,144.65,5997,35,0,0.0,2709,0,0.0058362514590628,0.0,,0.0,-144.65,
LinkedIn,2025-06-16,3396.36,143403,887,2,193.01,60055,0,0.006185365717593,0.0022547914317925,1698.1799999999998,0.0568284869684014,-3203.3499999999995,-16.59680845552044
LinkedIn,2025-06-17,4685.91,199769,1104,0,0.0,100065,8417,0.005526382972333,0.0,,0.0,-4685.91,
LinkedIn,2025-06-18,297.31,18395,152,1,272.12,9856,0,0.0082631149768958,0.006578947368421,297.31,0.91527362012714,-25.19,-0.0925694546523592
LinkedIn,2025-06-19,1307.6899999999998,64280,250,0,0.0,26516,11541,0.0038892345986309,0.0,,0.0,-1307.6899999999998,
LinkedIn,2025-06-20,655.45,22564,134,3,39.6,10120,0,0.0059386633575607,0.0223880597014925,218.4833333333333,0.0604165077427721,-615.85,-15.551767676767676
LinkedIn,2025-06-21,1814.25,90507,480,8,342.26,41282,0,0.0053034571911564,0.0166666666666666,226.78125,0.1886509576960176,-1471.99,-4.300794717466254
LinkedIn,2025-06-22,613.3,23628,180,0,0.0,10226,0,0.0076180802437785,0.0,,0.0,-613.3,
LinkedIn,2025-06-23,1702.97,63589,404,2,427.81,27035,1861,0.0063533000990737,0.0049504950495049,851.485,0.2512140554443119,-1275.16,-2.9806689885696924
LinkedIn,2025-06-24,3350.4100000000003,156439,784,2,691.29,90389,965,0.0050115380435824,0.0025510204081632,1675.2050000000002,0.20632997155572,-2659.1200000000003,-3.846605621374533
LinkedIn,2025-06-25,4379.09,191028,1372,13,763.3800000000001,96771,0,0.0071821931863391,0.0094752186588921,336.8530769230769,0.1743238892098587,-3615.71,-4.736448426733737
LinkedIn,2025-06-26,3061.48,142460,923,0,0.0,65180,3049,0.0064790116523936,0.0,,0.0,-3061.48,
LinkedIn,2025-06-27,3248.5,134161,769,3,186.11,76788,0,0.0057319191121115,0.0039011703511053,1082.8333333333333,0.0572910574111128,-3062.39,-16.45473107302133
LinkedIn,2025-06-28,832.8599999999999,31683,178,2,29.48,15755,0,0.0056181548464476,0.0112359550561797,416.43,0.0353961049876329,-803.3799999999999,-27.251696065128897
LinkedIn,2025-06-29,908.88,54723,364,2,247.68,26372,991,0.0066516821080715,0.0054945054945054,454.44,0.2725112226036441,-661.2,-2.669573643410853
LinkedIn,2025-06-30,1455.42,83907,361,15,156.02,41392,0,0.0043023823995614,0.0415512465373961,97.028,0.1071992964230256,-1299.4,-8.328419433405974
LinkedIn,2025-07-01,1640.21,57409,349,1,29.7,32123,596,0.0060791861903185,0.0028653295128939,1640.21,0.0181074374622761,-1610.51,-54.22592592592593
LinkedIn,2025-07-02,3476.61,146077,839,8,69.0,81110,8856,0.0057435462119293,0.0095351609058402,434.57625,0.0198469198443311,-3407.61,-49.38565217391304
LinkedIn,2025-07-03,2102.98,117730,710,5,87.55,51099,17585,0.0060307483224326,0.0070422535211267,420.596,0.0416313992524893,-2015.43,-23.020331239291835
LinkedIn,2025-07-05,4951.67,219922,1206,0,0.0,125746,10977,0.0054837624248597,0.0,,0.0,-4951.67,
LinkedIn,2025-07-06,258.55,11183,53,0,0.0,7521,282,0.0047393364928909,0.0,,0.0,-258.55,
LinkedIn,2025-07-07,851.4100000000001,31618,196,0,0.0,15104,0,0.0061990005692959,0.0,,0.0,-851.4100000000001,
LinkedIn,2025-07-08,799.01,24888,112,0,0.0,16378,0,0.0045001607200257,0.0,,0.0,-799.01,
LinkedIn,2025-07-09,1788.18,94075,699,22,746.4,40684,0,0.0074302418283284,0.0314735336194563,81.28090909090909,0.4174076435258195,-1041.7800000000002,-1.3957395498392289
LinkedIn,2025-07-10,3547.1200000000003,216499,1001,0,0.0,104841,28377,0.0046235779380043,0.0,,0.0,-3547.1200000000003,
LinkedIn,2025-07-11,72.36,3672,30,0,0.0,1283,0,0.0081699346405228,0.0,,0.0,-72.36,
LinkedIn,2025-07-12,3897.26,181899,773,7,373.73,89712,0,0.0042496110478892,0.0090556274256144,556.7514285714285,0.0958955779188455,-3523.53,-9.428009525593342
LinkedIn,2025-07-13,2205.65,90619,314,0,0.0,46437,17961,0.003465056996877,0.0,,0.0,-2205.65,
LinkedIn,2025-07-14,504.16,23683,161,6,104.61,12050,0,0.0067981252375121,0.0372670807453416,84.02666666666666,0.2074936528086322,-399.55,-3.819424529203709
LinkedIn,2025-07-15,1969.48,108887,921,16,658.58,62917,0,0.0084583099910916,0.017372421281216,123.0925,0.3343928346568637,-1310.9,-1.9904947007197304
LinkedIn,2025-07-16,537.07,12655,79,0,0.0,5465,0,0.0062425918609245,0.0,,0.0,-537.07,
LinkedIn,2025-07-17,372.24,11377,60,1,35.32,6049,0,0.005273798013536,0.0166666666666666,372.24,0.0948850204169353,-336.92,-9.53907134767837
LinkedIn,2025-07-18,1756.88,50493,290,3,234.54,23845,728,0.0057433703681698,0.0103448275862068,585.6266666666667,0.1334980192158827,-1522.34,-6.490747846849152
LinkedIn,2025-07-19,2004.56,88167,434,1,96.94,37758,0,0.0049224766636042,0.0023041474654377,2004.56,0.0483597397932713,-1907.62,-19.67835774706004
LinkedIn,2025-07-20,2414.89,98738,508,0,0.0,49020,3952,0.0051449290040308,0.0,,0.0,-2414.89,
LinkedIn,2025-07-21,1252.73,63570,313,0,0.0,27220,2392,0.0049237061507,0.0,,0.0,-1252.73,
LinkedIn,2025-07-22,5230.99,203340,1393,12,833.0,98219,0,0.0068505950624569,0.0086145010768126,435.9158333333333,0.1592432789969011,-4397.99,-5.2796998799519805
LinkedIn,2025-07-23,3465.88,148141,920,2,285.53,79742,0,0.0062102996469579,0.0021739130434782,1732.94,0.0823831177074797,-3180.3500000000004,-11.13840927398172
LinkedIn,2025-07-24,2989.2,146538,737,1,348.76,88375,0,0.0050294121661275,0.0013568521031207,2989.2,0.1166733574200455,-2640.44,-7.570937034063538
LinkedIn,2025-07-25,2360.53,103676,560,1,342.1,47241,11852,0.0054014429569042,0.0017857142857142,2360.53,0.1449250803844899,-2018.4300000000003,-5.900116924875768
LinkedIn,2025-07-26,1836.73,79295,524,2,367.33,36245,5067,0.0066082350715681,0.0038167938931297,918.365,0.1999912888666271,-1469.4,-4.000217787820216
LinkedIn,2025-07-27,2454.86,78536,343,0,0.0,34497,5372,0.0043674238565753,0.0,,0.0,-2454.86,
LinkedIn,2025-07-28,2924.93,110292,619,6,113.99,56822,1020,0.0056123744242556,0.0096930533117932,487.4883333333333,0.0389718728311446,-2810.94,-24.6595315378542
LinkedIn,2025-07-29,605.38,16526,143,1,91.51,7595,0,0.0086530315865908,0.0069930069930069,605.38,0.1511612540883412,-513.87,-5.615451863184351
LinkedIn,2025-07-30,678.74,37946,272,0,0.0,16716,0,0.0071680809571496,0.0,,0.0,-678.74,
LinkedIn,2025-07-31,3138.4300000000003,108215,668,0,0.0,60438,10463,0.0061728965485376,0.0,,0.0,-3138.4300000000003,
LinkedIn,2025-08-01,1865.24,60622,400,0,0.0,28090,2295,0.0065982646563953,0.0,,0.0,-1865.24,
LinkedIn,2025-08-02,3890.11,170486,1220,4,278.42,81766,0,0.007156012810436,0.0032786885245901,972.5275,0.0715712409160666,-3611.69,-12.97209252208893
LinkedIn,2025-08-04,4613.71,179305,733,0,0.0,114982,601,0.0040880064694236,0.0,,0.0,-4613.71,
LinkedIn,2025-08-05,2338.35,144474,656,2,344.96,71544,0,0.0045406093830031,0.0030487804878048,1169.175,0.1475228259242628,-1993.39,-5.778612012987013
LinkedIn,2025-08-06,4684.73,218483,1217,4,132.46,126008,0,0.0055702274318825,0.0032867707477403,1171.1825,0.0282748418798949,-4552.27,-34.36712969953193
LinkedIn,2025-08-07,1269.25,55903,348,6,121.09,32244,0,0.0062250684220882,0.0172413793103448,211.54166666666663,0.0954027969273192,-1148.16,-9.481872987034436
LinkedIn,2025-08-08,1534.88,79055,394,0,0.0,45544,677,0.0049838719878565,0.0,,0.0,-1534.88,
LinkedIn,2025-08-09,1024.61,58401,365,1,44.62,27611,0,0.0062498929812845,0.0027397260273972,1024.61,0.0435482769053591,-979.99,-21.9630210667862
LinkedIn,2025-08-10,3861.49,151816,658,1,272.13,86260,11788,0.0043341940243452,0.0015197568389057,3861.49,0.0704727967701586,-3589.36,-13.189872487414103
LinkedIn,2025-08-11,660.8499999999999,26681,154,0,0.0,12713,2780,0.0057718976050372,0.0,,0.0,-660.8499999999999,
LinkedIn,2025-08-12,1154.92,43969,266,2,171.64999999999998,23549,0,0.0060497168459596,0.0075187969924812,577.46,0.1486250129879125,-983.27,-5.728342557529858
LinkedIn,2025-08-13,1594.76,52071,235,1,19.42,26357,6575,0.0045130686946668,0.0042553191489361,1594.76,0.0121773809225212,-1575.34,-81.11946446961893
LinkedIn,2025-08-14,2777.56,108138,671,15,132.27,50515,0,0.0062050343080138,0.022354694485842,185.17066666666668,0.0476209334811849,-2645.29,-19.999168367732665
LinkedIn,2025-08-15,1266.36,57681,332,0,0.0,32039,0,0.0057557948024479,0.0,,0.0,-1266.36,
LinkedIn,2025-08-16,3335.44,153752,773,11,478.86,82684,0,0.0050275768770487,0.0142302716688227,303.2218181818182,0.1435672654882114,-2856.58,-5.965376101574573
LinkedIn,2025-08-17,2291.91,105154,597,2,347.85,50675,9007,0.0056773874507864,0.0033500837520938,1145.955,0.1517729753786143,-1944.06,-5.588788270806382
LinkedIn,2025-08-18,788.89,24520,184,4,342.48,12449,0,0.0075040783034257,0.0217391304347826,197.2225,0.4341289660155408,-446.41,-1.3034629759402012
LinkedIn,2025-08-19,2227.77,95158,601,1,20.02,52287,0,0.0063158115975535,0.0016638935108153,2227.77,0.0089865650403766,-2207.75,-110.27722277722278
LinkedIn,2025-08-20,2571.14,135285,953,21,674.74,54384,0,0.0070443877739586,0.0220356768100734,122.43523809523808,0.2624283391802858,-1896.4,-2.810564069122921
LinkedIn,2025-08-21,1636.76,88358,537,1,84.75,44961,194,0.0060775481563638,0.0018621973929236,1636.76,0.0517791246120384,-1552.01,-18.312802359882006
LinkedIn,2025-08-22,3562.96,131271,812,7,671.1,67777,0,0.0061856769583533,0.0086206896551724,508.9942857142857,0.1883546264903338,-2891.86,-4.3091342571896885
LinkedIn,2025-08-23,2769.69,126755,745,6,357.03,54870,0,0.0058774801782967,0.0080536912751677,461.615,0.1289061230679245,-2412.66,-6.757583396353248
LinkedIn,2025-08-24,800.8399999999999,35836,230,1,12.28,18513,1053,0.0064181270231052,0.0043478260869565,800.8399999999999,0.015333899405624,-788.56,-64.21498371335505
LinkedIn,2025-08-25,458.12,25061,172,0,0.0,13451,0,0.0068632536610669,0.0,,0.0,-458.12,
LinkedIn,2025-08-26,307.27,10876,62,0,0.0,5009,0,0.0057006252298639,0.0,,0.0,-307.27,
LinkedIn,2025-08-27,2953.69,80172,439,0,0.0,34333,0,0.0054757271865489,0.0,,0.0,-2953.69,
LinkedIn,2025-08-28,874.86,46974,243,4,114.44,23965,0,0.0051730744667262,0.0164609053497942,218.715,0.1308095009487232,-760.4200000000001,-6.644704648724223
LinkedIn,2025-08-29,1905.15,82079,340,0,0.0,45291,0,0.0041423506621669,0.0,,0.0,-1905.15,
LinkedIn,2025-08-30,3913.38,138054,933,13,175.93,68876,21017,0.0067582250423747,0.0139335476956055,301.0292307692308,0.0449560226709391,-3737.45,-21.243960666174047
LinkedIn,2025-08-31,1159.76,55467,273,2,48.08,27702,0,0.004921845421602,0.0073260073260073,579.88,0.0414568531420293,-1111.68,-23.12146422628952
LinkedIn,2025-09-01,223.58,9660,52,0,0.0,6867,2191,0.0053830227743271,0.0,,0.0,-223.58,
LinkedIn,2025-09-02,809.0899999999999,45631,258,0,0.0,18972,5443,0.0056540509741184,0.0,,0.0,-809.0899999999999,
LinkedIn,2025-09-03,363.91,17984,114,0,0.0,9285,4748,0.0063389679715302,0.0,,0.0,-363.91,
LinkedIn,2025-09-04,1926.21,62589,461,0,0.0,27990,0,0.0073655115116074,0.0,,0.0,-1926.21,
LinkedIn,2025-09-05,3313.75,164924,1176,2,13.77,75947,0,0.0071305571050908,0.0017006802721088,1656.875,0.0041554130516786,-3299.98,-239.64996368917937
LinkedIn,2025-09-06,574.02,36540,241,0,0.0,19347,0,0.0065955117679255,0.0,,0.0,-574.02,
LinkedIn,2025-09-07,2618.93,132441,901,0,0.0,105725,537,0.0068030292734123,0.0,,0.0,-2618.93,
LinkedIn,2025-09-08,4001.49,179937,1094,2,371.46,90713,9947,0.0060799057447884,0.0018281535648994,2000.745,0.092830420668301,-3630.03,-9.772330802778228
LinkedIn,2025-09-09,3302.75,107639,751,7,1581.0,52765,929,0.0069770250559741,0.0093209054593874,471.82142857142856,0.478691999091666,-1721.75,-1.0890259329538268
LinkedIn,2025-09-10,878.25,29388,236,2,118.06,14850,0,0.0080304886348169,0.0084745762711864,439.125,0.1344264161685169,-760.19,-6.439014060647129
LinkedIn,2025-09-11,2297.9700000000003,83233,433,0,0.0,40386,16237,0.0052022635252844,0.0,,0.0,-2297.9700000000003,
LinkedIn,2025-09-12,2398.57,97825,625,6,211.84,45815,0,0.0063889598773319,0.0096,399.7616666666667,0.0883192902437702,-2186.73,-10.322554758308158
LinkedIn,2025-09-13,2324.83,90489,568,2,89.69,47566,1036,0.0062770060449336,0.0035211267605633,1162.415,0.0385791649281882,-2235.14,-24.920726948377744
LinkedIn,2025-09-14,3177.42,134580,898,0,0.0,66780,0,0.0066726110863426,0.0,,0.0,-3177.42,
LinkedIn,2025-09-15,1489.83,48408,250,0,0.0,20529,0,0.0051644356304743,0.0,,0.0,-1489.83,
LinkedIn,2025-09-16,2096.97,90271,470,2,238.54,41980,0,0.0052065447375126,0.0042553191489361,1048.485,0.1137546078389295,-1858.43,-7.790852687180346
LinkedIn,2025-09-17,758.9,41193,331,1,88.58,16192,0,0.0080353458111815,0.0030211480362537,758.9,0.1167215706944261,-670.3199999999999,-7.5673967035448175
LinkedIn,2025-09-18,2504.68,66086,369,0,0.0,37481,0,0.0055836334473262,0.0,,0.0,-2504.68,
LinkedIn,2025-09-19,3097.82,96072,634,0,0.0,47149,0,0.0065992172537263,0.0,,0.0,-3097.82,
LinkedIn,2025-09-20,2656.53,124990,696,1,0.0,62795,11682,0.005568445475638,0.0014367816091954,2656.53,0.0,-2656.53,
LinkedIn,2025-09-21,4234.35,165319,911,3,48.4,81631,2513,0.0055105583750204,0.0032930845225027,1411.45,0.0114303257879013,-4185.950000000001,-86.4865702479339
LinkedIn,2025-09-22,2456.61,113130,815,1,0.0,48908,0,0.0072041014761778,0.0012269938650306,2456.61,0.0,-2456.61,
LinkedIn,2025-09-23,952.39,30378,161,0,0.0,13941,0,0.0052998880768977,0.0,,0.0,-952.39,
LinkedIn,2025-09-24,749.52,22327,120,1,31.97,10152,0,0.005374658485242,0.0083333333333333,749.52,0.0426539652043974,-717.55,-22.444479199249297
LinkedIn,2025-09-25,432.89,14563,138,0,0.0,8476,767,0.0094760694911762,0.0,,0.0,-432.89,
LinkedIn,2025-09-26,255.88,12059,67,1,20.66,7719,0,0.0055560162534206,0.0149253731343283,255.88,0.08074097233078,-235.22,-11.385285575992256
LinkedIn,2025-09-27,3592.81,100326,727,2,449.43,47060,8737,0.0072463768115942,0.0027510316368638,1796.405,0.125091502194661,-3143.38,-6.994148143203613
LinkedIn,2025-09-28,3090.68,161115,1146,24,1169.67,82184,0,0.0071129317568196,0.0209424083769633,128.77833333333334,0.378450696934008,-1921.01,-1.6423521164089014
LinkedIn,2025-09-29,1321.54,47667,274,0,0.0,22138,0,0.0057482115509681,0.0,,0.0,-1321.54,
LinkedIn,2025-09-30,195.62,11490,91,5,89.83,6278,0,0.0079199303742384,0.0549450549450549,39.124,0.4592066250894591,-105.79,-1.1776689302014918
LinkedIn,2025-10-01,2060.12,75660,711,20,449.08,39540,0,0.0093973037272006,0.0281293952180028,103.006,0.21798730171058,-1611.04,-3.587423176271488
LinkedIn,2025-10-02,2742.85,126625,1377,8,970.35,67020,0,0.0108746298124383,0.0058097312999273,342.85625,0.3537743587873927,-1772.5,-1.826660483330757
LinkedIn,2025-10-03,2754.6800000000003,150617,1025,3,29.4,120903,0,0.0068053406985931,0.0029268292682926,918.2266666666668,0.0106727460176862,-2725.28,-92.6965986394558
LinkedIn,2025-10-04,5268.17,184562,1491,23,234.13,100982,5616,0.0080785860578017,0.0154258886653252,229.0508695652174,0.044442377523884,-5034.04,-21.501046427198567
LinkedIn,2025-10-05,3307.29,137589,1263,3,13.77,79376,11961,0.0091795128971066,0.002375296912114,1102.43,0.0041635296572117,-3293.52,-239.18082788671023
LinkedIn,2025-10-06,5296.59,171610,2019,43,4873.66,76323,0,0.0117650486568381,0.0212976721149083,123.17651162790698,0.9201505119331492,-422.9300000000003,-0.0867787248187194
LinkedIn,2025-10-07,760.48,31806,261,0,0.0,15911,1399,0.008205998868138,0.0,,0.0,-760.48,
LinkedIn,2025-10-08,2611.01,95172,651,0,0.0,52182,4884,0.0068402471315092,0.0,,0.0,-2611.01,
LinkedIn,2025-10-09,8366.65,325874,3039,45,1460.56,135135,3605,0.0093256902974769,0.014807502467917,185.92555555555555,0.1745692720503427,-6906.09,-4.728385003012543
LinkedIn,2025-10-10,4825.31,146627,820,0,0.0,92049,1968,0.0055924215867473,0.0,,0.0,-4825.31,
LinkedIn,2025-10-12,5659.3,289591,2009,9,75.89,149511,1676,0.0069373702912038,0.0044798407167745,628.8111111111111,0.0134097856625377,-5583.41,-73.5724074318092
LinkedIn,2025-10-13,2253.21,85524,504,2,225.63,37438,7646,0.0058930826434685,0.0039682539682539,1126.605,0.1001371376835714,-2027.58,-8.986305012631298
LinkedIn,2025-10-14,2412.29,63068,394,1,0.0,31860,2789,0.0062472252172258,0.0025380710659898,2412.29,0.0,-2412.29,
LinkedIn,2025-10-15,5397.77,211360,1521,5,1527.35,102027,5835,0.0071962528387585,0.0032873109796186,1079.554,0.2829594443631351,-3870.42,-2.534075359282417
LinkedIn,2025-10-16,5443.4,234080,2000,3,71.05,112614,0,0.0085440874914559,0.0015,1814.4666666666665,0.0130525039497372,-5372.349999999999,-75.61365235749471
LinkedIn,2025-10-17,2640.26,119898,1253,26,536.37,57111,2675,0.0104505496338554,0.0207501995211492,101.54846153846152,0.2031504473044321,-2103.89,-3.9224602419971286
LinkedIn,2025-10-18,3132.07,104051,989,20,184.93,57317,4741,0.0095049543012561,0.0202224469160768,156.6035,0.05904401881184,-2947.1400000000003,-15.936516519764236
LinkedIn,2025-10-19,1951.63,94631,540,0,0.0,43913,0,0.0057063752892815,0.0,,0.0,-1951.63,
LinkedIn,2025-10-20,2351.02,115677,609,0,0.0,70054,0,0.0052646593531989,0.0,,0.0,-2351.02,
LinkedIn,2025-10-21,4053.61,172004,1256,40,487.48,96064,6569,0.0073021557638194,0.0318471337579617,101.34025,0.1202582389524399,-3566.13,-7.315438582095676
LinkedIn,2025-10-22,4158.92,177553,1461,22,799.4100000000001,81725,2960,0.0082285289462864,0.0150581793292265,189.04181818181817,0.1922157675550383,-3359.51,-4.202486834040104
LinkedIn,2025-10-23,2027.78,68477,576,1,119.25,40753,0,0.0084115834513778,0.0017361111111111,2027.78,0.0588081547307893,-1908.53,-16.004444444444445
LinkedIn,2025-10-24,1858.34,50822,441,2,376.21,27795,0,0.0086773444571248,0.0045351473922902,929.17,0.2024441167924061,-1482.13,-3.939634778448208
LinkedIn,2025-10-25,1840.89,75760,533,0,0.0,40097,407,0.0070353748680042,0.0,,0.0,-1840.89,
LinkedIn,2025-10-26,2167.07,70241,682,16,361.4,37095,2638,0.0097094289659885,0.0234604105571847,135.441875,0.1667689553175485,-1805.67,-4.996319867183177
LinkedIn,2025-10-27,1696.6799999999998,87686,539,0,0.0,41159,0,0.0061469333759094,0.0,,0.0,-1696.6799999999998,
LinkedIn,2025-10-28,1759.5,69284,647,5,930.84,32957,862,0.0093383753824836,0.0077279752704791,351.9,0.5290366581415175,-828.6600000000001,-0.8902281809978086
LinkedIn,2025-10-29,2016.03,75885,695,40,669.8399999999999,27837,0,0.0091585952428016,0.0575539568345323,50.40075,0.3322569604618978,-1346.19,-2.0097187388032967
LinkedIn,2025-10-30,3336.17,165358,1236,2,337.47,71967,0,0.0074746912758983,0.0016181229773462,1668.085,0.1011549171654921,-2998.7,-8.885826888315997
LinkedIn,2025-10-31,771.71,28374,188,0,0.0,14600,4431,0.006625784168605,0.0,,0.0,-771.71,
LinkedIn,2025-11-01,830.77,39376,342,4,826.0999999999999,14774,0,0.0086854937017472,0.0116959064327485,207.6925,0.9943787089086028,-4.670000000000073,-0.0056530686357584
LinkedIn,2025-11-02,1945.82,48718,321,0,0.0,22122,0,0.0065889404326942,0.0,,0.0,-1945.82,
LinkedIn,2025-11-03,1595.59,57758,460,1,27.86,25339,0,0.0079642646906056,0.0021739130434782,1595.59,0.017460625849999,-1567.73,-56.27171572146447
LinkedIn,2025-11-04,5466.23,217154,2058,16,1502.03,103587,0,0.0094771452517568,0.0077745383867832,341.639375,0.2747835345384296,-3964.2,-2.639228244442521
LinkedIn,2025-11-05,1461.32,52800,539,7,142.46,24973,0,0.0102083333333333,0.0129870129870129,208.76,0.0974872033503955,-1318.86,-9.257756563245822
LinkedIn,2025-11-06,6036.58,239354,2080,6,561.54,130153,0,0.0086900574045138,0.0028846153846153,1006.0966666666668,0.0930228705657839,-5475.04,-9.750044520425972
LinkedIn,2025-11-07,1336.63,34730,200,0,0.0,15083,426,0.005758710048949,0.0,,0.0,-1336.63,
LinkedIn,2025-11-08,1771.34,50673,398,0,0.0,25947,4249,0.0078542813727231,0.0,,0.0,-1771.34,
LinkedIn,2025-11-09,1582.53,51184,289,1,25.65,24435,0,0.0056462957174116,0.0034602076124567,1582.53,0.0162082235407859,-1556.88,-60.69707602339181
LinkedIn,2025-11-10,5517.38,276262,2221,12,822.17,133775,32548,0.0080394697786883,0.0054029716343989,459.7816666666667,0.1490145685089662,-4695.21,-5.710753250544292
LinkedIn,2025-11-11,337.33000000000004,10360,85,0,0.0,6485,0,0.0082046332046332,0.0,,0.0,-337.33000000000004,
LinkedIn,2025-11-12,5275.94,226362,1831,23,674.82,124198,0,0.0080888134934308,0.0125614418350628,229.3886956521739,0.1279051695053393,-4601.12,-6.818292285350167
LinkedIn,2025-11-13,8044.309999999999,309468,2291,15,148.87,164775,18275,0.0074030271304302,0.0065473592317765,536.2873333333333,0.0185062485160318,-7895.44,-53.03580304964062
LinkedIn,2025-11-14,636.29,33143,294,1,95.25,18942,0,0.0088706514196059,0.0034013605442176,636.29,0.1496958933819485,-541.04,-5.68020997375328
LinkedIn,2025-11-15,1637.63,60490,510,2,332.8,33104,0,0.008431145643908,0.0039215686274509,818.815,0.2032205076848861,-1304.8300000000002,-3.9207632211538463
LinkedIn,2025-11-16,4518.95,211514,1531,54,1681.6,101024,0,0.0072382915551689,0.0352710646636185,83.68425925925925,0.3721218424634041,-2837.3499999999995,-1.68729186489058
LinkedIn,2025-11-17,9449.87,466610,3200,15,1437.38,221694,50405,0.0068579756113242,0.0046875,629.9913333333334,0.1521057961643916,-8012.490000000001,-5.574371425788588
LinkedIn,2025-11-18,4518.09,232060,2419,9,1255.98,123458,0,0.0104240282685512,0.003720545680033,502.01,0.2779891502825309,-3262.11,-2.597262695265848
LinkedIn,2025-11-19,6460.38,188292,1497,1,325.23,103424,6795,0.0079504174367471,0.0006680026720106,6460.38,0.0503422399301589,-6135.15,-18.86403468314731
LinkedIn,2025-11-20,2912.31,88720,784,13,263.01,47581,0,0.0088367899008115,0.0165816326530612,224.0238461538461,0.0903097541127146,-2649.3,-10.073001026576938
LinkedIn,2025-11-21,1650.11,58188,475,2,31.83,31533,0,0.0081631951605141,0.0042105263157894,825.0550000000001,0.0192896231160346,-1618.2800000000002,-50.84134464341817
LinkedIn,2025-11-22,1204.45,52760,466,3,641.29,22766,1278,0.0088324488248673,0.0064377682403433,401.48333333333335,0.5324338909875876,-563.1600000000001,-0.8781674437461993
LinkedIn,2025-11-23,3932.26,163267,1343,8,983.61,80734,13999,0.0082257896574323,0.0059568131049888,491.5325,0.2501385971426101,-2948.65,-2.9977836744238058
LinkedIn,2025-11-24,611.26,29016,150,0,0.0,16627,367,0.0051695616211745,0.0,,0.0,-611.26,
LinkedIn,2025-11-25,5057.48,172394,1443,9,900.69,73969,7466,0.0083703609174333,0.0062370062370062,561.9422222222222,0.1780906696615706,-4156.789999999999,-4.615117298959685
LinkedIn,2025-11-26,1512.77,62926,485,0,0.0,36878,9027,0.0077074659123414,0.0,,0.0,-1512.77,
LinkedIn,2025-11-27,3840.7,117685,1041,16,211.08,57075,0,0.0088456472787526,0.0153698366954851,240.04375,0.0549587314812404,-3629.62,-17.195470911502746
LinkedIn,2025-11-28,2650.77,100066,932,16,380.83,48631,0,0.0093138528571143,0.0171673819742489,165.673125,0.1436676890111175,-2269.94,-5.960507312974293
LinkedIn,2025-11-29,2847.44,127716,1034,17,560.54,66687,14401,0.0080960881956841,0.0164410058027079,167.4964705882353,0.1968575281656505,-2286.9,-4.079815891818604
LinkedIn,2025-11-30,1990.8,76471,584,8,69.35,42850,0,0.007636881955251,0.0136986301369863,248.85,0.0348352421137231,-1921.4500000000005,-27.70656092285509
LinkedIn,2025-12-01,2168.24,67928,460,1,155.22,30579,0,0.0067718761041102,0.0021739130434782,2168.24,0.07158801608678,-2013.02,-12.96881845123051
LinkedIn,2025-12-02,7220.08,264014,1919,17,682.0699999999999,133318,0,0.0072685539403213,0.0088587806149035,424.7105882352941,0.0944684823436859,-6538.01,-9.585541073496856
LinkedIn,2025-12-03,1958.47,84428,617,2,201.87,44723,0,0.0073080020846164,0.0032414910858995,979.235,0.1030753598472277,-1756.6,-8.701639669093971
LinkedIn,2025-12-04,4832.27,203077,1396,21,904.56,126081,14367,0.0068742398203637,0.0150429799426934,230.10809523809525,0.1871915269635181,-3927.710000000001,-4.3421221367294605
LinkedIn,2025-12-05,743.88,24014,229,5,133.76,9729,0,0.0095361039393687,0.0218340611353711,148.776,0.179813948486315,-610.12,-4.561303827751196
LinkedIn,2025-12-06,4035.53,174929,1307,2,181.17,107908,18386,0.0074716027645501,0.0015302218821729,2017.765,0.0448937314305679,-3854.36,-21.274824750234583
LinkedIn,2025-12-07,1820.89,61871,381,2,215.29,27621,0,0.0061579738488144,0.0052493438320209,910.445,0.1182333913635639,-1605.6,-7.457847554461424
LinkedIn,2025-12-08,3188.1,139300,1094,10,253.53,69548,3022,0.0078535534816941,0.0091407678244972,318.81,0.0795238543333019,-2934.57,-11.574843213820849
LinkedIn,2025-12-09,2815.44,105675,703,1,13.65,48311,6139,0.0066524722025076,0.0014224751066856,2815.44,0.0048482652800272,-2801.79,-205.2593406593407
LinkedIn,2025-12-10,1584.16,84541,533,0,0.0,53477,9753,0.0063046332548704,0.0,,0.0,-1584.16,
LinkedIn,2025-12-11,1862.72,98959,719,10,338.12,51558,16831,0.0072656352630887,0.0139082058414464,186.272,0.181519498367978,-1524.6,-4.509050041405418
LinkedIn,2025-12-12,2934.76,96255,693,5,577.96,40945,738,0.0071996259934548,0.0072150072150072,586.952,0.1969360356553857,-2356.8,-4.077790850577895
LinkedIn,2025-12-13,2147.03,98629,785,23,1186.38,35258,0,0.007959119528739,0.0292993630573248,93.3491304347826,0.5525679659809133,-960.6499999999996,-0.8097321263001732
LinkedIn,2025-12-14,1414.8200000000002,56598,366,1,18.04,30333,4584,0.0064666595992791,0.0027322404371584,1414.8200000000002,0.0127507386098584,-1396.7800000000002,-77.42682926829269
LinkedIn,2025-12-15,1910.66,78560,406,1,28.26,42667,7132,0.0051680244399185,0.0024630541871921,1910.66,0.0147907005956057,-1882.4,-66.61004953998584
LinkedIn,2025-12-16,3202.81,129143,1101,8,135.36,67376,0,0.0085254330470873,0.0072661217075386,400.35125,0.0422628879015614,-3067.45,-22.66142139479905
LinkedIn,2025-12-17,4294.02,181455,1639,56,853.8,91487,10543,0.009032542503651,0.0341671751067724,76.67892857142859,0.1988346584319588,-3440.2200000000003,-4.029304286718202
LinkedIn,2025-12-18,231.22000000000003,8581,71,0,0.0,5445,0,0.0082740939284465,0.0,,0.0,-231.22000000000003,
LinkedIn,2025-12-19,502.84,29731,225,1,110.74,12642,3364,0.0075678584642292,0.0044444444444444,502.84,0.2202290987192745,-392.1,-3.540726024923244
LinkedIn,2025-12-20,3305.1800000000003,115357,701,3,550.63,53533,2445,0.0060767877111922,0.0042796005706134,1101.7266666666667,0.1665960704106886,-2754.55,-5.002542542178959
LinkedIn,2025-12-21,543.01,25895,192,1,20.52,10592,1094,0.0074145587951341,0.0052083333333333,543.01,0.0377893593119832,-522.49,-25.462475633528268
LinkedIn,2025-12-22,1060.38,34948,326,6,431.89,18970,934,0.0093281446720842,0.0184049079754601,176.73000000000002,0.4072973839566947,-628.4900000000001,-1.4552085021649035
LinkedIn,2025-12-23,5197.99,243877,1668,9,1043.4299999999998,126106,0,0.0068395133612435,0.0053956834532374,577.5544444444445,0.2007372080361832,-4154.56,-3.981637484066972
LinkedIn,2025-12-24,1115.6,35043,237,2,46.09,16968,3707,0.006763119595925,0.0084388185654008,557.8,0.0413140910720688,-1069.51,-23.20481666305055
LinkedIn,2025-12-25,1288.5500000000002,39767,287,3,38.28,20767,0,0.0072170392536525,0.0104529616724738,429.5166666666667,0.0297078111055061,-1250.2700000000002,-32.66118077324975
LinkedIn,2025-12-26,150.85,3654,16,0,0.0,1752,0,0.0043787629994526,0.0,,0.0,-150.85,
LinkedIn,2025-12-27,4304.79,247690,1810,28,917.47,111191,0,0.0073075214986475,0.0154696132596685,153.7425,0.2131277019320338,-3387.32,-3.692022627442858
LinkedIn,2025-12-28,3524.28,150213,972,22,941.88,62843,474,0.0064708114477442,0.022633744855967,160.19454545454548,0.2672545881712009,-2582.4,-2.7417505414702505
LinkedIn,2025-12-29,4609.44,201085,1339,13,231.63,118731,13060,0.0066588755998707,0.0097087378640776,354.5723076923077,0.0502512235759658,-4377.81,-18.9000129516902
LinkedIn,2025-12-30,2906.78,90855,800,4,1032.63,47603,0,0.0088052391172747,0.005,726.695,0.3552487632362958,-1874.15,-1.8149288709411888
LinkedIn,2025-12-31,606.06,35532,244,0,0.0,19477,0,0.0068670494202409,0.0,,0.0,-606.06,
Meta,2023-01-01,4216.29,500707,5254,24,294.53,264379,43483,0.0104931626679874,0.00456794822992,175.67875,0.0698552518920662,-3921.76,-13.31531592707025
Meta,2023-01-02,3700.7,521670,4483,9,325.72,261996,86687,0.0085935553127456,0.0020075842070042,411.18888888888887,0.0880157807982273,-3374.98,-10.361598919317204
Meta,2023-01-03,2487.94,407451,4915,93,3796.57,221435,41850,0.0120628001894706,0.0189216683621566,26.75204301075269,1.5259893727340692,1308.63,0.3446874415590915
Meta,2023-01-04,1917.13,206057,2018,36,718.6800000000001,84457,23639,0.0097934066787345,0.0178394449950445,53.25361111111111,0.3748728568224377,-1198.45,-1.6675711025769466
Meta,2023-01-05,2764.42,379385,4375,57,1088.64,178061,24487,0.0115318212370019,0.0130285714285714,48.49859649122807,0.393804125277635,-1675.7800000000002,-1.5393334803057028
Meta,2023-01-06,2702.74,447381,4896,33,755.65,234862,27418,0.0109436922891226,0.0067401960784313,81.90121212121211,0.2795866417043445,-1947.09,-2.5767087937537214
Meta,2023-01-07,3391.4500000000003,475258,5226,27,225.57,263320,2565,0.01099613262691,0.005166475315729,125.60925925925928,0.0665113741909802,-3165.88,-14.035022387728866
Meta,2023-01-08,232.86,42546,370,2,29.34,22266,7617,0.0086964697033798,0.0054054054054054,116.43,0.1259984540066993,-203.52,-6.936605316973415
Meta,2023-01-09,96.15,16831,187,2,93.59,8254,0,0.0111104509535975,0.0106951871657754,48.075,0.9733749349974,-2.5600000000000023,-0.0273533497168501
Meta,2023-01-10,437.42,63266,847,12,554.37,26793,6945,0.0133879176809028,0.0141676505312868,36.45166666666667,1.2673631749805678,116.95,0.2109601890434186
Meta,2023-01-11,2555.4700000000003,515935,6251,98,1316.07,258928,37954,0.0121158673088664,0.0156774916013437,26.07622448979592,0.5150011543864729,-1239.4000000000003,-0.9417432203454228
Meta,2023-01-12,2322.06,316665,3495,44,3118.4500000000003,145014,21250,0.0110369001942115,0.0125894134477825,52.77409090909091,1.3429670206626876,796.3900000000003,0.2553800766406389
Meta,2023-01-13,3839.2,438252,4430,27,651.96,234854,35773,0.0101083394941723,0.0060948081264108,142.19259259259258,0.1698166284642634,-3187.24,-4.888704828517087
Meta,2023-01-14,1569.95,195398,2249,35,1565.91,75340,23113,0.011509841451806,0.015562472209871,44.855714285714285,0.9974266696391604,-4.040000000000191,-0.0025799694746187
Meta,2023-01-15,746.04,139915,1002,5,80.48,82663,1723,0.0071614909051924,0.0049900199600798,149.208,0.1078762532840062,-665.56,-8.269880715705764
Meta,2023-01-16,4989.53,565679,6675,57,3941.98,313624,32110,0.0117999784329982,0.0085393258426966,87.53561403508772,0.7900503654652844,-1047.5499999999995,-0.2657420890009588
Meta,2023-01-17,744.9699999999999,122173,1268,5,368.58,72584,9627,0.0103787252502598,0.0039432176656151,148.99399999999997,0.4947581781816718,-376.38999999999993,-1.0211894297031852
Meta,2023-01-18,2121.31,389525,4603,92,2277.86,237248,2600,0.0118169565496437,0.0199869650228112,23.057717391304347,1.0737987375725375,156.55000000000018,0.0687267874232833
Meta,2023-01-19,2240.85,337884,3509,4,191.38,165819,12050,0.0103852209634075,0.0011399259048161,560.2125,0.0854050918178369,-2049.47,-10.708903751698193
Meta,2023-01-20,1316.31,141077,1664,11,775.71,85074,1980,0.0117949772110266,0.0066105769230769,119.66454545454545,0.5893064703603255,-540.5999999999999,-0.6969099276791583
Meta,2023-01-21,3821.13,395828,3543,26,794.92,233194,47227,0.0089508574431318,0.0073384137736381,146.96653846153848,0.2080327023681476,-3026.21,-3.80693654707392
Meta,2023-01-22,1325.41,139284,1458,29,1252.11,84930,10627,0.010467821142414,0.0198902606310013,45.70379310344828,0.9446963581080572,-73.29999999999995,-0.058541182483967
Meta,2023-01-23,781.81,124873,1159,1,0.0,53439,13503,0.0092814299328117,0.0008628127696289,781.81,0.0,-781.81,
Meta,2023-01-24,3912.53,711897,7554,6,86.02000000000001,374521,85969,0.0106110855924382,0.0007942811755361,652.0883333333334,0.0219857739109987,-3826.51,-44.48395721925134
Meta,2023-01-25,2872.18,423972,5394,88,3808.31,222102,2971,0.0127225382808298,0.0163144234334445,32.638409090909086,1.3259301297272457,936.1300000000006,0.2458124469909226
Meta,2023-01-26,2785.63,260558,3084,61,1518.44,133405,14751,0.0118361362921115,0.0197795071335927,45.66606557377049,0.5450975183351703,-1267.1899999999996,-0.8345341271304757
Meta,2023-01-27,1063.65,232394,1655,1,0.0,190499,45305,0.0071215263733142,0.0006042296072507,1063.65,0.0,-1063.65,
Meta,2023-01-28,2411.71,421071,4584,11,100.08,208996,20713,0.0108865250753435,0.0023996509598603,219.24636363636364,0.0414975266512142,-2311.63,-23.09782174260592
Meta,2023-01-29,4560.0,556157,5474,3,41.46,272355,48599,0.0098425444613661,0.0005480453050785,1520.0,0.0090921052631578,-4518.54,-108.98552821997106
Meta,2023-01-30,4822.63,710073,7176,30,1066.98,431104,43419,0.0101060031855879,0.0041806020066889,160.75433333333334,0.2212444247226098,-3755.65,-3.519887907927046
Meta,2023-01-31,3550.53,443030,5615,58,1600.34,175765,0,0.0126740852763921,0.0103294746215494,61.21603448275862,0.4507327075112729,-1950.1900000000005,-1.2186097954184738
Meta,2023-02-01,1948.23,423720,4412,8,176.79,216887,82284,0.0104125365807608,0.0018132366273798,243.52875,0.0907439060069909,-1771.44,-10.020023756999832
Meta,2023-02-02,939.59,99179,964,4,392.5,54363,5329,0.0097197995543411,0.0041493775933609,234.8975,0.4177353952255771,-547.09,-1.393859872611465
Meta,2023-02-03,1653.7,269429,2996,13,360.6,121558,0,0.011119812640807,0.0043391188251001,127.20769230769233,0.2180564794098083,-1293.1,-3.585967831392124
Meta,2023-02-04,1344.8,177297,2042,42,1047.99,91234,12067,0.0115173973614894,0.0205680705190989,32.01904761904762,0.7792906008328376,-296.80999999999995,-0.2832183513201461
Meta,2023-02-05,2631.9,369377,2647,13,958.91,148592,45061,0.0071661202511255,0.0049112202493388,202.45384615384617,0.3643413503552566,-1672.99,-1.7446788541156102
Meta,2023-02-06,3039.75,359581,3391,3,57.36,182878,36437,0.0094304204059725,0.0008846947803007,1013.25,0.0188699728596101,-2982.39,-51.99424686192469
Meta,2023-02-07,1524.5,215465,2684,49,744.82,107341,10135,0.0124567795233564,0.0182563338301043,31.112244897959183,0.48856674319449,-779.68,-1.0468032544775918
Meta,2023-02-08,3806.29,701812,6158,9,515.0699999999999,368655,96743,0.0087744296193282,0.001461513478402,422.9211111111111,0.1353207453977495,-3291.2200000000003,-6.389849923311396
Meta,2023-02-09,3081.06,464986,5780,114,5626.06,214092,61218,0.012430481777946,0.0197231833910034,27.02684210526316,1.82601442360746,2545.0000000000005,0.4523591998663363
Meta,2023-02-10,2813.46,429745,5173,111,3754.14,227781,53740,0.0120373709990808,0.0214575681422772,25.346486486486487,1.3343498752425835,940.6799999999998,0.2505713692083939
Meta,2023-02-11,1738.9,369279,4998,72,4176.29,160224,3917,0.0135344820582811,0.0144057623049219,24.15138888888889,2.4016849732589565,2437.39,0.5836256581798678
Meta,2023-02-12,1901.2,322914,3766,86,4415.05,133845,52695,0.0116625479229763,0.0228359001593202,22.10697674418605,2.322243845992005,2513.8500000000004,0.5693820002038482
Meta,2023-02-13,1104.21,149681,1439,1,0.0,69795,3695,0.009613778635899,0.0006949270326615,1104.21,0.0,-1104.21,
Meta,2023-02-14,1756.56,274068,4003,53,2885.72,126228,16451,0.0146058642380723,0.0132400699475393,33.142641509433965,1.6428246117411305,1129.16,0.391292294470704
Meta,2023-02-15,4056.78,753082,5921,2,0.0,408048,14545,0.0078623576184266,0.0003377807802736,2028.39,0.0,-4056.78,
Meta,2023-02-16,2335.15,258430,2334,3,50.51,125627,23749,0.0090314591959137,0.0012853470437017,778.3833333333333,0.0216303021219193,-2284.64,-45.23143931894674
Meta,2023-02-17,1215.61,158216,1388,8,366.98,96976,26334,0.0087728169085301,0.0057636887608069,151.95125000000002,0.3018895862982371,-848.6300000000001,-2.3124693443784405
Meta,2023-02-18,3660.99,690648,7311,25,896.97,306100,66731,0.0105857108107168,0.0034195048556968,146.43959999999998,0.24500749797186,-2764.0199999999995,-3.08150774273387
Meta,2023-02-19,2283.52,351301,3494,45,2898.13,166108,11792,0.0099458868605554,0.0128792215226101,50.74488888888889,1.269150259248879,614.6100000000001,0.212071232139345
Meta,2023-02-20,678.72,132939,1626,5,119.88,59142,0,0.0122311736962065,0.0030750307503075,135.744,0.1766265912305516,-558.84,-4.661661661661662
Meta,2023-02-21,2673.82,283236,3965,39,2155.61,126955,28321,0.01399892669011,0.0098360655737704,68.55948717948718,0.8061911422608853,-518.2099999999996,-0.2404006290562762
Meta,2023-02-22,464.68,88512,834,3,231.5,46543,2901,0.0094224511930585,0.0035971223021582,154.89333333333337,0.4981923043815098,-233.18,-1.007257019438445
Meta,2023-02-23,954.75,149579,1634,3,102.69,75275,14371,0.0109239933413112,0.0018359853121175,318.25,0.1075569520816967,-852.06,-8.29739994157172
Meta,2023-02-24,1197.34,132079,1287,4,193.65,63454,4489,0.0097441682629335,0.0031080031080031,299.33500000000004,0.1617335092789015,-1003.6900000000002,-5.18301058610896
Meta,2023-02-25,2704.43,544428,5236,12,427.89,240836,21977,0.0096174333428846,0.0022918258212375,225.36916666666664,0.1582181827593984,-2276.54,-5.320386080534717
Meta,2023-02-26,1347.49,178367,2156,20,760.43,94891,5413,0.0120874376986774,0.0092764378478664,67.3745,0.5643307185953143,-587.0600000000001,-0.7720105729652961
Meta,2023-02-27,1081.18,108337,1410,11,421.76,56783,10332,0.0130149441095839,0.0078014184397163,98.28909090909092,0.3900923065539503,-659.4200000000001,-1.5634958270106225
Meta,2023-02-28,1559.48,236185,2114,2,0.0,135857,32618,0.0089506107500476,0.0009460737937559,779.74,0.0,-1559.48,
Meta,2023-03-01,1949.41,303162,3997,52,910.14,146272,1176,0.0131843700727663,0.0130097573179884,37.488653846153845,0.4668797225827302,-1039.2699999999998,-1.1418792713208954
Meta,2023-03-02,1412.11,166998,2186,15,142.18,91283,996,0.0130899771254745,0.0068618481244281,94.14066666666668,0.1006862071651641,-1269.93,-8.931846954564636
Meta,2023-03-03,388.16,36585,528,0,0.0,16969,0,0.0144321443214432,0.0,,0.0,-388.16,
Meta,2023-03-04,4837.64,724127,7059,14,720.4100000000001,407447,100603,0.0097482900099015,0.0019832837512395,345.5457142857143,0.1489176540627248,-4117.2300000000005,-5.715120556349857
Meta,2023-03-05,1653.64,287101,2927,8,633.18,131605,51140,0.0101950184778179,0.0027331738981892,206.705,0.382900752279819,-1020.4600000000002,-1.6116428187877068
Meta,2023-03-06,391.02,42655,436,5,56.55,18031,7847,0.0102215449536982,0.0114678899082568,78.204,0.1446217584778272,-334.47,-5.914588859416446
Meta,2023-03-07,1261.09,118964,2132,41,1979.81,74719,4661,0.0179213879829192,0.0192307692307692,30.75829268292683,1.569919672664124,718.72,0.3630247346967638
Meta,2023-03-08,2580.82,308326,3652,83,2963.65,144550,13018,0.0118446060338732,0.0227272727272727,31.094216867469875,1.1483365751970305,382.8300000000004,0.1291751725068751
Meta,2023-03-09,4512.43,643554,7819,25,552.66,396507,93330,0.012149718593933,0.0031973398132753,180.4972,0.1224750300835691,-3959.77,-7.164929613143706
Meta,2023-03-10,173.74,26366,250,0,0.0,15408,2043,0.0094819085185466,0.0,,0.0,-173.74,
Meta,2023-03-11,1590.88,270457,3249,13,331.5,151057,5385,0.0120130002181492,0.0040012311480455,122.37538461538462,0.2083752388615106,-1259.38,-3.799034690799397
Meta,2023-03-12,1135.44,194683,2096,6,321.4,86979,0,0.010766219957572,0.0028625954198473,189.24,0.2830620728528147,-814.0400000000001,-2.5327940261356567
Meta,2023-03-13,1640.28,211086,1775,1,0.0,132674,22432,0.008408894952768,0.0005633802816901,1640.28,0.0,-1640.28,
Meta,2023-03-14,2304.42,444134,5920,103,6920.12,227927,33650,0.0133293105234005,0.0173986486486486,22.373009708737865,3.0029768878937,4615.7,0.6669971040964607
Meta,2023-03-15,1505.71,169698,2101,20,250.25,87218,18740,0.0123808176878926,0.0095192765349833,75.2855,0.1662006628102357,-1255.46,-5.016823176823177
Meta,2023-03-16,2045.83,232110,3690,81,3143.1800000000003,113715,16162,0.0158976347421481,0.0219512195121951,25.25716049382716,1.5363837660020627,1097.35,0.3491209539383682
Meta,2023-03-17,1738.72,288147,3230,56,1107.88,135000,59794,0.0112095562334502,0.0173374613003096,31.048571428571428,0.6371813748044539,-630.8399999999999,-0.5694118496588076
Meta,2023-03-18,1722.37,230518,2735,21,1009.3,116236,6266,0.0118645832429571,0.0076782449725776,82.01761904761904,0.5859948791490794,-713.0699999999999,-0.7064995541464381
Meta,2023-03-19,1644.39,240733,2527,6,117.42,127911,28440,0.0104971067531248,0.002374356944994,274.065,0.0714064181854669,-1526.97,-13.004343382728669
Meta,2023-03-20,2635.01,398106,4077,12,426.79,250685,16389,0.0102409910928245,0.002943340691685,219.58416666666668,0.1619690247854846,-2208.2200000000003,-5.1740200098409055
Meta,2023-03-21,1586.54,236137,2475,7,283.25,156660,9376,0.0104812037080169,0.0028282828282828,226.64857142857144,0.1785331602102688,-1303.29,-4.601200353045013
Meta,2023-03-22,2403.71,309199,3786,27,1253.22,174066,4337,0.012244541541208,0.0071315372424722,89.0262962962963,0.5213690503430114,-1150.49,-0.9180271620306092
Meta,2023-03-23,372.96,38969,381,0,0.0,17873,0,0.0097770022325438,0.0,,0.0,-372.96,
Meta,2023-03-24,132.53,15802,120,0,0.0,6668,3075,0.007593975446146,0.0,,0.0,-132.53,
Meta,2023-03-25,1708.01,256062,2356,2,0.0,158362,2907,0.0092008966578406,0.0008488964346349,854.005,0.0,-1708.01,
Meta,2023-03-26,1330.72,166921,1557,15,505.26,74459,8523,0.0093277658293444,0.0096339113680154,88.71466666666667,0.3796891908139954,-825.46,-1.6337331274987137
Meta,2023-03-27,817.34,96291,1192,23,973.37,35887,6612,0.012379142391293,0.0192953020134228,35.53652173913044,1.190899747962904,156.02999999999997,0.1602987558687857
Meta,2023-03-28,3890.39,591900,5858,3,0.0,319333,84825,0.0098969420510221,0.0005121201775349,1296.7966666666666,0.0,-3890.39,
Meta,2023-03-29,2101.95,290797,3086,4,104.43,191395,0,0.010612214018714,0.001296176279974,525.4875,0.0496824377363876,-1997.52,-19.12783682849756
Meta,2023-03-30,1893.86,208508,1986,6,520.69,101003,35396,0.0095248143956107,0.0030211480362537,315.6433333333334,0.2749358453106354,-1373.17,-2.6372121607866483
Meta,2023-03-31,2152.28,412435,5046,71,3949.97,166609,18807,0.0122346551577824,0.0140705509314308,30.313802816901404,1.8352491311539392,1797.69,0.4551148489735365
Meta,2023-04-01,4047.08,433631,4046,4,53.03,217000,12172,0.0093305137317212,0.0009886307464162,1011.77,0.0131032744596103,-3994.05,-75.31680181029606
Meta,2023-04-02,5445.06,782509,7833,52,2616.88,384603,46659,0.010010108509934,0.0066385803651219,104.71269230769232,0.4805970916757573,-2828.1800000000007,-1.080745009324081
Meta,2023-04-03,1919.07,324574,3668,59,1167.35,157966,37281,0.0113009668057207,0.0160850599781897,32.526610169491526,0.6082894318602239,-751.72,-0.6439542553647151
Meta,2023-04-04,2709.31,498722,5447,5,0.0,239103,22590,0.0109219164183653,0.0009179364787956,541.862,0.0,-2709.31,
Meta,2023-04-05,821.79,127253,1214,2,58.96,66629,18104,0.0095400501363425,0.0016474464579901,410.895,0.0717458231421652,-762.8299999999999,-12.938093622795114
Meta,2023-04-06,2437.88,302906,3146,56,709.71,215451,16141,0.0103860603619604,0.017800381436745,43.53357142857143,0.291117692421284,-1728.17,-2.435036846035705
Meta,2023-04-07,528.29,79787,772,1,0.0,43881,9616,0.0096757617155676,0.0012953367875647,528.29,0.0,-528.29,
Meta,2023-04-08,2304.71,292266,4254,76,4792.67,149745,5932,0.0145552339307343,0.0178655383168782,30.325131578947367,2.079511088162936,2487.96,0.5191177360427486
Meta,2023-04-09,1888.7,243668,2490,18,338.53,131413,6627,0.0102188223320255,0.0072289156626506,104.92777777777776,0.1792396886747498,-1550.1699999999998,-4.579121495879242
Meta,2023-04-10,3470.86,462089,4956,99,4721.56,191708,32152,0.0107252066160414,0.0199757869249394,35.05919191919192,1.3603429697538938,1250.6999999999998,0.2648912647514804
Meta,2023-04-11,1971.49,282654,2963,1,0.0,158276,28770,0.0104827810680195,0.0003374957813027,1971.49,0.0,-1971.49,
Meta,2023-04-12,969.4,147440,1845,15,611.8100000000001,69090,3453,0.0125135648399348,0.008130081300813,64.62666666666668,0.6311223437177635,-357.59000000000003,-0.5844788414703911
Meta,2023-04-13,3066.79,499081,5665,40,478.12,228806,35053,0.0113508628859844,0.0070609002647837,76.66975,0.1559024256633157,-2588.67,-5.414268384505982
Meta,2023-04-14,517.12,58546,587,0,0.0,34906,9370,0.0100263041027568,0.0,,0.0,-517.12,
Meta,2023-04-15,2789.73,455114,4942,25,1044.34,226380,30380,0.0108588177907073,0.0050586806960744,111.5892,0.3743516397644216,-1745.39,-1.671285213627746
Meta,2023-04-16,852.34,144766,1430,6,318.96,77414,15133,0.0098780100299794,0.0041958041958041,142.05666666666667,0.3742168618157073,-533.3800000000001,-1.672247303737146
Meta,2023-04-17,682.3,75441,990,21,1013.1,37283,3113,0.0131228377142402,0.0212121212121212,32.49047619047619,1.4848307196247983,330.79999999999995,0.3265225545355838
Meta,2023-04-18,5231.56,569111,6181,21,543.37,284485,88580,0.0108607986842637,0.0033975084937712,249.1219047619048,0.1038638570521985,-4688.1900000000005,-8.627988295268418
Meta,2023-04-19,2686.26,308623,3497,4,0.0,136648,26037,0.0113309766284431,0.0011438375750643,671.5649999999999,0.0,-2686.26,
Meta,2023-04-20,125.75,12229,114,0,0.0,7662,776,0.0093221031973178,0.0,,0.0,-125.75,
Meta,2023-04-21,2362.43,374508,4757,104,1880.52,166031,16378,0.0127019983551753,0.0218625183939457,22.715673076923075,0.7960108870950674,-481.9099999999999,-0.2562642247888881
Meta,2023-04-22,956.01,116060,1379,30,1176.6,50292,13449,0.011881785283474,0.0217548948513415,31.867,1.2307402642231775,220.58999999999992,0.1874808771035185
Meta,2023-04-23,4364.82,614840,6248,53,1827.65,270829,48507,0.0101619933641272,0.0084827144686299,82.35509433962264,0.4187228797522005,-2537.17,-1.3882143736492214
Meta,2023-04-24,2489.36,351849,4343,40,3088.27,188652,16789,0.0123433632041017,0.0092102233479161,62.234,1.2405879422823538,598.9100000000003,0.1939305824944063
Meta,2023-04-25,2023.1,268383,3413,75,2501.42,132693,15100,0.0127169008469239,0.0219748022267799,26.974666666666664,1.2364292422519896,478.32000000000016,0.1912193873879637
Meta,2023-04-26,1944.84,246823,2759,54,1465.62,124849,39118,0.0111780506678875,0.0195723088075389,36.01555555555555,0.7535941259949405,-479.22,-0.326974249805543
Meta,2023-04-27,3006.41,460171,6123,75,4911.48,227904,69216,0.0133059232328851,0.012248897599216,40.08546666666666,1.6336693930634876,1905.07,0.3878810460390757
Meta,2023-04-28,2073.23,338766,4018,15,366.19,150598,72719,0.011860694402626,0.003733200597312,138.21533333333335,0.1766277740530476,-1707.04,-4.6616237472350415
Meta,2023-04-29,1334.47,242232,2344,15,822.39,133341,23116,0.0096766736021665,0.0063993174061433,88.96466666666667,0.6162671322697401,-512.08,-0.6226729410620266
Meta,2023-04-30,1675.39,179291,2198,22,1468.94,85617,14369,0.0122593995236793,0.0100090991810737,76.1540909090909,0.8767749598600924,-206.44999999999985,-0.1405435211785367
Meta,2023-05-01,2189.79,343287,3650,23,649.05,191412,26301,0.0106325028329065,0.0063013698630136,95.20826086956522,0.2963982847670324,-1540.74,-2.373838687312226
Meta,2023-05-02,2606.92,455417,4941,8,324.7,253248,62740,0.0108493973654914,0.001619105444242,325.865,0.1245531124852316,-2282.2200000000003,-7.028703418540192
Meta,2023-05-03,2947.57,276985,2774,6,142.43,160204,39925,0.0100149827607993,0.0021629416005767,491.2616666666667,0.0483211594635581,-2805.1400000000003,-19.69486765428632
Meta,2023-05-04,1940.7,216193,2455,25,1153.65,96550,14749,0.0113555943069387,0.010183299389002,77.628,0.5944504560210234,-787.05,-0.6822259784163307
Meta,2023-05-05,1433.54,243214,3418,71,2376.24,109249,47952,0.0140534673168485,0.0207723815096547,20.19070422535211,1.657602857262441,942.6999999999998,0.3967191866141467
Meta,2023-05-06,860.71,71410,1012,18,265.32,32208,0,0.0141716846380058,0.0177865612648221,47.81722222222223,0.3082571365500575,-595.3900000000001,-2.2440449268807483
Meta,2023-05-07,1925.76,262476,2295,19,231.69,122254,37179,0.0087436565628857,0.0082788671023965,101.35578947368424,0.1203109421734795,-1694.0700000000002,-7.311795934222453
Meta,2023-05-08,3287.9,415286,4317,5,80.31,201654,23071,0.0103952456861054,0.0011582117211026,657.58,0.0244259253626935,-3207.59,-39.94010708504545
Meta,2023-05-09,1782.97,142402,1636,4,85.94,73477,15333,0.0114886026881644,0.0024449877750611,445.7425,0.0482004744891949,-1697.03,-19.746683732836864
Meta,2023-05-10,2011.19,207792,2311,27,1178.0,90302,23984,0.0111216986216986,0.0116832540025962,74.48851851851852,0.5857228804836937,-833.19,-0.7072920203735145
Meta,2023-05-11,3678.63,547000,7535,61,3114.01,312044,16562,0.0137751371115173,0.0080955540809555,60.30540983606558,0.8465135118236953,-564.6199999999999,-0.1813160522927029
Meta,2023-05-12,454.72,54111,801,1,0.0,28454,0,0.0148029051394356,0.0012484394506866,454.72,0.0,-454.72,
Meta,2023-05-13,787.47,158496,1433,11,704.91,82603,18328,0.0090412376337573,0.0076762037683182,71.58818181818182,0.8951579107775534,-82.56000000000006,-0.1171213346384645
Meta,2023-05-14,2344.2,323448,3546,41,2868.4700000000003,138945,4794,0.0109631223566075,0.0115623237450648,57.17560975609756,1.2236455933794046,524.2700000000004,0.182769908696971
Meta,2023-05-15,1213.41,168619,1791,9,262.19,82854,10597,0.0106215788256364,0.0050251256281407,134.82333333333332,0.2160770061232395,-951.2199999999998,-3.627979709371066
Meta,2023-05-16,1790.67,235503,2774,22,276.01,116909,0,0.0117790431544396,0.0079307858687815,81.3940909090909,0.1541378366756577,-1514.66,-5.487699721024601
Meta,2023-05-17,2859.09,459870,5507,20,957.22,222972,12151,0.0119751234044403,0.0036317414200108,142.9545,0.3347988345942241,-1901.87,-1.9868682225611665
Meta,2023-05-18,3318.84,452963,4571,74,2924.23,228013,81600,0.0100913319630963,0.0161890177204112,44.84918918918919,0.8811000228995672,-394.6100000000001,-0.1349449256727412
Meta,2023-05-19,912.34,85702,870,8,755.6,57974,9034,0.0101514550418893,0.0091954022988505,114.0425,0.8282000131529912,-156.74,-0.2074377977766013
Meta,2023-05-20,462.14,62515,859,9,214.13,26036,8920,0.0137407022314644,0.0104772991850989,51.34888888888889,0.463344441078461,-248.01,-1.1582216410591697
Meta,2023-05-21,2848.49,360921,3416,22,1334.2,189989,35765,0.0094646750951039,0.0064402810304449,129.47681818181815,0.4683885146165161,-1514.2899999999995,-1.1349797631539498
Meta,2023-05-22,1494.45,174779,2056,25,227.62,101940,0,0.0117634269563277,0.0121595330739299,59.778,0.1523102144601693,-1266.83,-5.565547842896055
Meta,2023-05-23,2523.59,448316,6448,59,723.46,223294,42562,0.0143827121940773,0.0091501240694789,42.77271186440678,0.2866788979192341,-1800.13,-2.488223260442872
Meta,2023-05-24,1255.86,140352,2081,36,1361.85,68285,1916,0.0148270063839489,0.0172993753003363,34.885000000000005,1.0843963499116145,105.98999999999978,0.0778279546205527
Meta,2023-05-25,3331.16,531731,6692,80,1078.81,246940,10393,0.0125853109937167,0.0119545726240286,41.6395,0.3238541529076958,-2252.35,-2.0878097162614364
Meta,2023-05-26,2885.94,282231,3295,60,841.34,122227,27960,0.0116748337354861,0.0182094081942336,48.099,0.2915306624531348,-2044.6,-2.4301709178215702
Meta,2023-05-27,2618.8,362188,3836,12,407.65,168100,35541,0.0105911846886147,0.0031282586027111,218.2333333333333,0.1556628990377271,-2211.15,-5.424138353980131
Meta,2023-05-28,2362.6,315361,3761,49,1175.96,125829,7303,0.0119260149479485,0.0130284498803509,48.21632653061224,0.4977397782104461,-1186.64,-1.009081941562638
Meta,2023-05-29,839.19,83111,801,11,752.67,44017,509,0.0096377134194029,0.013732833957553,76.29,0.8969005827047509,-86.5200000000001,-0.1149507752401452
Meta,2023-05-30,3120.3,439641,4242,1,0.0,216607,74874,0.0096487816195486,0.0002357378595002,3120.3,0.0,-3120.3,
Meta,2023-05-31,2312.46,405427,4457,61,2575.52,212507,40184,0.0109933477543429,0.013686336100516,37.90918032786885,1.113757643375453,263.05999999999995,0.1021385972541467
Meta,2023-06-01,1916.47,265725,2898,4,232.05,143161,25726,0.0109060118543607,0.0013802622498274,479.1175,0.1210819892823785,-1684.42,-7.258866623572506
Meta,2023-06-02,5980.82,954039,9951,103,2195.01,450887,156176,0.0104303912104222,0.0103507185207516,58.066213592233005,0.3670082028885671,-3785.81,-1.7247347392494792
Meta,2023-06-03,1393.99,190364,1809,11,428.72,102016,9081,0.0095028471769872,0.0060807075732448,126.72636363636364,0.3075488346401337,-965.27,-2.251516141071096
Meta,2023-06-04,1972.78,204425,2194,3,0.0,106881,23255,0.0107325424972483,0.0013673655423883,657.5933333333334,0.0,-1972.78,
Meta,2023-06-05,1965.94,272432,2733,5,232.66,158947,26672,0.0100318611616843,0.0018294914013904,393.188,0.1183454225459576,-1733.28,-7.449840969655291
Meta,2023-06-06,3875.69,656533,8015,80,4807.42,361020,100117,0.0122080687490194,0.0099812850904553,48.446125,1.2404036442543134,931.73,0.1938108174447
Meta,2023-06-07,1844.25,242189,2565,8,257.88,130497,17472,0.0105909021466705,0.0031189083820662,230.53125,0.1398291988613257,-1586.37,-6.151582131223825
Meta,2023-06-08,2136.66,354656,3666,18,288.93,174266,66053,0.0103367770459261,0.0049099836333878,118.70333333333332,0.1352250709050574,-1847.73,-6.39507839269027
Meta,2023-06-09,1601.13,246142,2804,8,240.45,129341,3075,0.0113917982302898,0.0028530670470756,200.14125,0.1501751887729291,-1360.68,-5.658889582033687
Meta,2023-06-10,304.0,40079,342,4,55.19,18775,3209,0.0085331470346066,0.0116959064327485,76.0,0.1815460526315789,-248.81,-4.508244247146222
Meta,2023-06-11,1446.42,323065,3943,32,1838.58,162943,9355,0.0122049742311918,0.0081156479837687,45.200625,1.2711245696270792,392.1599999999999,0.2132950429135527
Meta,2023-06-12,2029.75,355211,3380,14,476.8,196392,20594,0.0095154710861994,0.0041420118343195,144.98214285714286,0.2349057765734696,-1552.95,-3.25702600671141
Meta,2023-06-13,618.02,63904,732,1,91.72,47360,504,0.0114546820230345,0.0013661202185792,618.02,0.1484094365878127,-526.3,-5.738116005233318
Meta,2023-06-14,1396.02,297625,3662,4,148.91,169899,6505,0.0123040739185216,0.0010922992900054,349.005,0.1066675262532055,-1247.11,-8.374924451010678
Meta,2023-06-15,1200.56,154106,1454,32,457.07,77464,6191,0.0094350641766057,0.0220082530949105,37.5175,0.3807140001332711,-743.49,-1.6266436213271491
Meta,2023-06-16,2558.24,316320,3031,19,802.75,161753,33155,0.0095820687910976,0.0062685582316067,134.6442105263158,0.3137899493401714,-1755.4899999999998,-2.18684521955777
Meta,2023-06-17,2316.36,361801,4278,67,2599.59,159317,25932,0.0118241795904378,0.0156615240766713,34.57253731343284,1.1222737398331866,283.23,0.1089517962447924
Meta,2023-06-18,1693.87,313626,2057,10,147.13,131760,42770,0.0065587674491273,0.004861448711716,169.387,0.0868602667264902,-1546.7400000000002,-10.512743831985322
Meta,2023-06-19,5277.54,691625,6854,121,3419.04,329640,77545,0.0099099945779866,0.0176539247154946,43.61603305785124,0.6478472924885458,-1858.5,-0.5435736347044785
Meta,2023-06-20,2989.79,448127,5259,78,2791.66,203472,8322,0.0117355124774896,0.0148317170564746,38.33064102564102,0.9337311316179396,-198.1300000000001,-0.0709721097841428
Meta,2023-06-21,1023.23,154971,1985,1,18.84,86688,0,0.0128088481070651,0.0005037783375314,1023.23,0.0184122826734947,-1004.39,-53.3115711252654
Meta,2023-06-22,488.46,88395,618,1,56.02,66787,10812,0.0069913456643475,0.0016181229773462,488.46,0.1146869753920484,-432.44000000000005,-7.719385933595145
Meta,2023-06-23,1463.11,265305,2894,63,2333.24,148775,18062,0.0109081999962307,0.0217691776088458,23.22396825396825,1.5947126326797023,870.1299999999997,0.3729277742538271
Meta,2023-06-24,564.67,59482,719,13,550.2,29301,5905,0.0120876903937325,0.0180806675938803,43.43615384615384,0.9743744133741832,-14.469999999999914,-0.0262995274445654
Meta,2023-06-25,1388.85,156389,1284,12,620.8499999999999,83036,9667,0.0082102961205711,0.0093457943925233,115.7375,0.4470245166864672,-768.0,-1.2370137714423777
Meta,2023-06-26,1854.64,203298,1892,6,123.66,102788,33377,0.0093065352339914,0.0031712473572938,309.1066666666666,0.0666760125954363,-1730.9799999999998,-13.997897460779557
Meta,2023-06-27,698.14,119497,1434,16,962.74,54311,12320,0.0120003012627932,0.0111576011157601,43.63375,1.3790070759446529,264.6,0.2748405592371772
Meta,2023-06-28,1876.81,309345,2804,7,121.75,169199,31234,0.0090643133071489,0.0024964336661911,268.11571428571426,0.0648707114731912,-1755.06,-14.415277207392196
Meta,2023-06-29,1193.18,152939,1496,2,71.36,76579,5488,0.0097816776623359,0.0013368983957219,596.59,0.059806567324293,-1121.8200000000002,-15.720571748878926
Meta,2023-06-30,2089.1800000000003,212919,1804,20,705.87,111652,8924,0.0084727055828742,0.0110864745011086,104.45900000000002,0.3378694033065604,-1383.3100000000004,-1.9597234618272488
Meta,2023-07-01,3994.6,553805,5207,25,382.36,303365,27848,0.009402226415435,0.0048012291146533,159.784,0.0957192209482801,-3612.24,-9.447222512815149
Meta,2023-07-02,1514.97,167149,1348,1,0.0,86793,28480,0.008064660871438,0.0007418397626112,1514.97,0.0,-1514.97,
Meta,2023-07-03,4366.610000000001,464492,4020,7,364.37,228782,0,0.0086546162258984,0.0017412935323383,623.8014285714287,0.0834445943191629,-4002.2400000000007,-10.983999780442955
Meta,2023-07-04,1985.7,186605,1693,2,0.0,97457,23895,0.009072640068594,0.0011813349084465,992.85,0.0,-1985.7,
Meta,2023-07-05,2607.18,315390,3309,43,1059.88,166320,32574,0.0104917720916959,0.0129948624962224,60.63209302325581,0.4065235235004872,-1547.2999999999995,-1.459882250820847
Meta,2023-07-06,3098.32,607066,6663,35,1596.35,329353,53656,0.0109757423410304,0.0052528890889989,88.52342857142857,0.5152308347749749,-1501.9699999999998,-0.9408776270867916
Meta,2023-07-07,2091.65,397104,4984,71,5431.9400000000005,180013,48725,0.0125508682863934,0.0142455858747993,29.45985915492958,2.59696411923601,3340.2900000000004,0.6149349956000987
Meta,2023-07-08,2265.79,330347,3629,73,2170.56,132632,35259,0.0109854183631151,0.0201157343620832,31.03821917808219,0.9579705091822278,-95.23000000000002,-0.0438734704408079
Meta,2023-07-09,1683.32,224384,2065,9,211.95,134109,22728,0.0092029734740444,0.0043583535108958,187.0355555555556,0.1259118884109973,-1471.37,-6.942061807029959
Meta,2023-07-10,673.7099999999999,85656,854,4,149.68,33037,11802,0.0099701130101802,0.0046838407494145,168.42749999999998,0.2221727449496074,-524.03,-3.501002137894174
Meta,2023-07-11,4883.55,683676,6494,34,1858.97,297825,50979,0.0094986514079768,0.0052356020942408,143.63382352941176,0.3806595611798793,-3024.58,-1.627019263355514
Meta,2023-07-12,3625.91,387754,3339,18,599.0699999999999,187108,25895,0.008611129736895,0.0053908355795148,201.43944444444443,0.1652192139352603,-3026.84,-5.052564808786954
Meta,2023-07-13,1987.78,338417,3805,24,462.34,170343,5982,0.0112435250002216,0.0063074901445466,82.82416666666667,0.232591131815392,-1525.44,-3.2993900592637457
Meta,2023-07-14,2595.82,284944,3520,36,2792.15,156239,22026,0.0123533045089561,0.0102272727272727,72.1061111111111,1.0756331332681002,196.33,0.0703149902404956
Meta,2023-07-15,3126.22,475748,4367,9,496.58,232124,24311,0.0091792293399026,0.0020609113808106,347.35777777777776,0.1588435874634542,-2629.64,-5.295501228402271
Meta,2023-07-16,2496.61,299533,2898,23,1727.75,142753,6151,0.0096750608447149,0.0079365079365079,108.5482608695652,0.6920384040759271,-768.8599999999997,-0.4450065113587033
Meta,2023-07-17,769.79,117718,1189,4,167.98,61166,2116,0.0101004094530997,0.0033641715727502,192.4475,0.2182153574351446,-601.81,-3.582628884390999
Meta,2023-07-18,4725.37,577276,5437,25,1395.4,287314,26734,0.0094183718013567,0.0045981239654221,189.0148,0.2952996273307698,-3329.97,-2.386390998996703
Meta,2023-07-19,2751.02,349267,4564,60,3689.25,200776,0,0.0130673667996117,0.0131463628396143,45.85033333333333,1.3410480476332416,938.23,0.2543145625804703
Meta,2023-07-20,963.76,82255,1010,12,347.2,49032,2978,0.0122788888213482,0.0118811881188118,80.31333333333333,0.3602556653108658,-616.56,-1.775806451612903
Meta,2023-07-21,953.87,90788,959,6,50.88,40750,4305,0.0105630700092523,0.0062565172054223,158.97833333333332,0.0533406019688217,-902.99,-17.74744496855346
Meta,2023-07-22,720.35,140999,2177,45,2411.07,70235,0,0.0154398258143674,0.0206706476802939,16.00777777777778,3.347081279933366,1690.7200000000005,0.7012322329919911
Meta,2023-07-23,3572.07,640533,5798,55,1182.27,344583,28992,0.0090518365174003,0.0094860296654018,64.94672727272727,0.3309761566822598,-2389.8,-2.021365677890837
Meta,2023-07-24,799.73,147117,1431,2,81.08,69022,4815,0.0097269520177817,0.0013976240391334,399.865,0.1013842171732959,-718.65,-8.863468179575728
Meta,2023-07-25,2686.42,413703,4753,6,246.8,230016,72025,0.0114889183786436,0.0012623606143488,447.7366666666667,0.0918694768502319,-2439.62,-9.885008103727714
Meta,2023-07-26,566.4200000000001,83823,1121,1,0.0,45555,11725,0.0133734177970246,0.0008920606601248,566.4200000000001,0.0,-566.4200000000001,
Meta,2023-07-27,1191.32,148140,1417,4,164.5,67219,21861,0.0095652760901849,0.0028228652081863,297.83,0.1380821273881073,-1026.82,-6.242066869300912
Meta,2023-07-28,2201.76,273603,2729,46,555.48,140844,0,0.0099743058372897,0.0168559912055698,47.86434782608695,0.2522890778286462,-1646.2799999999995,-2.963707064160725
Meta,2023-07-29,3577.3500000000004,433080,3794,2,0.0,241757,41793,0.0087605061420522,0.0005271481286241,1788.6750000000002,0.0,-3577.3500000000004,
Meta,2023-07-30,3269.75,384952,2976,13,373.04,166586,40381,0.0077308339741058,0.0043682795698924,251.5192307692308,0.1140882330453398,-2896.71,-7.765145828865538
Meta,2023-07-31,1645.89,200106,1776,15,206.82,87365,15413,0.0088752960930706,0.0084459459459459,109.72599999999998,0.1256584583416874,-1439.07,-6.958079489411082
Meta,2023-08-01,1561.42,318457,4175,37,2167.05,145072,0,0.0131100902162615,0.0088622754491017,42.200540540540544,1.3878712966402378,605.6300000000001,0.2794720933988602
Meta,2023-08-02,1500.01,180364,1552,1,0.0,96515,23444,0.0086048213612472,0.0006443298969072,1500.01,0.0,-1500.01,
Meta,2023-08-03,4174.07,463098,6400,58,4075.11,204397,60461,0.0138199689914445,0.0090625,71.96672413793102,0.976291724863263,-98.96000000000004,-0.0242840070574782
Meta,2023-08-04,1144.09,145755,1556,23,302.21,74645,6197,0.0106754485266371,0.0147814910025706,49.74304347826087,0.2641487994825582,-841.8799999999999,-2.7857450117467986
Meta,2023-08-05,1080.67,137793,1533,15,300.8,70482,5522,0.0111253837277655,0.009784735812133,72.04466666666667,0.2783458410060425,-779.8700000000001,-2.592652925531916
Meta,2023-08-06,1578.94,129338,1328,6,219.69,67655,4571,0.010267670754148,0.0045180722891566,263.1566666666667,0.1391376493090301,-1359.25,-6.187127315763121
Meta,2023-08-07,2475.11,343201,3784,37,436.47,188274,68204,0.0110256088997409,0.0097780126849894,66.89486486486487,0.1763436776547304,-2038.64,-4.670744839278759
Meta,2023-08-08,2752.11,442301,4512,23,775.52,201294,64327,0.0102011978268192,0.0050975177304964,119.65695652173912,0.2817910621305107,-1976.59,-2.5487285950072214
Meta,2023-08-09,3336.2,510966,4611,1,0.0,259978,23193,0.009024083794225,0.0002168726957276,3336.2,0.0,-3336.2,
Meta,2023-08-10,2708.27,290191,3343,11,456.46,179978,27087,0.011519998897278,0.003290457672749,246.20636363636365,0.1685430182367341,-2251.81,-4.933203347500328
Meta,2023-08-11,1867.35,274369,3570,20,1046.4,131482,4535,0.0130116740593871,0.0056022408963585,93.3675,0.5603662944814846,-820.9499999999998,-0.7845470183486236
Meta,2023-08-12,742.56,85484,968,2,134.02,36855,0,0.011323756492443,0.0020661157024793,371.28,0.1804837319543202,-608.54,-4.540665572302641
Meta,2023-08-13,351.66,38597,345,4,134.67,16715,1826,0.0089385185377101,0.0115942028985507,87.91499999999999,0.3829551271114144,-216.99,-1.6112719982178658
Meta,2023-08-14,4403.02,601521,5726,21,449.35,286208,90316,0.0095192021558682,0.0036674816625916,209.66761904761907,0.1020549531912187,-3953.670000000001,-8.798642483587404
Meta,2023-08-15,4259.95,834853,7676,33,2499.76,419068,11696,0.0091944330319229,0.0042991141219385,129.08939393939394,0.5868050094484678,-1760.1899999999996,-0.7041435977853872
Meta,2023-08-16,240.46,36572,394,0,0.0,18069,3643,0.0107732691676692,0.0,,0.0,-240.46,
Meta,2023-08-17,618.34,61289,808,17,1162.42,33670,1136,0.013183442379546,0.021039603960396,36.37294117647059,1.8799042597923472,544.08,0.4680580168957863
Meta,2023-08-18,1273.97,234882,2022,17,261.36,134639,9852,0.0086085779242342,0.0084075173095944,74.93941176470588,0.2051539675188583,-1012.61,-3.874387817569636
Meta,2023-08-19,1982.44,290745,3017,15,744.51,156451,32602,0.0103767906584808,0.0049718263175339,132.16266666666667,0.3755523496297492,-1237.93,-1.6627446239808734
Meta,2023-08-20,1182.09,230427,2153,1,0.0,115054,16511,0.0093435231114409,0.0004644681839294,1182.09,0.0,-1182.09,
Meta,2023-08-21,1230.28,160414,1434,9,334.89,88824,21609,0.0089393693817247,0.006276150627615,136.6977777777778,0.2722063270149885,-895.39,-2.673683896204724
Meta,2023-08-22,2666.84,401155,4275,3,0.0,204532,58627,0.0106567286958906,0.0007017543859649,888.9466666666667,0.0,-2666.84,
Meta,2023-08-23,1185.07,210762,2955,60,2673.96,85918,502,0.0140205539898084,0.0203045685279187,19.751166666666663,2.256373041254947,1488.89,0.556810872264357
Meta,2023-08-24,1935.09,255158,3005,20,841.95,137324,19523,0.01177701659364,0.0066555740432612,96.7545,0.4350960420445561,-1093.14,-1.298343132014965
Meta,2023-08-25,3594.38,460287,4815,33,1413.7,252403,75553,0.0104608646344563,0.0068535825545171,108.92060606060606,0.3933084426243191,-2180.6800000000003,-1.5425337766145577
Meta,2023-08-26,4523.22,844746,7765,16,251.35,472355,84362,0.0091921121852012,0.0020605280103026,282.70125,0.0555688204420744,-4271.87,-16.99570320270539
Meta,2023-08-27,1121.63,133778,1322,17,327.2,64545,4491,0.0098820433853099,0.0128593040847201,65.97823529411765,0.2917183028271354,-794.4300000000001,-2.427964547677262
Meta,2023-08-28,62.59,9056,93,0,0.0,3560,2348,0.0102694346289752,0.0,,0.0,-62.59,
Meta,2023-08-29,334.79999999999995,60603,470,2,18.17,25230,14055,0.0077553916472781,0.0042553191489361,167.39999999999998,0.0542712066905615,-316.62999999999994,-17.425976884975228
Meta,2023-08-30,1001.35,115743,912,0,0.0,45830,1217,0.0078795261916487,0.0,,0.0,-1001.35,
Meta,2023-08-31,2335.88,326118,3709,19,178.13,148328,9165,0.0113731839395556,0.0051226745753572,122.94105263157896,0.0762581981951127,-2157.75,-12.113344186829844
Meta,2023-09-01,1745.83,302261,3798,135,2542.31,159431,68377,0.0125652995259064,0.0355450236966824,12.932074074074071,1.4562185321594887,796.48,0.3132898820364157
Meta,2023-09-02,3664.24,506736,6296,113,6904.89,242560,57392,0.0124246155789207,0.0179479034307496,32.426902654867256,1.884398947667184,3240.65,0.4693268104198618
Meta,2023-09-03,1744.04,331884,3374,103,1693.11,161402,4422,0.0101662026491183,0.0305275637225844,16.932427184466018,0.9707976881264192,-50.92999999999984,-0.0300807389951035
Meta,2023-09-04,1884.24,273642,3711,70,4524.49,126842,13895,0.013561514679764,0.0188628402047965,26.91771428571429,2.401228081348448,2640.25,0.583546432857626
Meta,2023-09-05,3847.86,410311,4773,10,564.06,244047,27163,0.0116326396318889,0.0020951183741881,384.786,0.1465905724220735,-3283.8,-5.821721093500693
Meta,2023-09-06,1851.62,222046,2879,27,1511.19,109665,0,0.0129657818650189,0.0093782563390066,68.57851851851852,0.8161447813266222,-340.42999999999984,-0.2252727982583261
Meta,2023-09-07,3661.94,511012,7199,64,2608.15,273495,16240,0.014087731794948,0.0088901236282817,57.2178125,0.7122317678607514,-1053.79,-0.4040373444778866
Meta,2023-09-08,3202.55,545454,5562,25,550.21,255906,56632,0.0101970101970101,0.0044947860481841,128.102,0.1718037189114924,-2652.34,-4.820595772523219
Meta,2023-09-09,3508.56,470835,4868,29,718.72,228651,28429,0.01033907844574,0.0059572719802793,120.98482758620688,0.2048475727933967,-2789.84,-3.8816785396260016
Meta,2023-09-10,577.58,69603,826,6,210.23,32123,4861,0.0118673045702053,0.0072639225181598,96.26333333333334,0.3639842099795699,-367.35,-1.7473719259858251
Meta,2023-09-11,4522.21,656299,7973,51,3667.45,289911,28601,0.0121484262508399,0.0063965884861407,88.67078431372549,0.8109862213386818,-854.7599999999998,-0.233066572141406
Meta,2023-09-12,2602.03,504728,5634,15,476.78,258909,41258,0.0111624478927263,0.0026624068157614,173.46866666666665,0.1832338597172207,-2125.25,-4.457506606820756
Meta,2023-09-13,3295.9,431512,4876,35,524.35,210897,42994,0.0112998016277646,0.0071780147662018,94.16857142857144,0.1590915986528717,-2771.55,-5.285687041098503
Meta,2023-09-14,1199.03,186091,2076,7,216.87,82554,8275,0.0111558323615865,0.0033718689788053,171.29,0.1808712042234139,-982.16,-4.528796052934938
Meta,2023-09-15,3517.94,471773,5384,8,81.25,239001,14683,0.0114122681883024,0.0014858841010401,439.7425,0.0230959027157939,-3436.69,-42.29772307692308
Meta,2023-09-16,6251.4,830482,10811,121,8478.699999999999,470060,58362,0.0130177415043312,0.0111923041346776,51.66446280991735,1.356288191445116,2227.3,0.2626935733072286
Meta,2023-09-17,2468.47,308274,3171,32,680.4,152831,14352,0.0102863037427742,0.010091453800063,77.1396875,0.2756363253351266,-1788.0699999999997,-2.6279688418577303
Meta,2023-09-18,1257.45,131726,1389,8,480.23,78479,13715,0.0105446153378983,0.005759539236861,157.18125,0.3819078293371505,-777.22,-1.618432834266914
Meta,2023-09-19,1077.62,154211,2234,16,1167.93,65038,9934,0.0144866449215685,0.0071620411817367,67.35125,1.0838050518735731,90.31000000000016,0.0773248396736107
Meta,2023-09-20,2502.14,337697,4044,46,664.5999999999999,182994,18188,0.011975232234814,0.0113748763600395,54.39434782608696,0.2656126355839401,-1837.54,-2.764881131507674
Meta,2023-09-21,2991.82,483379,6090,10,48.18,240230,55245,0.0125988096297108,0.0016420361247947,299.182,0.0161039099945852,-2943.64,-61.096720630967205
Meta,2023-09-22,3750.91,524283,5676,10,443.94,310290,73078,0.0108262140866669,0.0017618040873854,375.091,0.1183552791189338,-3306.97,-7.44913727080236
Meta,2023-09-23,1841.67,190375,1887,12,1133.74,90172,23185,0.0099120157583716,0.0063593004769475,153.4725,0.6156043156482974,-707.9300000000001,-0.624420061036922
Meta,2023-09-24,1109.28,179460,2323,5,0.0,85927,6197,0.0129443887217207,0.0021523891519586,221.856,0.0,-1109.28,
Meta,2023-09-25,5377.51,924530,8204,31,349.72,408496,50537,0.0088736979870853,0.0037786445636274,173.46806451612903,0.065033816766496,-5027.79,-14.376615578176828
Meta,2023-09-26,4391.68,742229,9389,46,2214.01,471041,39651,0.012649734785356,0.0048993503035467,95.47130434782608,0.5041373688429028,-2177.6700000000005,-0.983586343331783
Meta,2023-09-27,2478.71,491014,5678,15,1148.99,279264,90983,0.0115638250640511,0.0026417752729834,165.24733333333333,0.46354353675904,-1329.72,-1.1572946674905786
Meta,2023-09-28,861.91,108243,1312,8,87.69,58393,16535,0.0121208761767504,0.0060975609756097,107.73875,0.1017391607012333,-774.22,-8.829056905006272
Meta,2023-09-29,2772.2,450864,4911,16,616.38,219540,58435,0.01089241988715,0.0032579922622683,173.2625,0.2223432652766755,-2155.82,-3.4975502125312303
Meta,2023-09-30,1140.2,233361,2415,4,0.0,81332,2186,0.0103487729312095,0.0016563146997929,285.05,0.0,-1140.2,
Meta,2023-10-01,3372.38,539702,6592,14,777.25,285738,13612,0.0122141478074937,0.0021237864077669,240.88428571428568,0.2304752133508086,-2595.13,-3.3388613702155028
Meta,2023-10-02,5462.48,514410,6435,33,1747.45,291636,64750,0.0125094768764215,0.0051282051282051,165.52969696969694,0.3199004847615003,-3715.03,-2.1259721308191937
Meta,2023-10-03,1949.25,239680,4040,25,648.45,125599,24262,0.0168558077436582,0.0061881188118811,77.97,0.332666410157753,-1300.8,-2.0060143418922043
Meta,2023-10-04,2080.19,365050,4948,54,1834.49,245976,10801,0.0135543076290919,0.0109135004042037,38.52203703703704,0.881885789278864,-245.70000000000005,-0.1339336818407296
Meta,2023-10-05,4523.8,580361,7870,147,5033.65,268120,42874,0.0135605252592782,0.0186785260482846,30.774149659863948,1.11270392148194,509.84999999999945,0.101288329542181
Meta,2023-10-06,6138.88,865044,13388,126,4303.67,475396,43190,0.0154766693948515,0.0094114132058559,48.72126984126984,0.7010513318390326,-1835.21,-0.4264290710021911
Meta,2023-10-07,4707.54,625393,9396,91,1604.14,339710,82280,0.0150241528127113,0.0096849723286504,51.73120879120879,0.3407597173895495,-3103.4,-1.934619172890147
Meta,2023-10-08,4376.53,575389,6642,49,2368.78,338545,25270,0.0115434949225654,0.0073772959951821,89.3169387755102,0.5412461470617133,-2007.75,-0.8475882099646233
Meta,2023-10-09,1003.87,220873,4220,134,10292.37,101297,13329,0.0191060020916997,0.0317535545023696,7.491567164179106,10.252692081644035,9288.5,0.9024646412828145
Meta,2023-10-10,4417.82,703498,10798,150,13515.78,314099,55920,0.015349013074664,0.0138914613817373,29.45213333333333,3.0593777021245776,9097.96,0.6731361416063298
Meta,2023-10-11,2955.1800000000003,444767,5396,6,0.0,254845,24170,0.0121321950594356,0.0011119347664936,492.53,0.0,-2955.1800000000003,
Meta,2023-10-12,5516.08,784019,10512,73,5246.45,404372,15462,0.0134078383304486,0.0069444444444444,75.5627397260274,0.951119273106989,-269.6300000000001,-0.0513928465915047
Meta,2023-10-13,4518.54,752569,10514,14,305.41,333654,35392,0.0139708119787022,0.0013315579227696,322.7528571428571,0.0675904163734303,-4213.13,-13.79499688942733
Meta,2023-10-14,7160.57,1256067,20165,491,19626.69,660934,40422,0.0160540799177113,0.0243491197619638,14.583645621181262,2.740939617935444,12466.12,0.6351616090130328
Meta,2023-10-15,2727.19,507797,6427,29,454.1,256858,4416,0.0126566324732127,0.0045122140967792,94.04103448275862,0.1665083840876506,-2273.09,-5.005703589517728
Meta,2023-10-16,494.35,60419,930,22,1346.18,29803,2099,0.0153925089789635,0.0236559139784946,22.470454545454547,2.7231313846465057,851.83,0.6327757060719963
Meta,2023-10-17,3228.85,303201,4001,80,2984.98,139728,53380,0.0131958667682494,0.0199950012496875,40.360625,0.924471561082119,-243.8699999999999,-0.0816990398595635
Meta,2023-10-18,4638.56,629729,9238,167,1910.29,277508,17392,0.0146698024070671,0.0180775059536696,27.77580838323353,0.4118282397985582,-2728.2699999999995,-1.428196765936062
Meta,2023-10-19,3917.04,680066,9903,135,3011.67,398691,4150,0.0145618219408116,0.0136322326567706,29.01511111111111,0.7688637338398383,-905.37,-0.3006205859207682
Meta,2023-10-20,1755.01,244526,3557,101,2467.16,109997,34026,0.014546510391533,0.0283947146471745,17.376336633663367,1.4057811636400932,712.1499999999999,0.2886517291136367
Meta,2023-10-21,5501.7,982644,16230,56,616.75,446426,90495,0.0165166632066139,0.0034504004929143,98.24464285714284,0.1121017140156678,-4884.95,-7.92047020672882
Meta,2023-10-22,3692.08,441268,5265,12,263.6,228595,0,0.0119315246063616,0.0022792022792022,307.67333333333335,0.0713960694242811,-3428.48,-13.00637329286798
Meta,2023-10-23,1774.46,235338,3805,31,1936.12,129448,20319,0.0161682346242425,0.0081471747700394,57.24064516129032,1.09110377241527,161.65999999999983,0.0834968906885936
Meta,2023-10-24,3313.58,626809,11190,436,7362.76,289225,58319,0.0178523282211965,0.0389633601429848,7.599954128440367,2.221995545603245,4049.18,0.5499540933019683
Meta,2023-10-25,1010.69,83216,1282,17,687.09,43093,2696,0.0154056912132282,0.0132605304212168,59.45235294117647,0.6798226953863202,-323.6,-0.4709717795339766
Meta,2023-10-26,1706.66,286839,4276,84,4088.94,129685,17960,0.0149073173452703,0.019644527595884,20.317380952380955,2.395872640127501,2382.28,0.5826155433926641
Meta,2023-10-27,5558.59,721007,9805,107,8780.740000000002,393115,89407,0.013599035792995,0.0109127995920448,51.94943925233645,1.5796703840362396,3222.150000000001,0.3669565435259443
Meta,2023-10-28,6960.65,950351,12700,139,2899.24,492464,60612,0.013363483597113,0.0109448818897637,50.07661870503597,0.4165185722597746,-4061.41,-1.4008533270788204
Meta,2023-10-29,2229.32,272173,4015,101,5816.27,132529,11724,0.0147516469304449,0.0251556662515566,22.07247524752476,2.608988391078894,3586.95,0.6167096781958196
Meta,2023-10-30,2790.7000000000003,526568,7819,79,3767.65,228173,704,0.0148489843666914,0.0101035938099501,35.3253164556962,1.350073458272118,976.9499999999998,0.2592995633883189
Meta,2023-10-31,4480.27,613575,8652,60,1468.4,335729,2432,0.0141009656521207,0.0069348127600554,74.67116666666668,0.3277481044669182,-3011.8700000000003,-2.051123672023972
Meta,2023-11-01,2232.51,471278,8025,223,12824.97,233994,1130,0.0170281659657357,0.0277881619937694,10.011255605381168,5.744641681336253,10592.46,0.8259247390052374
Meta,2023-11-02,3390.19,665161,10737,218,14347.68,393530,35357,0.0161419566090014,0.0203036229859364,15.551330275229358,4.232116784015055,10957.49,0.763711624457752
Meta,2023-11-03,6438.82,685177,9187,13,0.0,436564,134542,0.0134082142278564,0.0014150429955371,495.2938461538461,0.0,-6438.82,
Meta,2023-11-04,321.97,45143,756,17,641.35,26765,0,0.0167467824468909,0.0224867724867724,18.939411764705884,1.99195577227692,319.38,0.4979808217042176
Meta,2023-11-05,3061.52,325032,3540,47,1199.63,165920,40388,0.0108912353245218,0.013276836158192,65.13872340425532,0.3918413075857744,-1861.89,-1.5520535498445351
Meta,2023-11-06,3510.11,570789,7177,71,1115.2,283985,1924,0.0125738232516744,0.0098927128326598,49.43816901408451,0.3177108409707957,-2394.91,-2.1475161406025824
Meta,2023-11-07,1366.87,195797,2580,10,202.6,128262,0,0.0131769128229748,0.003875968992248,136.68699999999998,0.14822184991989,-1164.27,-5.746643632773938
Meta,2023-11-08,2115.09,372857,4617,54,826.03,182977,79216,0.0123827633650434,0.0116959064327485,39.16833333333334,0.3905413008429901,-1289.0600000000002,-1.5605486483541762
Meta,2023-11-09,4005.12,653812,8524,48,3457.62,402119,40777,0.0130373868940918,0.005631159080244,83.44000000000001,0.8632999760306806,-547.5000000000005,-0.1583459142415882
Meta,2023-11-10,3530.86,627533,8209,16,685.19,305725,87264,0.0130813837678655,0.0019490802777439,220.67875,0.1940575383900806,-2845.67,-4.153110815978049
Meta,2023-11-11,1674.63,159875,2055,13,970.06,86419,22792,0.0128537920250195,0.0063260340632603,128.8176923076923,0.5792682562715346,-704.5700000000002,-0.7263158979856918
Meta,2023-11-12,6120.85,1128275,14353,130,4896.66,488695,134295,0.0127211894263366,0.0090573399289347,47.08346153846154,0.7999967324799659,-1224.1900000000005,-0.2500051055209062
Meta,2023-11-13,2995.92,404485,6840,86,5568.74,233326,0,0.016910392227153,0.0125730994152046,34.83627906976744,1.8587746001228336,2572.82,0.4620111551266534
Meta,2023-11-14,2363.6,297096,3792,70,2521.76,154609,36465,0.0127635511753776,0.0184599156118143,33.76571428571428,1.0669148756134712,158.1600000000003,0.0627181016432968
Meta,2023-11-15,4014.53,615793,8550,92,4440.74,306692,34255,0.01388453587488,0.0107602339181286,43.63619565217392,1.1061668489212932,426.2099999999996,0.0959772470354039
Meta,2023-11-16,2815.14,404253,5718,57,2725.74,200778,22245,0.0141446074611691,0.0099685204616998,49.38842105263158,0.968243142436966,-89.40000000000009,-0.0327984327191882
Meta,2023-11-17,1519.35,204824,3114,59,1075.44,96700,13991,0.0152032964886927,0.0189466923570969,25.75169491525424,0.7078290058248594,-443.9099999999999,-0.4127705869225618
Meta,2023-11-18,1152.12,154172,2169,36,817.13,80004,18754,0.0140687024881301,0.0165975103734439,32.00333333333334,0.7092403569072665,-334.9900000000001,-0.4099592476105395
Meta,2023-11-19,2154.23,275031,3901,115,2716.9700000000003,134602,13690,0.0141838556380917,0.0294796206100999,18.732434782608696,1.261225588725438,562.7400000000002,0.2071204319517698
Meta,2023-11-20,3239.6000000000004,429961,6282,144,6316.19,188164,51056,0.0146106274755152,0.0229226361031518,22.497222222222224,1.94968205951352,3076.5899999999992,0.4870958600042113
Meta,2023-11-21,2089.68,173412,2830,18,240.29,87721,30169,0.0163195165271146,0.0063604240282685,116.09333333333332,0.114988897821676,-1849.39,-7.696491739148529
Meta,2023-11-22,1829.23,260750,3491,37,3217.9,130636,0,0.0133883029721955,0.010598682325981,49.43864864864865,1.7591554916549588,1388.67,0.4315454178190746
Meta,2023-11-23,4409.719999999999,453240,6546,9,0.0,249558,17593,0.0144426793751654,0.0013748854262144,489.9688888888888,0.0,-4409.719999999999,
Meta,2023-11-24,4825.58,502142,8015,134,2010.81,266418,34238,0.0159616204181287,0.0167186525265127,36.01179104477612,0.4166980963946303,-2814.77,-1.399818978421631
Meta,2023-11-25,2919.1,325600,4738,46,1299.95,159403,25451,0.014551597051597,0.0097087378640776,63.45869565217391,0.4453256140591278,-1619.15,-1.2455479056886802
Meta,2023-11-26,2376.23,453113,3817,1,0.0,333576,101319,0.008423947227292,0.0002619858527639,2376.23,0.0,-2376.23,
Meta,2023-11-27,5764.36,908978,12117,144,5043.37,456648,72570,0.0133303556301692,0.0118841297350829,40.030277777777776,0.8749228014905385,-720.9899999999998,-0.1429579824601407
Meta,2023-11-28,5253.91,771418,10948,205,7985.179999999999,391233,32327,0.0141920463354497,0.0187248812568505,25.628829268292684,1.5198547367579571,2731.2699999999995,0.3420423835154623
Meta,2023-11-29,958.84,148052,2433,27,245.91,64027,6130,0.0164334152865209,0.0110974106041923,35.51259259259259,0.2564661465938008,-712.93,-2.8991500955634173
Meta,2023-11-30,764.2,140301,2549,38,2270.3,59801,0,0.0181680814819566,0.0149078069831306,20.110526315789475,2.970819157288668,1506.1,0.6633925031934106
Meta,2023-12-01,3613.67,358336,4925,105,4982.86,158100,3380,0.013744083764958,0.0213197969543147,34.41590476190476,1.378891819120174,1369.1899999999996,0.2747799456537008
Meta,2023-12-02,1184.51,148869,1798,9,61.38,74912,3213,0.0120777327717657,0.0050055617352614,131.6122222222222,0.051818895577074,-1123.13,-18.2979797979798
Meta,2023-12-03,1651.0100000000002,202442,2989,19,162.33,78034,0,0.0147647227354007,0.0063566410170625,86.89526315789475,0.0983216334243887,-1488.6800000000003,-9.170701657118215
Meta,2023-12-04,2839.77,278455,3267,11,821.96,136126,10521,0.0117325959311199,0.0033670033670033,258.1609090909091,0.2894459762586406,-2017.81,-2.4548761496909823
Meta,2023-12-05,1928.28,236642,3571,70,3676.05,110995,9469,0.0150903051867377,0.0196023522822738,27.546857142857142,1.906388076420437,1747.7700000000002,0.4754478312318929
Meta,2023-12-06,1972.18,173154,1668,18,586.16,72751,5143,0.0096330434179978,0.0107913669064748,109.56555555555556,0.2972142502205681,-1386.02,-2.364576224921523
Meta,2023-12-07,3231.06,520327,8741,224,5280.09,276417,42171,0.0167990513657757,0.0256263585402127,14.424375,1.6341664964438916,2049.03,0.3880672488537127
Meta,2023-12-08,3171.63,421663,5110,31,1378.95,196660,48757,0.0121186824549462,0.0060665362035225,102.31064516129032,0.4347764398747647,-1792.68,-1.3000326335255086
Meta,2023-12-09,4258.59,654178,9104,340,3997.51,262266,9727,0.0139167015705205,0.0373462214411247,12.525264705882352,0.9386933233769864,-261.0799999999999,-0.0653106558832873
Meta,2023-12-10,3454.24,443306,5236,47,1959.16,221457,17684,0.0118112545284746,0.0089763177998472,73.49446808510638,0.5671754134049748,-1495.08,-0.7631229710692338
Meta,2023-12-11,5976.23,811744,10533,65,2072.6600000000003,459499,72429,0.0129757657586628,0.0061710813633342,91.942,0.3468173079014697,-3903.5699999999993,-1.883362442465237
Meta,2023-12-12,414.99,51359,640,0,0.0,25985,4594,0.0124613018166241,0.0,,0.0,-414.99,
Meta,2023-12-13,1074.5,202190,2779,35,674.1800000000001,133947,22790,0.0137444977496414,0.0125944584382871,30.7,0.6274360167519777,-400.32,-0.5937880091370256
Meta,2023-12-14,2757.33,266368,3287,4,0.0,120589,39730,0.0123400708793849,0.0012169151201703,689.3325,0.0,-2757.33,
Meta,2023-12-15,5685.45,755952,10999,99,1075.99,348981,151381,0.0145498655999322,0.0090008182562051,57.42878787878788,0.1892532693102569,-4609.46,-4.283924571789701
Meta,2023-12-16,6630.37,992396,12745,49,1987.47,459805,108134,0.0128426555528236,0.0038446449588073,135.31367346938777,0.2997525024998605,-4642.9,-2.3360855761344825
Meta,2023-12-17,3712.04,641181,9354,126,9555.52,308370,120504,0.0145887042816303,0.0134701731879409,29.46063492063492,2.574196398745704,5843.4800000000005,0.6115292522018687
Meta,2023-12-18,1472.58,250888,2933,21,809.48,126446,30915,0.0116904754312681,0.0071599045346062,70.12285714285714,0.5497018837686238,-663.0999999999999,-0.8191678608489399
Meta,2023-12-19,4002.17,590810,9488,148,5927.46,326485,22461,0.0160593084071021,0.0155986509274873,27.04168918918919,1.4810615241231633,1925.29,0.324808602672983
Meta,2023-12-20,3347.35,604517,6679,48,1085.48,347151,83902,0.0110484899514819,0.0071867045964964,69.73645833333333,0.324280400914156,-2261.87,-2.083750967314
Meta,2023-12-21,3153.78,513827,6806,18,121.24,276202,2057,0.0132457033203782,0.0026447252424331,175.21,0.0384427575797931,-3032.54,-25.012702078521936
Meta,2023-12-22,2174.22,393024,5515,89,5246.74,144847,24136,0.0140322219508223,0.0161378059836808,24.429438202247187,2.413159661855746,3072.52,0.5856055379149719
Meta,2023-12-23,3133.1,437786,4397,38,822.6600000000001,184863,87324,0.0100437199910458,0.0086422560836934,82.45,0.2625706169608375,-2310.44,-2.8084992585029043
Meta,2023-12-24,2485.98,231611,2721,19,904.55,105236,19375,0.0117481466769713,0.0069827269386255,130.84105263157895,0.3638605298514066,-1581.43,-1.7483057874081036
Meta,2023-12-25,4126.18,445638,7220,138,2127.0,206951,52612,0.0162014908961982,0.0191135734072022,29.89985507246377,0.5154889025684773,-1999.1800000000003,-0.939905970850964
Meta,2023-12-26,760.96,105225,1464,27,514.8299999999999,50313,7657,0.0139130434782608,0.0184426229508196,28.183703703703703,0.6765533010933557,-246.1300000000001,-0.4780801429598122
Meta,2023-12-27,1453.59,215454,2504,27,896.16,136774,29447,0.0116219703509797,0.0107827476038338,53.836666666666666,0.6165149732730688,-557.43,-0.6220206213176218
Meta,2023-12-28,2683.7,429800,6654,83,3606.43,189058,82563,0.0154816193578408,0.0124737000300571,32.33373493975903,1.3438275515147,922.7300000000004,0.2558569000368786
Meta,2023-12-29,1179.02,173933,2075,12,867.97,93589,28540,0.0119298810461499,0.0057831325301204,98.25166666666668,0.7361791996743058,-311.04999999999995,-0.3583649204465591
Meta,2023-12-30,4263.26,718132,10459,76,3650.73,287934,18672,0.014564174831368,0.0072664690697007,56.09552631578948,0.8563235645961071,-612.5300000000002,-0.1677828817798084
Meta,2023-12-31,2659.88,368221,5020,66,2637.63,202271,36601,0.0136331170682823,0.0131474103585657,40.30121212121213,0.9916349609756832,-22.25,-0.0084356031740615
Meta,2024-01-01,4648.23,622256,8044,109,3913.67,295024,52770,0.0129271553829934,0.0135504724017901,42.6443119266055,0.8419699541545923,-734.5599999999995,-0.1876908375003512
Meta,2024-01-02,1156.8000000000002,177482,1811,5,388.06,95478,9404,0.0102038516581963,0.0027609055770292,231.36000000000004,0.3354598893499308,-768.7400000000002,-1.980982322321291
Meta,2024-01-03,2803.0,444095,4234,16,187.63,265664,25306,0.0095339961044371,0.0037789324515824,175.1875,0.0669389939350695,-2615.37,-13.938975643553803
Meta,2024-01-04,2392.53,244559,2706,30,796.04,143988,15214,0.0110648146255095,0.0110864745011086,79.751,0.3327189209748675,-1596.4900000000002,-2.005539922616954
Meta,2024-01-05,2168.53,200249,2209,36,958.34,92099,13545,0.0110312660737381,0.0162969669533725,60.23694444444444,0.441930708821183,-1210.1899999999998,-1.2627981718388046
Meta,2024-01-06,838.38,116180,1064,10,458.78,60768,3781,0.009158202788776,0.0093984962406015,83.838,0.5472220234261314,-379.6,-0.8274118313788745
Meta,2024-01-07,3266.62,467541,5705,83,2475.7,231671,12062,0.0122021384220849,0.0145486415425065,39.35686746987952,0.7578781737698294,-790.9200000000001,-0.319473280284364
Meta,2024-01-08,2879.18,313253,3278,33,1025.38,169539,19412,0.0104643850178609,0.0100671140939597,87.24787878787879,0.3561361220903174,-1853.8,-1.8079151143966128
Meta,2024-01-09,2012.35,455670,4713,2,0.0,219987,83010,0.0103430113898215,0.0004243581582855,1006.175,0.0,-2012.35,
Meta,2024-01-10,1540.82,204790,2144,9,213.53,97038,17549,0.0104692611943942,0.0041977611940298,171.20222222222222,0.13858205371166,-1327.29,-6.2159415538800165
Meta,2024-01-11,2153.28,222685,2694,3,0.0,118583,5202,0.012097806318342,0.0011135857461024,717.7599999999999,0.0,-2153.28,
Meta,2024-01-12,3654.32,431057,3959,22,1315.94,217395,64354,0.0091844002069331,0.0055569588279868,166.10545454545456,0.3601053000284595,-2338.38,-1.7769655151450674
Meta,2024-01-13,1883.27,169664,1647,10,480.08,76904,28368,0.0097074217276499,0.0060716454159077,188.327,0.2549183069873146,-1403.19,-2.922825362439593
Meta,2024-01-14,1007.36,103727,976,15,486.36,42756,1102,0.00940931483606,0.0153688524590163,67.15733333333334,0.482806543837357,-521.0,-1.0712229624146723
Meta,2024-01-15,2595.14,257250,2152,1,0.0,108969,11912,0.0083654033041788,0.0004646840148698,2595.14,0.0,-2595.14,
Meta,2024-01-16,1185.58,225044,3111,94,2706.1,119009,20560,0.0138239633138408,0.0302153648344583,12.61255319148936,2.2825115133521146,1520.52,0.5618861091607849
Meta,2024-01-17,3319.51,445084,3821,11,104.09,232830,38680,0.0085848963341751,0.0028788275320596,301.77363636363634,0.0313570376350726,-3215.42,-30.890767604957244
Meta,2024-01-18,6315.21,825647,8501,68,5189.84,391179,52954,0.0102961677326993,0.007999058934243,92.87073529411764,0.8218000668227977,-1125.37,-0.216840981610223
Meta,2024-01-19,2776.46,597145,6180,69,3553.83,306627,38337,0.0103492451582111,0.0111650485436893,40.23855072463768,1.2799860253704356,777.3699999999999,0.2187414704698874
Meta,2024-01-20,3245.42,491481,6636,75,806.13,235622,10380,0.0135020478919836,0.0113019891500904,43.27226666666667,0.2483900388855679,-2439.29,-3.0259263394241622
Meta,2024-01-21,3655.23,578255,5447,72,2612.0,333294,48473,0.0094197196738463,0.0132182852946576,50.76708333333333,0.714592515382069,-1043.23,-0.3993989280245023
Meta,2024-01-22,2305.34,438819,4328,93,3526.42,182993,23173,0.0098628363858447,0.0214879852125693,24.788602150537635,1.5296745816235349,1221.08,0.3462661849694591
Meta,2024-01-23,3618.41,376066,5167,126,3204.53,141570,11541,0.0137396095366238,0.0243855235146119,28.71753968253968,0.8856182687976212,-413.87999999999965,-0.1291546654267551
Meta,2024-01-24,3854.2,520895,6050,52,2238.4,257420,23517,0.0116146248284203,0.008595041322314,74.11923076923077,0.5807690311867574,-1615.7999999999995,-0.7218548963545388
Meta,2024-01-25,1677.45,284889,2613,16,1115.41,186747,51125,0.0091719933026547,0.006123230003827,104.840625,0.6649438135264836,-562.0400000000002,-0.5038864632735947
Meta,2024-01-26,3550.4,565810,6558,56,2899.36,210217,68806,0.011590463229706,0.0085391887770661,63.4,0.8166291122127083,-651.0400000000004,-0.2245461067270019
Meta,2024-01-27,1281.39,186772,2248,30,2641.86,86357,4744,0.0120360653631165,0.0133451957295373,42.713,2.0617142322009694,1360.4699999999998,0.5149667279871
Meta,2024-01-28,2192.6400000000003,395554,4127,27,1499.67,216743,13697,0.0104334679967842,0.0065422825296825,81.20888888888891,0.6839563266199649,-692.9700000000003,-0.4620816579647523
Meta,2024-01-29,212.09,36233,340,2,53.46,19744,7263,0.0093837109817017,0.0058823529411764,106.045,0.2520628035268046,-158.63,-2.9672652450430226
Meta,2024-01-30,618.54,78704,782,3,134.22,41149,2775,0.0099359625940231,0.0038363171355498,206.18,0.2169948588611892,-484.32,-3.608404112650872
Meta,2024-01-31,3421.2,344908,4217,36,1631.27,192423,40630,0.0122264487921416,0.0085368745553711,95.03333333333332,0.4768122296270314,-1789.9299999999998,-1.0972616427691306
Meta,2024-02-01,3309.45,377516,3472,24,1176.97,179038,56485,0.0091969611883999,0.0069124423963133,137.89374999999998,0.3556391545422955,-2132.48,-1.811838874397817
Meta,2024-02-02,3581.91,716031,7109,40,1880.2,377910,126366,0.0099283410913773,0.0056266704177802,89.54775,0.5249154780550042,-1701.7099999999998,-0.9050686097223698
Meta,2024-02-03,3570.12,624604,6105,11,277.49,320914,29852,0.0097741929286395,0.0018018018018018,324.55636363636364,0.0777256786886715,-3292.63,-11.86576092832174
Meta,2024-02-04,3228.5,404465,4623,64,1588.0600000000002,194825,38090,0.0114299135895565,0.0138438243564784,50.4453125,0.4918878736255227,-1640.4399999999998,-1.0329836404166086
Meta,2024-02-05,483.66,67088,693,3,184.59,35547,2370,0.010329716193656,0.0043290043290043,161.22,0.3816524004465947,-299.07000000000005,-1.620185275475378
Meta,2024-02-06,2667.39,290202,3226,49,803.49,164058,25849,0.0111163947870793,0.0151890886546807,54.436530612244894,0.3012270421648128,-1863.9,-2.319755068513609
Meta,2024-02-07,2026.21,400268,3846,31,725.61,224852,1050,0.0096085622632836,0.0080603224128965,65.3616129032258,0.3581119429871534,-1300.6,-1.7924229269166632
Meta,2024-02-08,4287.4,558767,5176,3,0.0,250710,77646,0.0092632528406294,0.0005795981452859,1429.1333333333332,0.0,-4287.4,
Meta,2024-02-09,2149.02,334775,3415,37,1813.46,145676,13921,0.0102008811888581,0.0108345534407027,58.08162162162162,0.843854408055765,-335.55999999999995,-0.1850385451016289
Meta,2024-02-10,3323.46,381723,4130,90,3697.55,203436,36047,0.0108193637794945,0.0217917675544794,36.92733333333334,1.1125604039164003,374.09000000000015,0.1011723979391759
Meta,2024-02-11,2335.98,229237,2565,37,1161.37,123211,12914,0.0111892931769304,0.0144249512670565,63.1345945945946,0.4971660716273256,-1174.61,-1.0114003289218765
Meta,2024-02-12,2644.41,356294,3332,0,0.0,209204,28373,0.0093518274234199,0.0,,0.0,-2644.41,
Meta,2024-02-14,3326.55,480376,4880,33,3052.89,244248,24130,0.0101587090112745,0.0067622950819672,100.80454545454546,0.9177345898904268,-273.6600000000003,-0.0896396529190374
Meta,2024-02-15,514.26,80286,759,1,0.0,49503,5180,0.009453703011733,0.0013175230566534,514.26,0.0,-514.26,
Meta,2024-02-16,1762.44,338472,2883,1,0.0,161870,48088,0.0085176912713607,0.0003468609087755,1762.44,0.0,-1762.44,
Meta,2024-02-17,4240.3,448587,4488,67,1228.53,227788,608,0.0100047482428157,0.0149286987522281,63.28805970149254,0.2897271419475037,-3011.7700000000004,-2.4515233653227844
Meta,2024-02-18,1864.48,224874,2064,9,507.72,103783,20213,0.0091784732783692,0.004360465116279,207.16444444444448,0.272311851025487,-1356.76,-2.672260300953281
Meta,2024-02-19,859.87,82895,1083,10,166.4,43336,17365,0.0130647204294589,0.0092336103416435,85.987,0.1935176247572307,-693.47,-4.167487980769231
Meta,2024-02-20,3125.42,391559,4410,26,1789.9799999999998,235483,20123,0.0112626705043173,0.0058956916099773,120.20846153846152,0.5727166268853465,-1335.4400000000005,-0.7460642018346576
Meta,2024-02-21,1577.15,173587,1728,44,2160.01,79188,12894,0.0099546625035284,0.0254629629629629,35.84431818181818,1.3695653552293692,582.8599999999997,0.2698413433271141
Meta,2024-02-22,2855.09,326698,3919,28,516.0400000000001,176186,19727,0.0119957881590949,0.0071446797652462,101.9675,0.1807438644666192,-2339.05,-4.532691264243081
Meta,2024-02-23,339.64,38862,552,9,328.97,16418,493,0.0142041068395862,0.0163043478260869,37.73777777777778,0.9685843834648452,-10.66999999999996,-0.0324345685016869
Meta,2024-02-24,1905.54,242534,3038,41,1973.77,112878,21247,0.0125260788178152,0.0134957208689927,46.47658536585366,1.0358061231986733,68.23000000000002,0.0345683640951073
Meta,2024-02-25,2007.68,386331,4962,78,3167.3,159502,40753,0.0128439084619147,0.0157194679564691,25.739487179487178,1.5775920465412816,1159.6200000000003,0.3661225649606922
Meta,2024-02-26,1660.9,231006,1539,0,0.0,146401,42836,0.0066621646191008,0.0,,0.0,-1660.9,
Meta,2024-02-27,4034.35,583029,6530,50,2477.24,252142,35265,0.0112001289815772,0.007656967840735,80.687,0.6140369576263834,-1557.11,-0.6285664691350052
Meta,2024-02-28,607.73,65524,893,28,573.73,27955,2175,0.0136285941029241,0.0313549832026875,21.70464285714285,0.94405410297336,-34.0,-0.059261325013508
Meta,2024-02-29,2190.69,387166,4228,23,957.98,192042,45329,0.0109203804053041,0.0054399243140964,95.24739130434784,0.4372960117588522,-1232.71,-1.286780517338567
Meta,2024-03-01,598.0,78530,784,8,138.81,33291,1872,0.0099834458168852,0.010204081632653,74.75,0.232123745819398,-459.19,-3.308046970679346
Meta,2024-03-02,4575.63,837240,8069,75,2163.77,465353,94324,0.0096376188428646,0.0092948320733672,61.0084,0.4728900719682317,-2411.86,-1.1146563636615725
Meta,2024-03-03,1155.11,149744,1228,9,156.61,76054,13233,0.0082006624639384,0.007328990228013,128.34555555555556,0.1355801611967691,-998.5,-6.375710363322904
Meta,2024-03-04,1438.33,179606,1575,1,42.94,116816,22376,0.008769194793047,0.0006349206349206,1438.33,0.0298540668692163,-1395.39,-32.496273870517
Meta,2024-03-05,5945.01,815671,8472,13,293.29,385045,125107,0.0103865406518069,0.0015344664778092,457.30846153846153,0.0493338110448931,-5651.72,-19.270073988202803
Meta,2024-03-06,4013.92,532518,5887,16,569.03,281621,46933,0.0110550253700344,0.0027178528962119,250.87,0.1417641607206919,-3444.8900000000003,-6.053969035024516
Meta,2024-03-07,2398.48,315077,3118,32,1467.82,171276,20246,0.0098959936777359,0.010262989095574,74.9525,0.6119792535272339,-930.66,-0.6340423212655504
Meta,2024-03-08,1548.61,254165,3033,65,1871.28,123206,50804,0.0119331930045442,0.0214309264754368,23.82476923076923,1.2083610463577013,322.66999999999985,0.1724327732888717
Meta,2024-03-09,3343.83,384154,3594,25,1164.84,239005,32831,0.0093556230053572,0.0069560378408458,133.7532,0.348355030010497,-2178.99,-1.8706345935922528
Meta,2024-03-10,1258.94,146460,1390,8,544.23,78955,6611,0.0094906459101461,0.0057553956834532,157.3675,0.4322922458576262,-714.71,-1.3132499127207249
Meta,2024-03-11,4094.49,591390,6444,89,6040.62,256043,47297,0.0108963628062699,0.0138112973308504,46.005505617977526,1.4753046166921888,1946.13,0.3221738828133536
Meta,2024-03-12,2525.67,253181,3395,17,789.7,126008,25914,0.01340937906083,0.0050073637702503,148.56882352941176,0.3126695094766933,-1735.97,-2.198265163986324
Meta,2024-03-13,512.53,101893,1400,46,1281.46,39946,918,0.0137399036243902,0.0328571428571428,11.14195652173913,2.500263399215656,768.9300000000001,0.6000421394347073
Meta,2024-03-14,5205.76,888748,9955,45,2064.77,451433,162839,0.0112011503823356,0.0045203415369161,115.68355555555556,0.3966318078436193,-3140.99,-1.521229967502434
Meta,2024-03-15,2826.08,512303,6167,46,850.52,238704,27602,0.0120377979437949,0.0074590562672287,61.436521739130434,0.3009539715790069,-1975.56,-2.3227672482716457
Meta,2024-03-16,2688.4,386114,4813,10,322.51,240425,23898,0.0124652304759734,0.0020777062123415,268.84000000000003,0.1199635470912066,-2365.8900000000003,-7.335865554556449
Meta,2024-03-17,955.52,137816,1203,10,578.5,68697,7567,0.0087290300110291,0.0083125519534497,95.552,0.6054295043536504,-377.02,-0.6517199654278306
Meta,2024-03-18,3377.4700000000003,359202,3980,49,1997.52,183574,0,0.0110801164804204,0.0123115577889447,68.92795918367348,0.591424942338496,-1379.9500000000005,-0.6908316312227163
Meta,2024-03-19,3458.08,535833,7690,92,3855.79,292008,0,0.0143514863772854,0.011963589076723,37.58782608695652,1.1150089066765372,397.71,0.1031461775667243
Meta,2024-03-20,297.59,44981,445,7,385.32,20347,1413,0.0098930659611836,0.0157303370786516,42.512857142857136,1.2948015726334892,87.73000000000002,0.2276808886120627
Meta,2024-03-21,1427.4,169093,1836,7,191.93,88257,30907,0.0108579302514001,0.0038126361655773,203.9142857142857,0.13446125823175,-1235.47,-6.437086437763768
Meta,2024-03-22,1354.09,193357,2147,7,61.96,119428,16809,0.011103813153907,0.0032603632976245,193.44142857142856,0.0457576675110221,-1292.13,-20.854260813428017
Meta,2024-03-23,320.98,41475,547,5,237.98,20241,10124,0.0131886678722121,0.0091407678244972,64.196,0.7414169107109476,-83.00000000000003,-0.3487688041011851
Meta,2024-03-24,595.13,92553,1081,6,93.99,57683,5935,0.0116797942800341,0.005550416281221,99.18833333333332,0.157931880429486,-501.14,-5.331843813171614
Meta,2024-03-25,705.2,147286,1605,35,1015.42,81764,6717,0.0108971660578737,0.0218068535825545,20.14857142857143,1.4399035734543393,310.22,0.3055090504421816
Meta,2024-03-26,1358.72,110673,1874,26,1102.59,47852,17451,0.0169327658959276,0.0138740661686232,52.25846153846154,0.8114916980687705,-256.1300000000001,-0.2322984971748339
Meta,2024-03-27,5034.05,769570,10084,172,6109.37,386408,46248,0.0131034213911664,0.0170567235224117,29.26773255813953,1.2136093205272096,1075.3199999999997,0.1760116018509273
Meta,2024-03-28,3366.2200000000003,448673,5101,39,1253.27,223348,6667,0.0113690817142997,0.0076455596941776,86.31333333333335,0.3723078111353387,-2112.9500000000003,-1.685949555961605
Meta,2024-03-29,3517.75,376132,4460,8,48.41,211357,17818,0.0118575393744749,0.0017937219730941,439.71875,0.0137616374102764,-3469.34,-71.66577153480686
Meta,2024-03-30,3832.2,591441,5919,9,349.62,285443,41427,0.0100077607064779,0.0015205271160669,425.8,0.091232190386723,-3482.58,-9.961043418568732
Meta,2024-03-31,2037.23,183363,1396,3,125.48,76708,2442,0.0076133134820001,0.0021489971346704,679.0766666666667,0.0615934381488589,-1911.75,-15.235495696525344
Meta,2024-04-01,1775.91,288977,3157,12,542.66,149838,18025,0.0109247448758897,0.0038010769718086,147.9925,0.3055672866305161,-1233.25,-2.2726016290126414
Meta,2024-04-02,3545.76,363419,4157,39,2231.74,169247,22010,0.0114385874156276,0.0093817656964156,90.91692307692308,0.6294109020351066,-1314.0200000000004,-0.5887872243182453
Meta,2024-04-03,1305.65,205596,2919,42,3596.6200000000003,90658,17637,0.0141977470378801,0.014388489208633,31.08690476190477,2.754658599165167,2290.9700000000003,0.6369786076927783
Meta,2024-04-04,3928.53,659371,7172,10,174.04000000000002,283042,94827,0.0108770328085402,0.0013943112102621,392.853,0.044301558089158,-3754.49,-21.572569524247296
Meta,2024-04-05,2274.85,380161,4499,84,5507.62,153690,49053,0.0118344596105334,0.0186708157368304,27.08154761904762,2.421091500538497,3232.77,0.5869631528682081
Meta,2024-04-06,3119.92,598869,5944,37,1050.98,321657,15651,0.0099253760004274,0.0062247644683714,84.32216216216216,0.336861201569271,-2068.94,-1.9685817046946656
Meta,2024-04-07,1578.3,253906,2673,26,1502.5600000000002,156176,12572,0.0105275180578639,0.0097268986157875,60.70384615384615,0.95201165811316,-75.73999999999978,-0.0504073048663612
Meta,2024-04-08,1011.41,176545,2224,21,968.73,85432,1400,0.0125973547820668,0.0094424460431654,48.16238095238095,0.9578014850555168,-42.67999999999995,-0.0440576837715358
Meta,2024-04-09,2982.21,412298,4736,82,3137.6600000000003,211818,36423,0.0114868371905757,0.0173141891891891,36.36841463414634,1.0521257724975774,155.45000000000027,0.04954329022265
Meta,2024-04-10,1614.12,176634,1789,16,785.14,92907,7683,0.0101282878720971,0.0089435438792621,100.8825,0.4864198448690308,-828.9799999999999,-1.055837175535573
Meta,2024-04-11,2068.97,316829,3181,13,658.46,140644,5302,0.0100401162772347,0.0040867651681861,159.15153846153845,0.3182549771142163,-1410.5099999999998,-2.1421346778847608
Meta,2024-04-12,353.85,62888,948,21,178.37,27381,11602,0.0150744180129754,0.0221518987341772,16.85,0.5040836512646601,-175.48000000000002,-0.9837977238324832
Meta,2024-04-13,1160.64,227406,2632,7,90.07,112168,27474,0.0115740129987775,0.0026595744680851,165.8057142857143,0.0776037358698649,-1070.5700000000002,-11.88597757299878
Meta,2024-04-14,1495.18,152525,1822,15,899.5100000000001,71912,18480,0.011945582691362,0.0082327113062568,99.67866666666669,0.6016064955389987,-595.67,-0.6622160954297338
Meta,2024-04-15,1207.9199999999998,217442,2935,75,1145.96,131132,31252,0.0134978523008434,0.0255536626916524,16.1056,0.9487052122657132,-61.95999999999981,-0.0540682048239029
Meta,2024-04-17,1537.45,255199,3606,61,2330.95,134892,5313,0.0141301494128111,0.0169162506932889,25.20409836065574,1.516114345181957,793.4999999999998,0.340419142409747
Meta,2024-04-18,2166.58,232688,2702,28,812.0799999999999,101832,39665,0.0116121157945403,0.0103626943005181,77.37785714285714,0.3748211466920215,-1354.5,-1.6679391192985915
Meta,2024-04-19,2166.4,416861,3627,4,17.75,174575,70645,0.0087007419739433,0.0011028398125172,541.6,0.0081933161004431,-2148.65,-121.05070422535212
Meta,2024-04-20,2373.77,287108,3590,8,182.55,147835,27017,0.0125040054613594,0.0022284122562674,296.72125,0.0769029855461986,-2191.22,-12.003396329772665
Meta,2024-04-21,2457.14,368872,3898,51,972.04,174106,8007,0.0105673512763234,0.013083632632119,48.17921568627451,0.3955981344164354,-1485.1,-1.527817785276326
Meta,2024-04-22,1200.6699999999998,208242,2366,35,1428.64,84979,39210,0.0113617810047925,0.014792899408284,34.30485714285714,1.189868989814021,227.97000000000023,0.1595713405756525
Meta,2024-04-23,3863.46,397584,4241,31,1302.9,199044,31852,0.0106669282466095,0.0073095967932091,124.62774193548388,0.3372365703281514,-2560.56,-1.965277457978356
Meta,2024-04-24,3195.5,397217,5580,62,3432.37,170014,9157,0.0140477371310895,0.0111111111111111,51.54032258064516,1.0741261148490064,236.8699999999999,0.0690106253113737
Meta,2024-04-25,1786.78,205161,2506,55,1254.28,100534,0,0.0122147971593041,0.0219473264166001,32.48690909090909,0.7019778596133828,-532.5,-0.4245463532863475
Meta,2024-04-26,1591.57,229827,2148,9,425.3,109195,36452,0.0093461603728021,0.0041899441340782,176.8411111111111,0.2672204175750988,-1166.27,-2.742229014813073
Meta,2024-04-27,3428.32,412202,5135,46,1116.9199999999998,204898,13779,0.0124574844372419,0.0089581304771178,74.52869565217392,0.3257922247631492,-2311.4000000000005,-2.0694409626472807
Meta,2024-04-28,1268.7199999999998,228546,2253,2,51.96,92868,33988,0.0098579716993515,0.0008877052818464,634.3599999999999,0.0409546629674002,-1216.7599999999998,-23.417244033872205
Meta,2024-04-29,1140.35,178311,2637,30,1928.74,97856,35839,0.0147887679391624,0.0113765642775881,38.01166666666666,1.6913579164291666,788.3900000000001,0.4087590862428321
Meta,2024-04-30,2947.77,456967,5572,33,1783.48,260537,14790,0.0121934406642055,0.0059224694903086,89.32636363636364,0.6050268508058634,-1164.29,-0.6528192073922892
Meta,2024-05-01,569.43,134030,2279,72,1065.78,77707,560,0.0170036558979333,0.0315928038613426,7.908749999999999,1.8716611348190293,496.35,0.4657152508022293
Meta,2024-05-02,3245.39,426203,4965,38,1663.44,211647,23026,0.0116493783478764,0.0076535750251762,85.405,0.5125547314806541,-1581.9499999999998,-0.9510111576011157
Meta,2024-05-03,2327.58,329365,3667,9,235.48,159029,67859,0.0111335448514565,0.0024543223343332,258.62,0.1011694549703984,-2092.1,-8.884406319007983
Meta,2024-05-04,1329.6799999999998,155764,1537,0,0.0,75707,23188,0.0098674918466397,0.0,,0.0,-1329.6799999999998,
Meta,2024-05-05,1120.06,120806,1623,16,756.5400000000001,68102,5440,0.0134347631740145,0.0098582871226124,70.00375,0.6754459582522366,-363.5199999999999,-0.4805033441721519
Meta,2024-05-06,2934.97,407836,5705,128,3032.75,170638,45697,0.0139884659520003,0.0224364592462751,22.929453125,1.0333155023731078,97.7800000000002,0.0322413650976836
Meta,2024-05-07,1253.64,173292,1934,0,0.0,90596,0,0.0111603536227869,0.0,,0.0,-1253.64,
Meta,2024-05-08,1175.9,190841,3013,71,1950.68,119369,5248,0.0157880120099978,0.023564553601062,16.561971830985918,1.6588825580406494,774.7799999999997,0.3971845715340291
Meta,2024-05-09,4253.4,764910,8830,119,4757.23,373346,40699,0.0115438417591612,0.0134767836919592,35.74285714285714,1.1184534725161048,503.8299999999999,0.105908270148805
Meta,2024-05-10,5003.59,753049,8404,90,1502.0,387365,161226,0.011159964358229,0.0107091861018562,55.595444444444446,0.3001844675522974,-3501.59,-2.331284953395473
Meta,2024-05-11,1480.44,323078,4400,120,3980.8,128971,53672,0.0136190022223735,0.0272727272727272,12.337,2.688930318013563,2500.36,0.6281049035369775
Meta,2024-05-12,2611.72,337151,3075,3,57.23,158034,50178,0.0091205424275769,0.0009756097560975,870.5733333333333,0.0219127624707089,-2554.49,-44.6355058535733
Meta,2024-05-13,908.93,109101,1341,26,891.74,45285,2179,0.0122913630489179,0.0193885160328113,34.95884615384615,0.9810876525144951,-17.18999999999994,-0.0192769192814048
Meta,2024-05-14,1609.27,274316,3059,20,1192.45,162539,20993,0.0111513728692456,0.006538084341288,80.4635,0.7409881499064793,-416.82,-0.3495492473478971
Meta,2024-05-15,1849.55,260464,3058,15,766.42,127268,39126,0.0117405860310829,0.0049051667756703,123.30333333333334,0.4143818766727041,-1083.13,-1.4132329532110333
Meta,2024-05-16,603.92,96647,1166,3,130.92,55124,0,0.0120645234720167,0.0025728987993138,201.30666666666664,0.2167836799576102,-473.0,-3.612893369996945
Meta,2024-05-17,2228.96,440305,6473,85,4099.28,197424,18361,0.014701173050499,0.0131314691796693,26.223058823529414,1.8390998492570525,1870.32,0.4562557327140375
Meta,2024-05-18,3347.22,423537,3826,4,98.6,224887,46018,0.0090334492618118,0.0010454783063251,836.805,0.0294572809674894,-3248.62,-32.9474645030426
Meta,2024-05-19,213.53,28198,440,11,190.26,14504,0,0.0156039435420951,0.025,19.41181818181818,0.8910223387814359,-23.269999999999985,-0.122306317670556
Meta,2024-05-20,355.28000000000003,30508,303,1,32.88,14001,2452,0.0099318211616625,0.0033003300330033,355.28000000000003,0.0925467237108759,-322.40000000000003,-9.805352798053528
Meta,2024-05-21,1961.07,218326,2237,1,0.0,128007,35233,0.0102461456720683,0.0004470272686633,1961.07,0.0,-1961.07,
Meta,2024-05-22,1256.27,186260,2209,23,485.53,108424,21315,0.0118597659186083,0.0104119511090991,54.6204347826087,0.3864853892873347,-770.74,-1.587419932856878
Meta,2024-05-23,1745.47,215275,2194,1,0.0,106406,13560,0.0101916153756822,0.0004557885141294,1745.47,0.0,-1745.47,
Meta,2024-05-24,2760.4,416012,4871,3,0.0,188728,15563,0.0117087968616289,0.0006158899609936,920.1333333333332,0.0,-2760.4,
Meta,2024-05-25,577.5,74469,687,0,0.0,32739,9219,0.0092253152318414,0.0,,0.0,-577.5,
Meta,2024-05-26,1998.8,269286,2956,2,0.0,125495,12988,0.0109771766820406,0.0006765899864682,999.4,0.0,-1998.8,
Meta,2024-05-27,1511.49,217133,2067,14,1352.23,104027,5600,0.0095195110830689,0.0067731011127237,107.96357142857144,0.8946337719733508,-159.26,-0.1177758221604312
Meta,2024-05-28,1578.76,204640,2630,41,2460.71,91337,13615,0.0128518373729476,0.0155893536121673,38.50634146341464,1.5586346246421243,881.95,0.3584128158133222
Meta,2024-05-29,2673.35,455410,5963,136,1475.16,220043,18605,0.0130936957906062,0.0228073117558276,19.656985294117646,0.551802046121907,-1198.1899999999998,-0.8122440955557362
Meta,2024-05-30,537.83,66761,704,0,0.0,43339,0,0.0105450787136202,0.0,,0.0,-537.83,
Meta,2024-05-31,1347.09,177183,2574,37,796.53,84309,0,0.0145273530756336,0.0143745143745143,36.40783783783784,0.5912967953143442,-550.5600000000002,-0.6911980716357202
Meta,2024-06-01,6889.599999999999,1110469,11903,100,2117.89,524754,134574,0.0107188944491021,0.0084012433840208,68.896,0.3074039131444496,-4771.709999999999,-2.253049025209052
Meta,2024-06-02,2225.46,241132,2519,17,727.75,149042,1706,0.0104465603901597,0.0067487098054783,130.90941176470588,0.3270110449075696,-1497.71,-2.058000687049124
Meta,2024-06-03,1676.29,235638,2565,5,201.79,132399,17619,0.0108853410740203,0.0019493177387914,335.258,0.1203789320463643,-1474.5,-7.307101442093264
Meta,2024-06-04,1567.23,242237,2280,47,1001.43,91863,43432,0.0094122698018882,0.0206140350877193,33.34531914893617,0.6389808770888766,-565.8,-0.5649920613522662
Meta,2024-06-05,4762.96,605320,6064,52,3099.01,326075,37453,0.0100178418026828,0.008575197889182,91.59538461538462,0.650647916421721,-1663.9499999999998,-0.5369295355613566
Meta,2024-06-06,1590.23,251544,2022,5,169.41,114371,3224,0.0080383551187863,0.0024727992087042,318.046,0.1065317595567936,-1420.82,-8.386872085473112
Meta,2024-06-07,2874.89,337952,4140,58,3711.11,155952,24155,0.0122502603920083,0.0140096618357487,49.56706896551724,1.2908702593838373,836.2199999999998,0.2253288099786856
Meta,2024-06-08,1683.87,281577,2655,27,795.2800000000001,141280,21220,0.0094290371727804,0.0101694915254237,62.36555555555555,0.4722929917392673,-888.5899999999998,-1.1173297454984403
Meta,2024-06-09,1100.8200000000002,136851,1654,3,91.04,58500,1720,0.012086137477987,0.0018137847642079,366.94000000000005,0.0827019857924092,-1009.7800000000002,-11.091608084358525
Meta,2024-06-10,662.6800000000001,51326,621,1,38.05,29800,0,0.0120991310446946,0.001610305958132,662.6800000000001,0.0574183618035854,-624.6300000000001,-16.416031537450728
Meta,2024-06-11,980.07,159649,2135,11,388.71,76813,2698,0.013373087210067,0.0051522248243559,89.09727272727272,0.3966145275337476,-591.3599999999999,-1.521339816315505
Meta,2024-06-12,2226.75,338030,3679,1,0.0,183477,6057,0.0108836493802325,0.000271812992661,2226.75,0.0,-2226.75,
Meta,2024-06-13,1089.12,162608,1816,5,94.47,74157,11016,0.0111679622158811,0.0027533039647577,217.824,0.0867397531952402,-994.65,-10.528739282311845
Meta,2024-06-14,227.89,39275,385,5,291.7,17536,0,0.0098026734563972,0.0129870129870129,45.578,1.2800035104655754,63.80999999999997,0.2187521426122728
Meta,2024-06-15,804.1999999999999,90084,1131,0,0.0,47360,14711,0.0125549487145331,0.0,,0.0,-804.1999999999999,
Meta,2024-06-16,667.31,95721,927,1,43.31,48986,7514,0.0096843952737643,0.0010787486515641,667.31,0.0649023692137087,-624.0,-14.407758023551144
Meta,2024-06-17,977.86,139600,1465,12,613.22,66276,3409,0.0104942693409742,0.0081911262798634,81.48833333333333,0.6271040844292639,-364.64,-0.5946316167117837
Meta,2024-06-18,1667.52,139553,1622,31,371.88,65845,15651,0.0116228243033112,0.0191122071516646,53.79096774193548,0.223013816925734,-1295.64,-3.484027105517909
Meta,2024-06-19,1468.7199999999998,136140,1350,4,228.1,63473,11398,0.00991626267078,0.0029629629629629,367.18,0.1553052998529331,-1240.62,-5.438930293730819
Meta,2024-06-20,1058.14,152551,1569,1,0.0,71062,6299,0.0102850849879712,0.0006373486297004,1058.14,0.0,-1058.14,
Meta,2024-06-21,441.42,85982,1023,24,430.01,38610,8829,0.0118978390825986,0.0234604105571847,18.3925,0.9741516016492228,-11.410000000000023,-0.0265342666449618
Meta,2024-06-22,475.51,61034,679,1,26.27,31945,3567,0.0111249467509912,0.0014727540500736,475.51,0.0552459464574877,-449.24,-17.100875523410735
Meta,2024-06-23,2529.56,314443,2978,30,1464.42,141763,1561,0.0094707148831425,0.0100738750839489,84.31866666666666,0.5789228166163286,-1065.14,-0.7273459799784213
Meta,2024-06-24,1171.88,166302,1686,5,267.46,94587,639,0.0101381823429664,0.0029655990510083,234.376,0.2282315595453459,-904.4199999999998,-3.381514992896134
Meta,2024-06-25,1314.95,200377,2011,22,1833.45,107643,1357,0.0100360819854574,0.0109398309298856,59.77045454545455,1.394311570782159,518.5,0.2828001854427445
Meta,2024-06-26,1616.44,215753,2016,8,64.25,107966,29551,0.0093440183914012,0.0039682539682539,202.055,0.039747840934399,-1552.19,-24.158599221789885
Meta,2024-06-27,172.36,16788,214,2,147.22,9906,887,0.0127472003812246,0.0093457943925233,86.18,0.8541424924576467,-25.14000000000001,-0.1707648417334602
Meta,2024-06-28,2645.6400000000003,340031,3233,4,85.05,148437,3718,0.0095079566274839,0.0012372409526755,661.4100000000001,0.0321472309157708,-2560.59,-30.10687830687831
Meta,2024-06-29,472.19,56248,570,10,525.17,25660,1898,0.0101336936424406,0.0175438596491228,47.219,1.1122005972172218,52.97999999999996,0.1008816192851837
Meta,2024-06-30,1797.05,287402,3001,5,18.77,196356,0,0.010441820168266,0.0016661112962345,359.41,0.0104448958014523,-1778.28,-94.74054342035164
Meta,2024-07-01,1347.2,212880,2227,59,2213.26,101669,3698,0.0104612927470875,0.0264930399640772,22.833898305084748,1.642859263657957,866.0600000000002,0.3913051336038242
Meta,2024-07-02,1023.67,194252,2486,57,1326.22,76684,8678,0.0127978090315672,0.0229283990345937,17.959122807017547,1.2955542313440855,302.54999999999995,0.2281295712626864
Meta,2024-07-03,1003.84,157330,1800,11,533.86,82850,28707,0.0114409203584821,0.0061111111111111,91.25818181818182,0.5318178195728402,-469.98,-0.8803431611283857
Meta,2024-07-04,1373.8200000000002,268206,3134,36,2235.16,107099,36161,0.0116850480600732,0.0114869176770899,38.16166666666667,1.626967142711563,861.3399999999997,0.3853594373557149
Meta,2024-07-05,658.27,61088,510,1,0.0,26543,0,0.0083486118386589,0.0019607843137254,658.27,0.0,-658.27,
Meta,2024-07-06,2916.78,472958,4621,7,117.79,232555,38961,0.0097704235894096,0.0015148236312486,416.68285714285713,0.0403835736668518,-2798.99,-23.76254350963579
Meta,2024-07-07,235.03,23214,320,5,364.42,7949,0,0.0137847850435082,0.015625,47.006,1.5505254648342766,129.39,0.3550573514077164
Meta,2024-07-08,2837.83,412366,3511,16,306.11,223463,41316,0.0085142810027984,0.0045571062375391,177.364375,0.1078676312534577,-2531.72,-8.27062167194799
Meta,2024-07-09,2475.38,344683,3704,10,447.17,153928,32542,0.0107461058421796,0.0026997840172786,247.538,0.1806470117719299,-2028.21,-4.535657579891317
Meta,2024-07-10,1569.06,198890,1963,10,355.54999999999995,102969,19278,0.0098697772638141,0.0050942435048395,156.906,0.2266006398735548,-1213.51,-3.4130502039094366
Meta,2024-07-11,2762.48,319685,2947,6,448.42,162041,43126,0.009218449411139,0.002035968781812,460.41333333333336,0.1623251571052098,-2314.06,-5.160474555104589
Meta,2024-07-12,266.15,36183,453,9,131.9,16995,0,0.0125196915678633,0.0198675496688741,29.57222222222222,0.4955851963178659,-134.24999999999997,-1.0178165276724789
Meta,2024-07-13,709.04,112793,1134,5,38.54,52040,10957,0.0100538153963455,0.0044091710758377,141.808,0.0543551844747828,-670.5,-17.397509081473792
Meta,2024-07-14,2814.53,418387,4933,60,3956.62,183437,22874,0.011790519303898,0.0121629839854044,46.90883333333333,1.405783558889051,1142.0900000000006,0.2886529411467365
Meta,2024-07-15,5138.73,763907,6676,63,2297.51,377125,50682,0.0087392837086189,0.0094367884961054,81.56714285714285,0.4470968507783051,-2841.22,-1.236651853528385
Meta,2024-07-16,548.97,65390,743,12,378.43,34556,0,0.0113625936687566,0.0161507402422611,45.7475,0.6893455015756781,-170.54000000000002,-0.4506513754194964
Meta,2024-07-17,2329.13,292915,3909,62,1432.66,121698,20759,0.0133451683935612,0.015860833972883,37.56661290322581,0.6151052109585983,-896.47,-0.6257381374506163
Meta,2024-07-18,1139.31,156769,2181,39,787.7,60053,4423,0.0139121892721137,0.0178817056396148,29.21307692307692,0.6913833811693043,-351.6099999999999,-0.4463755236765264
Meta,2024-07-19,2537.11,361990,2723,1,25.35,184334,23131,0.0075223072460565,0.0003672420124862,2537.11,0.0099916834508555,-2511.76,-99.08323471400396
Meta,2024-07-20,2530.4700000000003,447745,5338,62,3679.93,205349,2059,0.0119219645110498,0.0116148370176095,40.81403225806452,1.4542476298869378,1149.4599999999996,0.3123592024848298
Meta,2024-07-21,1250.84,199495,2367,24,609.9300000000001,82426,4905,0.0118649590215293,0.0101394169835234,52.11833333333333,0.4876163218317291,-640.9099999999999,-1.0507927139179902
Meta,2024-07-22,1957.16,268183,2706,7,198.7,130094,0,0.0100901250265676,0.0025868440502586,279.5942857142857,0.1015246581781765,-1758.46,-8.849823855057878
Meta,2024-07-23,4658.71,691978,7953,170,3931.85,304598,14928,0.0114931399553164,0.0213755815415566,27.40417647058824,0.8439782686623551,-726.8599999999997,-0.1848646311532738
Meta,2024-07-24,916.83,115247,1169,11,922.62,52425,9430,0.0101434310654507,0.0094097519247219,83.34818181818183,1.0063152383757077,5.789999999999964,0.0062756064251804
Meta,2024-07-25,2514.1800000000003,281466,2126,1,0.0,152320,27103,0.0075533101689013,0.0004703668861712,2514.1800000000003,0.0,-2514.1800000000003,
Meta,2024-07-26,963.91,96185,983,4,96.43,52949,8355,0.010219888756043,0.0040691759918616,240.9775,0.1000404602089406,-867.48,-8.995955615472363
Meta,2024-07-27,1029.75,183586,1191,1,68.67,70900,35656,0.00648742278823,0.0008396305625524,1029.75,0.0666860888565185,-961.08,-13.99563128003495
Meta,2024-07-28,1271.81,235663,2293,38,571.52,129488,20431,0.0097299957990859,0.0165721761883994,33.46868421052631,0.4493752997696197,-700.29,-1.2253114501679732
Meta,2024-07-29,2670.71,448961,5102,66,1502.2399999999998,217226,9777,0.0113640160281182,0.0129361034888279,40.46530303030303,0.5624871288908192,-1168.4700000000005,-0.7778184577697308
Meta,2024-07-30,631.5600000000001,80194,787,16,433.19000000000005,38791,0,0.0098137017731999,0.0203303684879288,39.4725,0.6859047438089809,-198.37,-0.4579283916987926
Meta,2024-07-31,4585.13,636292,6600,28,2293.75,340583,40702,0.0103725962294041,0.0042424242424242,163.75464285714287,0.5002584441444409,-2291.38,-0.998966757493188
Meta,2024-08-01,1309.9599999999998,228713,1894,19,442.48,103741,17204,0.0082811208807544,0.0100316789862724,68.94526315789473,0.337781306299429,-867.4799999999998,-1.960495389622129
Meta,2024-08-02,3358.88,500230,5122,24,1467.37,211726,68631,0.0102392899266337,0.0046856696602889,139.95333333333332,0.4368628828657172,-1891.51,-1.289047752100697
Meta,2024-08-03,2935.41,353681,3804,61,3416.66,171430,4348,0.0107554547742174,0.0160357518401682,48.12147540983607,1.1639464333772795,481.25,0.1408539333735285
Meta,2024-08-04,1424.78,224278,1905,1,0.0,108075,33276,0.0084939227209088,0.000524934383202,1424.78,0.0,-1424.78,
Meta,2024-08-05,3482.29,455628,4649,30,1377.9,237520,64398,0.0102034993459576,0.0064530006453,116.07633333333334,0.3956878950345893,-2104.39,-1.5272443573553958
Meta,2024-08-06,2726.22,277079,2966,15,701.7099999999999,163516,38941,0.0107045283114202,0.0050573162508428,181.748,0.2573930203725305,-2024.51,-2.8851092331589974
Meta,2024-08-07,2168.69,261764,2820,2,0.0,142650,23845,0.0107730627588209,0.000709219858156,1084.345,0.0,-2168.69,
Meta,2024-08-08,1770.34,152122,1846,28,1174.9,97317,11929,0.0121349969103745,0.0151679306608884,63.22642857142857,0.6636578284397349,-595.4399999999998,-0.5068005787726613
Meta,2024-08-09,2580.21,237169,2658,18,549.7,111896,14541,0.0112071982426033,0.0067720090293453,143.345,0.2130446746582642,-2030.51,-3.693851191559032
Meta,2024-08-10,1156.73,199861,2319,11,442.13,96310,10005,0.01160306412957,0.0047434238896075,105.15727272727273,0.3822240280791542,-714.6,-1.6162667088865266
Meta,2024-08-11,2104.7,287360,2613,17,276.13,151795,6341,0.0090931236080178,0.0065059318790662,123.80588235294115,0.1311968451560792,-1828.57,-6.622134501865062
Meta,2024-08-12,1681.31,226321,2563,20,889.69,125122,3662,0.0113246229912381,0.0078033554428404,84.0655,0.5291647584324128,-791.6199999999999,-0.8897705942519303
Meta,2024-08-13,395.94,56989,697,1,0.0,24528,0,0.0122304304339433,0.0014347202295552,395.94,0.0,-395.94,
Meta,2024-08-14,1926.92,210209,2815,32,1882.99,91026,10953,0.0133914342392571,0.011367673179396,60.21625,0.9772019596039276,-43.930000000000064,-0.0233299167812893
Meta,2024-08-15,1881.24,308619,2635,2,109.3,166604,3410,0.0085380355713679,0.0007590132827324,940.62,0.0580999766111713,-1771.94,-16.211710887465692
Meta,2024-08-16,988.19,94375,970,1,0.0,75690,0,0.0102781456953642,0.0010309278350515,988.19,0.0,-988.19,
Meta,2024-08-17,2736.9,353771,3673,1,0.0,200109,50392,0.0103824225275672,0.000272257010618,2736.9,0.0,-2736.9,
Meta,2024-08-18,4080.48,591320,6022,14,684.12,297004,61815,0.0101839951295406,0.0023248090335436,291.4628571428572,0.1676567462651453,-3396.36,-4.964567619715839
Meta,2024-08-19,1286.73,245818,2695,16,1087.78,131062,16493,0.0109633956829849,0.0059369202226345,80.420625,0.8453832583370249,-198.95000000000005,-0.1828954384158562
Meta,2024-08-20,3504.9300000000003,400844,5042,20,590.74,221141,63632,0.0125784594505593,0.0039666798889329,175.24650000000003,0.1685454488392064,-2914.1900000000005,-4.933117784473712
Meta,2024-08-21,887.6700000000001,96387,1292,10,506.37,48330,12005,0.0134042972600039,0.0077399380804953,88.76700000000001,0.5704484774747371,-381.30000000000007,-0.7530066947094023
Meta,2024-08-22,4659.92,546529,4793,10,258.14,275230,46086,0.0087698914421741,0.0020863759649488,465.992,0.0553958007862795,-4401.78,-17.05190981637871
Meta,2024-08-23,1739.61,172635,1806,29,1012.94,80879,11426,0.0104613780519593,0.0160575858250276,59.98655172413793,0.5822799363075631,-726.6700000000001,-0.7173870120638932
Meta,2024-08-24,1228.35,98441,990,5,67.12,51256,12035,0.010056785282555,0.005050505050505,245.67,0.0546424064802377,-1161.23,-17.30080452920143
Meta,2024-08-25,2874.62,463093,4350,6,284.8,204551,24862,0.0093933615925958,0.0013793103448275,479.1033333333333,0.0990739645587938,-2589.82,-9.093469101123594
Meta,2024-08-26,468.87,53007,640,5,162.13,28034,3599,0.0120738770351085,0.0078125,93.774,0.3457888113976155,-306.74,-1.8919385678159504
Meta,2024-08-27,2089.2,360998,4233,28,451.03,188113,31036,0.0117258267358821,0.0066146940703992,74.61428571428571,0.2158864637181696,-1638.1699999999998,-3.6320643859610224
Meta,2024-08-28,2613.23,388798,3379,4,270.5,192535,57326,0.0086908883276148,0.0011837821840781,653.3075,0.1035117460001607,-2342.73,-8.660739371534197
Meta,2024-08-29,1705.83,239158,2217,18,314.71,142917,41679,0.0092700223283352,0.0081190798376184,94.76833333333332,0.1844908343738825,-1391.12,-4.420323472403164
Meta,2024-08-30,2315.6,324833,3049,10,298.14,171607,25544,0.009386361607349,0.0032797638570022,231.56,0.1287528070478493,-2017.46,-6.766820956597572
Meta,2024-08-31,2051.14,295088,2832,2,0.0,141012,47256,0.0095971371251965,0.0007062146892655,1025.57,0.0,-2051.14,
Meta,2024-09-01,4935.07,725725,8270,8,0.0,395695,57798,0.0113955010506734,0.0009673518742442,616.88375,0.0,-4935.07,
Meta,2024-09-02,2668.54,451127,5432,79,2209.94,197636,74537,0.0120409552077352,0.0145434462444771,33.77898734177215,0.8281457276263425,-458.5999999999999,-0.2075169461614342
Meta,2024-09-03,1049.63,196063,2359,9,244.64,111397,10156,0.0120318469063515,0.0038151759220008,116.62555555555556,0.2330726065375417,-804.9900000000001,-3.2905085022890783
Meta,2024-09-04,2675.63,528744,7005,131,4171.81,352582,39129,0.0132483772865507,0.0187009279086366,20.42465648854962,1.559187929571727,1496.1800000000003,0.3586404941739917
Meta,2024-09-05,996.8,107250,1588,46,614.22,57346,12153,0.0148065268065268,0.0289672544080604,21.669565217391305,0.6161918138041734,-382.5799999999999,-0.6228712839047896
Meta,2024-09-06,2537.24,301083,3346,61,2813.18,159790,43564,0.0111132146285243,0.0182307232516437,41.59409836065574,1.1087559710551622,275.9399999999996,0.0980882844325637
Meta,2024-09-07,2978.29,388245,3261,33,1028.75,186385,72754,0.0083993354711586,0.0101195952161913,90.25121212121212,0.3454163295045143,-1949.54,-1.895057108140948
Meta,2024-09-08,1062.91,144435,1488,1,0.0,69853,7117,0.0103022120677121,0.0006720430107526,1062.91,0.0,-1062.91,
Meta,2024-09-09,1654.22,262781,3601,87,1410.04,106458,20030,0.0137034260467842,0.0241599555678978,19.014022988505747,0.8523896458753975,-244.1800000000001,-0.1731723922725597
Meta,2024-09-10,346.06,43721,459,6,261.71000000000004,18631,968,0.0104983875025731,0.0130718954248366,57.67666666666667,0.7562561405536613,-84.34999999999997,-0.3223033128271749
Meta,2024-09-11,2706.29,288918,3595,2,0.0,156820,8784,0.01244297690002,0.0005563282336578,1353.145,0.0,-2706.29,
Meta,2024-09-12,1220.26,217243,2325,5,132.42,130545,30829,0.0107023011098171,0.0021505376344086,244.052,0.1085178568501794,-1087.84,-8.215073251774657
Meta,2024-09-13,3012.8900000000003,352726,3635,16,291.3,171579,36665,0.0103054495557458,0.0044016506189821,188.305625,0.0966845785939745,-2721.59,-9.342911088225195
Meta,2024-09-14,1282.76,174104,1622,8,68.64,77848,24604,0.0093162707347332,0.0049321824907521,160.345,0.0535096198821291,-1214.12,-17.688228438228435
Meta,2024-09-15,1927.98,214240,2384,52,2299.19,88387,0,0.011127707244212,0.0218120805369127,37.07653846153846,1.1925383043392566,371.21,0.1614525115366716
Meta,2024-09-16,1864.27,270028,3313,41,2149.41,137505,49067,0.0122690980194646,0.0123754904920012,45.47,1.1529499482371115,285.1399999999999,0.1326596600927695
Meta,2024-09-17,2413.84,299953,4167,32,1370.13,162057,22046,0.0138921764409757,0.007679385649148,75.4325,0.5676142577801345,-1043.71,-0.7617598330085465
Meta,2024-09-18,1871.77,176451,2101,3,0.0,78430,5738,0.0119069883423726,0.0014278914802475,623.9233333333333,0.0,-1871.77,
Meta,2024-09-19,2204.5,257610,3546,24,1032.64,117799,42521,0.0137649935949691,0.0067681895093062,91.85416666666669,0.468423678838739,-1171.86,-1.1348194917880383
Meta,2024-09-20,912.05,100407,1085,6,367.88,49498,0,0.0108060195006324,0.0055299539170506,152.00833333333335,0.4033550792171481,-544.1700000000001,-1.4792051756007396
Meta,2024-09-21,903.08,144739,1907,37,2020.38,92378,3442,0.0131754399298046,0.0194022024121657,24.40756756756757,2.237210435398857,1117.2999999999995,0.553014779397935
Meta,2024-09-22,2894.01,550321,5751,18,1144.03,303267,46211,0.0104502644820023,0.0031298904538341,160.77833333333334,0.3953096222887964,-1749.9800000000002,-1.529662683670883
Meta,2024-09-23,2512.6,328185,3523,11,1024.26,172835,24237,0.010734798970093,0.0031223389156968,228.4181818181818,0.4076494467881875,-1488.34,-1.4530880831038993
Meta,2024-09-24,2184.3,216497,2529,10,311.04,115834,12008,0.0116814551702794,0.003954132068011,218.43,0.1423980222496909,-1873.26,-6.022569444444445
Meta,2024-09-25,2051.29,222709,2737,24,294.86,99775,26094,0.0122895796757203,0.0087687248812568,85.47041666666667,0.1437436929931896,-1756.4299999999998,-5.9568269687309225
Meta,2024-09-26,2209.87,291417,4202,41,1657.79,139418,1175,0.0144191999780383,0.0097572584483579,53.899268292682926,0.750175349681203,-552.0799999999999,-0.3330216734327025
Meta,2024-09-27,352.76,47103,561,3,131.04,19441,1551,0.0119100694223297,0.0053475935828877,117.58666666666666,0.3714706882866538,-221.72,-1.692002442002442
Meta,2024-09-28,2005.34,256081,3731,103,1700.65,109863,8973,0.0145696088347046,0.0276065398016617,19.469320388349512,0.8480606779897674,-304.6899999999998,-0.1791609090641812
Meta,2024-09-29,93.58,12285,162,1,47.43,5339,0,0.0131868131868131,0.0061728395061728,93.58,0.5068390681769609,-46.15,-0.9730128610584018
Meta,2024-09-30,2845.61,449049,5129,27,1780.13,209198,20219,0.0114219160937893,0.005264184051472,105.39296296296295,0.6255706157906389,-1065.48,-0.598540556026807
Meta,2024-10-01,3368.7000000000003,493042,6146,5,0.0,252522,39359,0.0124654694731888,0.0008135372600065,673.74,0.0,-3368.7000000000003,
Meta,2024-10-02,4605.08,725601,11597,172,10955.45,363110,53763,0.015982613033885,0.0148314219194619,26.77372093023256,2.378992330209248,6350.370000000001,0.5796539621832056
Meta,2024-10-03,1939.42,372135,5464,120,1448.21,170235,3613,0.0146828435917073,0.0219619326500732,16.161833333333334,0.7467232471563663,-491.21,-0.3391842343306565
Meta,2024-10-04,2375.81,285339,3809,72,4830.53,124532,20536,0.0133490339561013,0.0189025991073772,32.99736111111111,2.033213935457802,2454.72,0.5081678407959375
Meta,2024-10-05,3112.7200000000003,389100,5304,19,908.88,198882,25728,0.0136314572089437,0.0035822021116138,163.82736842105265,0.291988999974299,-2203.84,-2.424786550479712
Meta,2024-10-06,1697.9,275091,3581,4,0.0,150099,8262,0.0130175105692298,0.0011170064227869,424.475,0.0,-1697.9,
Meta,2024-10-07,11128.09,1778972,24268,380,20350.22,964869,115575,0.0136415862644268,0.01565848030328,29.28444736842105,1.8287253248311257,9222.13,0.4531710222297351
Meta,2024-10-08,2130.7200000000003,338504,5733,12,0.0,185892,10052,0.0169362843570533,0.0020931449502878,177.56000000000003,0.0,-2130.7200000000003,
Meta,2024-10-09,1821.4,206241,3034,24,706.15,139624,4709,0.0147109449624468,0.007910349373764,75.89166666666667,0.387696277588668,-1115.25,-1.5793386674219358
Meta,2024-10-10,2309.1,223272,3466,66,3965.55,87345,10559,0.0155236662008671,0.0190421234852856,34.986363636363635,1.7173574119786932,1656.4500000000005,0.4177100276128154
Meta,2024-10-11,2971.54,450350,6000,7,0.0,260857,0,0.013322971022538,0.0011666666666666,424.5057142857143,0.0,-2971.54,
Meta,2024-10-12,4840.63,628145,9474,179,9338.31,329306,30942,0.0150825048356669,0.0188938146506227,27.042625698324024,1.9291517839620047,4497.679999999999,0.4816374697348877
Meta,2024-10-13,2701.82,343919,4772,49,1910.92,176994,30619,0.0138753601865555,0.0102682313495389,55.13918367346939,0.707271394837554,-790.9000000000001,-0.4138844116969837
Meta,2024-10-14,1474.3,219983,2720,66,985.18,88268,12753,0.012364591809367,0.0242647058823529,22.337878787878783,0.6682357729091772,-489.12,-0.4964778010109828
Meta,2024-10-15,861.74,95705,1477,16,328.07,44480,10491,0.0154328404994514,0.0108327691266079,53.85875,0.380706477591849,-533.6700000000001,-1.626695522297071
Meta,2024-10-16,6007.77,830655,12693,76,3369.64,422637,94073,0.0152807122090398,0.0059875521941227,79.0496052631579,0.560880326643663,-2638.130000000001,-0.7829115276409351
Meta,2024-10-17,2836.36,414350,5688,27,368.06,190197,77854,0.013727525039218,0.0047468354430379,105.05037037037036,0.1297649099550127,-2468.3,-6.706243547247732
Meta,2024-10-18,2605.79,332215,4619,31,1009.08,147071,54734,0.0139036467347952,0.0067114093959731,84.05774193548388,0.3872453267531152,-1596.71,-1.5823423316288103
Meta,2024-10-19,5103.49,666092,9024,106,4002.31,362719,102508,0.0135476780985209,0.0117464539007092,48.1461320754717,0.7842300073087242,-1101.1799999999994,-0.2751361088971117
Meta,2024-10-20,4839.21,702315,9260,17,0.0,338806,138075,0.0131849668596,0.0018358531317494,284.6594117647059,0.0,-4839.21,
Meta,2024-10-21,2429.42,389093,5070,24,1980.5,225170,0,0.013030303809115,0.0047337278106508,101.22583333333334,0.815215154234344,-448.9200000000001,-0.2266700328199949
Meta,2024-10-22,1559.13,214792,3217,14,414.65,125341,36653,0.0149772803456367,0.0043518806341311,111.36642857142856,0.2659496000974903,-1144.4799999999998,-2.760110936934764
Meta,2024-10-23,3942.7,561562,6975,26,787.66,264018,32141,0.0124207122276792,0.0037275985663082,151.6423076923077,0.1997768026986582,-3155.04,-4.005586166620115
Meta,2024-10-24,3241.36,356786,5467,198,13312.53,144651,43219,0.0153229106523238,0.0362173038229376,16.37050505050505,4.107081595379718,10071.170000000002,0.7565181073770352
Meta,2024-10-25,1126.43,191687,3092,78,1269.2,82982,0,0.0161304626813503,0.0252263906856403,14.441410256410258,1.1267455589783653,142.76999999999998,0.1124881815316734
Meta,2024-10-26,8438.599999999999,1311685,13975,24,1144.64,724877,81704,0.0106542348200978,0.0017173524150268,351.6083333333333,0.1356433531628469,-7293.959999999998,-6.372274252166618
Meta,2024-10-27,6773.46,962018,14006,168,12799.52,407591,74206,0.0145589791459203,0.0119948593459945,40.31821428571429,1.8896575753012488,6026.06,0.4708035926347238
Meta,2024-10-28,2268.47,266447,3779,9,538.35,117061,42520,0.0141829331912162,0.002381582429214,252.0522222222222,0.2373185450986788,-1730.12,-3.2137457044673536
Meta,2024-10-29,350.88,42374,631,4,119.4,22685,4947,0.0148912068721385,0.0063391442155309,87.72,0.3402872777017784,-231.48,-1.9386934673366831
Meta,2024-10-30,3171.84,333971,4248,43,497.75,166756,36456,0.0127196672765,0.0101224105461393,73.76372093023257,0.1569278399919289,-2674.09,-5.372355600200905
Meta,2024-10-31,6821.62,1056369,16244,193,12946.55,535000,103015,0.0153772024737568,0.011881310022162,35.34518134715026,1.8978703006030824,6124.929999999999,0.4730936040875754
Meta,2024-11-01,5207.52,562327,7963,175,6163.03,234476,12461,0.0141607996770562,0.0219766419691071,29.75725714285714,1.1834865732632809,955.5100000000002,0.1550389986743534
Meta,2024-11-02,2052.19,301561,5090,147,5818.049999999999,138922,60037,0.0168788404336104,0.0288801571709233,13.960476190476191,2.835044513422246,3765.859999999999,0.6472718522529025
Meta,2024-11-03,7701.1,991686,11843,78,4061.56,597946,110810,0.0119422881839614,0.0065861690450054,98.73205128205127,0.5273999818207789,-3639.54,-0.8960941116221355
Meta,2024-11-04,6817.259999999999,943274,11668,97,6424.59,449138,4016,0.0123696826160797,0.0083133356187864,70.28103092783505,0.9424006125628186,-392.6699999999992,-0.0611198535626396
Meta,2024-11-05,5968.59,590446,7608,32,972.01,317505,79596,0.0128851749355571,0.0042060988433228,186.5184375,0.1628542084478913,-4996.58,-5.140461517885618
Meta,2024-11-06,2294.63,283891,4107,79,2851.28,115096,1893,0.0144668200119059,0.0192354516678841,29.04594936708861,1.24258812967668,556.6500000000001,0.1952281080777756
Meta,2024-11-07,2111.28,205277,2229,2,41.12,103854,49825,0.0108584985166384,0.0008972633467922,1055.64,0.0194763366299117,-2070.1600000000003,-50.3443579766537
Meta,2024-11-08,1063.8,148016,1807,36,3738.89,86504,23686,0.0122081396605772,0.0199225235196458,29.55,3.5146550103402894,2675.09,0.7154770533500585
Meta,2024-11-09,1103.1799999999998,138347,1921,1,0.0,84460,0,0.0138853751798015,0.0005205622071837,1103.1799999999998,0.0,-1103.1799999999998,
Meta,2024-11-10,3452.14,304376,4514,6,0.0,154386,917,0.0148303414198228,0.0013291980505095,575.3566666666667,0.0,-3452.14,
Meta,2024-11-11,5675.25,834607,14708,232,4649.28,359417,27760,0.0176226655180222,0.015773728583084,24.46228448275862,0.819220298665257,-1025.9700000000005,-0.2206728783811687
Meta,2024-11-12,3000.59,365203,4952,51,1367.93,200069,8423,0.0135595819311451,0.0102988691437802,58.83509803921568,0.455887008888252,-1632.6599999999996,-1.1935259845167512
Meta,2024-11-13,2720.91,437432,6378,58,4132.84,237935,34617,0.0145805519486457,0.0090937597993101,46.912241379310345,1.5189183030677238,1411.9300000000003,0.341636743740382
Meta,2024-11-14,1550.61,281563,2728,9,432.22,167604,52520,0.009688773027706,0.0032991202346041,172.29000000000002,0.2787419144723689,-1118.39,-2.58754800795891
Meta,2024-11-15,2512.91,422865,4255,2,0.0,176715,57138,0.0100623130313457,0.0004700352526439,1256.455,0.0,-2512.91,
Meta,2024-11-16,3801.31,501692,5905,76,2621.7,279053,68225,0.0117701697455809,0.0128704487722269,50.01723684210526,0.6896832933909626,-1179.61,-0.4499408780562231
Meta,2024-11-17,2628.96,338872,5170,217,3428.77,195349,2422,0.0152564980287542,0.0419729206963249,12.115023041474654,1.3042305702635262,799.81,0.2332644067697745
Meta,2024-11-18,2150.29,375641,3926,2,0.0,138139,0,0.0104514682902026,0.0005094243504839,1075.145,0.0,-2150.29,
Meta,2024-11-19,4810.25,749616,11251,39,372.28,350492,24697,0.015009017950524,0.003466358545907,123.3397435897436,0.0773930668884153,-4437.97,-11.921054045342215
Meta,2024-11-20,3332.53,413269,5543,23,406.31,212792,48389,0.0134125714728179,0.0041493775933609,144.89260869565217,0.1219223832943739,-2926.2200000000003,-7.2019394058723645
Meta,2024-11-21,2547.75,406358,6711,9,269.33,199267,38410,0.0165149941677043,0.0013410818059901,283.0833333333333,0.1057128839171818,-2278.42,-8.459584895852672
Meta,2024-11-22,4861.8,736349,11053,55,2325.11,429354,123990,0.0150105452713319,0.0049760246087035,88.39636363636365,0.4782405693364596,-2536.6900000000005,-1.0909978452632352
Meta,2024-11-23,2973.19,454372,4769,12,83.77,218467,72227,0.010495805199264,0.0025162507863283,247.7658333333333,0.0281751250340543,-2889.42,-34.492300346185985
Meta,2024-11-24,1701.8,210169,2417,26,790.17,89333,14566,0.0115002688312738,0.010757136946628,65.45384615384616,0.4643142554941826,-911.63,-1.153713757798955
Meta,2024-11-25,3564.24,366909,4703,88,1646.75,169224,47308,0.0128178921748989,0.0187114607697214,40.50272727272727,0.4620199537629341,-1917.49,-1.164408683771064
Meta,2024-11-26,7303.84,1157504,16345,87,5270.71,566189,87401,0.0141209015260422,0.0053227286631997,83.95218390804598,0.7216354684659029,-2033.13,-0.3857411999521886
Meta,2024-11-27,5045.37,648316,10721,153,1838.92,329105,54018,0.0165366888986235,0.0142710568044025,32.97627450980392,0.3644767380786741,-3206.45,-1.7436593217758247
Meta,2024-11-28,3027.69,485124,7534,10,0.0,271496,48176,0.0155300500490596,0.0013273161667109,302.769,0.0,-3027.69,
Meta,2024-11-29,4387.7,767241,13063,123,8587.79,412208,117061,0.0170259410015888,0.0094159075250708,35.672357723577235,1.957241835130023,4200.090000000001,0.4890769336464912
Meta,2024-11-30,2836.32,314863,4276,8,190.57,145326,0,0.0135805096184689,0.0018709073900841,354.54,0.0671891747052518,-2645.7499999999995,-13.88334995014955
Meta,2024-12-01,3986.28,652965,7052,28,985.27,382974,0,0.0107999663075356,0.0039705048213272,142.36714285714285,0.2471652768997662,-3001.01,-3.0458757497944724
Meta,2024-12-02,1954.36,270929,4034,42,3578.6400000000003,129142,5275,0.0148895097977698,0.0104115022310361,46.53238095238095,1.831105835158313,1624.2800000000004,0.4538819216238572
Meta,2024-12-03,743.4300000000001,71241,1115,26,401.06,34773,5694,0.0156510997880434,0.0233183856502242,28.59346153846154,0.5394724452873841,-342.37000000000006,-0.8536627935969682
Meta,2024-12-04,3603.62,471634,5862,5,0.0,276798,17102,0.0124291293672635,0.0008529512111907,720.7239999999999,0.0,-3603.62,
Meta,2024-12-05,2678.98,246875,4011,66,4064.05,114040,21285,0.0162470886075949,0.0164547494390426,40.59060606060606,1.5170139381406356,1385.0699999999997,0.3408102754641305
Meta,2024-12-06,623.85,70964,972,2,49.3,32427,926,0.0136970858463446,0.0020576131687242,311.925,0.079025406748417,-574.5500000000001,-11.654158215010144
Meta,2024-12-07,1183.37,275319,3712,5,0.0,136840,950,0.0134825420693813,0.0013469827586206,236.67400000000004,0.0,-1183.37,
Meta,2024-12-08,4419.14,597407,8217,82,2253.79,283530,1429,0.0137544421140026,0.0099793111841304,53.8919512195122,0.5100064718474635,-2165.3500000000004,-0.9607594318902828
Meta,2024-12-09,1460.52,183591,2050,3,80.55,105952,36453,0.0111661247011019,0.0014634146341463,486.84,0.0551515898447128,-1379.97,-17.131843575418994
Meta,2024-12-10,2414.01,433374,5887,71,5734.06,174210,0,0.0135841097989265,0.0120604722269407,34.000140845070426,2.375325702876127,3320.05,0.5790051028416165
Meta,2024-12-11,2802.29,345196,4408,18,664.13,147396,48672,0.0127695570052955,0.0040834845735027,155.68277777777777,0.236995457286719,-2138.16,-3.219490160059024
Meta,2024-12-12,2871.11,354992,4661,7,130.67,202619,42572,0.0131298733492585,0.001501823642995,410.1585714285714,0.0455120145170334,-2740.44,-20.97222009642611
Meta,2024-12-13,751.13,81628,1218,38,339.78,48730,1950,0.0149213505169794,0.0311986863711001,19.76657894736842,0.4523584466071119,-411.35,-1.2106362940726354
Meta,2024-12-14,1924.48,271407,3394,13,801.45,136943,5623,0.0125052043609781,0.0038302887448438,148.03692307692307,0.4164501579647489,-1123.03,-1.4012477384740156
Meta,2024-12-15,4210.4,817529,8566,107,1268.2,458919,177049,0.0104779157681256,0.0124912444548213,39.34953271028037,0.3012065361960859,-2942.2,-2.319981075540136
Meta,2024-12-16,2525.27,328801,4003,78,2537.56,147187,4747,0.0121745371820645,0.0194853859605296,32.37525641025641,1.0048668063217003,12.289999999999964,0.0048432352338466
Meta,2024-12-17,7591.75,1017870,15517,159,10395.98,500989,100824,0.0152445793667167,0.0102468260617387,47.746855345911946,1.36937860177166,2804.23,0.2697417655670749
Meta,2024-12-18,419.26,42527,514,17,333.02,17820,0,0.0120864392033296,0.0330739299610894,24.66235294117647,0.7943042503458474,-86.24000000000001,-0.2589634256200829
Meta,2024-12-19,5074.1900000000005,601270,9120,187,12226.32,273910,80935,0.0151678946230478,0.0205043859649122,27.134705882352943,2.409511665901356,7152.129999999999,0.5849781455090329
Meta,2024-12-20,2261.6,448223,5132,5,10.98,272654,65177,0.0114496578711935,0.0009742790335151,452.32,0.0048549699327909,-2250.62,-204.9744990892532
Meta,2024-12-21,2335.21,422433,5460,78,3658.81,201095,69063,0.0129251265881216,0.0142857142857142,29.938589743589745,1.566801272690679,1323.6000000000004,0.3617569646961717
Meta,2024-12-22,3707.76,379195,4604,86,3335.84,199834,15281,0.0121415103047244,0.0186794092093831,43.11348837209302,0.8996914579152913,-371.9199999999996,-0.1114921578972611
Meta,2024-12-23,1298.72,289218,3435,7,139.26,137599,3109,0.0118768541377092,0.0020378457059679,185.53142857142856,0.1072286559073549,-1159.46,-8.325865287950597
Meta,2024-12-24,3611.95,468952,6176,60,2407.31,276250,21479,0.0131697913645746,0.0097150259067357,60.19916666666666,0.6664848627472695,-1204.64,-0.5004091704018178
Meta,2024-12-25,1871.63,301350,4509,77,3592.7,150481,28366,0.0149626679940268,0.0170769571967176,24.30688311688312,1.919556749998664,1721.0699999999997,0.4790463996437219
Meta,2024-12-26,1759.7400000000002,183662,2253,64,876.7199999999999,78032,2108,0.0122670993455369,0.0284065690190856,27.495937500000004,0.4982099628354187,-883.0200000000003,-1.0071858746235975
Meta,2024-12-27,2639.78,280963,3754,18,1081.17,133928,35674,0.0133611899075679,0.0047948854555141,146.65444444444444,0.4095682215942238,-1558.6099999999997,-1.441595678755422
Meta,2024-12-28,1490.2,183053,2173,36,1310.42,93960,5244,0.0118708789257755,0.0165669581224114,41.394444444444446,0.8793584753724333,-179.77999999999997,-0.1371926557897467
Meta,2024-12-29,2461.97,352585,3596,52,3757.08,170980,0,0.0101989591162414,0.014460511679644,47.34557692307692,1.5260462150229288,1295.1099999999997,0.344711850692559
Meta,2024-12-30,369.75,28627,374,10,994.24,15621,5179,0.0130645893736682,0.0267379679144385,36.975,2.68895199459094,624.49,0.6281079015127132
Meta,2024-12-31,5990.54,860589,12974,81,3624.53,489999,35582,0.0150757213954628,0.0062432557422537,73.95728395061728,0.6050422833333889,-2366.01,-0.6527770497140319
Meta,2025-01-01,4613.77,542038,5755,36,1232.48,280657,61165,0.0106173367918854,0.0062554300608166,128.1602777777778,0.267130784586141,-3381.2900000000004,-2.743484681293003
Meta,2025-01-02,4722.92,575351,6368,43,2421.42,304450,59385,0.011068026300467,0.006752512562814,109.83534883720932,0.5126955358125905,-2301.5,-0.950475340915661
Meta,2025-01-03,2487.09,489056,4748,37,1791.49,298692,72248,0.009708499640123,0.0077927548441449,67.21864864864865,0.7203157103281345,-695.6000000000001,-0.3882801466935345
Meta,2025-01-04,876.97,115961,946,0,0.0,56252,23071,0.0081579151611317,0.0,,0.0,-876.97,
Meta,2025-01-05,1507.5,182820,1374,1,0.0,86380,1362,0.0075155891040367,0.0007278020378457,1507.5,0.0,-1507.5,
Meta,2025-01-06,2214.05,369945,4330,56,1285.78,191367,56137,0.0117044425522712,0.012933025404157,39.53660714285714,0.5807366590637068,-928.2700000000002,-0.7219508780662324
Meta,2025-01-07,1306.11,127898,1145,1,0.0,73029,0,0.0089524464807893,0.0008733624454148,1306.11,0.0,-1306.11,
Meta,2025-01-08,1426.96,139850,1451,3,77.59,56921,3184,0.0103754022166607,0.0020675396278428,475.65333333333336,0.0543743342490329,-1349.37,-17.39102977187782
Meta,2025-01-09,6479.679999999999,868688,10502,56,2301.38,425617,38515,0.0120894958834472,0.0053323176537802,115.70857142857142,0.3551687737666058,-4178.299999999999,-1.8155628362113163
Meta,2025-01-10,3412.65,435814,4879,40,2793.99,216999,42096,0.0111951428820551,0.0081984013117442,85.31625,0.8187156608500725,-618.6599999999999,-0.2214252735335487
Meta,2025-01-11,1206.57,154328,1386,6,248.95,71102,6399,0.0089808719091804,0.0043290043290043,201.095,0.2063286837895853,-957.62,-3.8466358706567583
Meta,2025-01-12,2100.05,225142,2915,25,1154.98,96820,5658,0.0129473843174529,0.0085763293310463,84.00200000000001,0.5499773814909168,-945.0700000000002,-0.818256593187761
Meta,2025-01-13,2467.29,359249,3563,43,2416.01,187748,39036,0.0099179120888297,0.0120684816166152,57.378837209302326,0.9792160629678716,-51.2800000000002,-0.0212250777107711
Meta,2025-01-14,3872.81,506305,5732,3,0.0,288193,53573,0.0113212391740156,0.000523377529658,1290.9366666666667,0.0,-3872.81,
Meta,2025-01-15,1565.56,162383,1451,0,0.0,78080,17013,0.008935664447633,0.0,,0.0,-1565.56,
Meta,2025-01-16,4151.8,636871,7103,25,1498.11,304976,88292,0.0111529650431563,0.003519639588906,166.072,0.3608338551953369,-2653.6900000000005,-1.7713585784755463
Meta,2025-01-17,3566.56,605267,5938,42,845.6800000000001,325261,90900,0.0098105464200096,0.0070730885820141,84.91809523809523,0.2371136333049213,-2720.88,-3.217387191372623
Meta,2025-01-18,1331.87,167769,1676,29,1106.26,72519,8748,0.0099899266253002,0.0173031026252983,45.92655172413794,0.8306065907333298,-225.61000000000013,-0.2039393994178585
Meta,2025-01-19,1383.6799999999998,204866,2283,32,1034.5,95964,6323,0.0111438696513818,0.0140166447656592,43.24,0.7476439639222943,-349.17999999999984,-0.3375350410826485
Meta,2025-01-20,2125.97,318019,3120,13,336.64,122314,20481,0.0098107345787515,0.0041666666666666,163.53615384615384,0.1583465429897882,-1789.33,-5.3152625950570345
Meta,2025-01-21,3119.42,611536,5775,21,478.67,298587,74161,0.0094434342377227,0.0036363636363636,148.54380952380953,0.1534483974585019,-2640.75,-5.516848768462616
Meta,2025-01-22,1494.86,258921,3820,71,847.5699999999999,120498,32473,0.0147535348619849,0.0185863874345549,21.054366197183096,0.5669895508609502,-647.29,-0.7637009332562502
Meta,2025-01-23,231.96,39438,478,1,54.33,16370,0,0.0121202900755616,0.002092050209205,231.96,0.2342214174857734,-177.63,-3.269464384318056
Meta,2025-01-24,1200.67,208508,1906,10,835.75,123122,20123,0.0091411360715176,0.0052465897166841,120.067,0.6960696944206151,-364.9200000000001,-0.4366377505234819
Meta,2025-01-25,3059.14,587464,7824,67,5582.22,326833,61098,0.0133182629063227,0.0085633946830265,45.65880597014925,1.8247677451832869,2523.0800000000004,0.4519850525418203
Meta,2025-01-26,2283.4700000000003,261324,2841,27,1475.16,132448,10991,0.0108715617394498,0.0095036958817317,84.57296296296298,0.6460168077531124,-808.3100000000004,-0.5479473413053503
Meta,2025-01-27,315.13,36473,402,4,228.95,21529,3290,0.0110218517807693,0.0099502487562189,78.7825,0.7265255608796369,-86.18,-0.3764140642061586
Meta,2025-01-28,2110.15,314852,3605,27,1436.14,145553,6561,0.0114498240443128,0.0074895977808599,78.15370370370371,0.6805866881501315,-674.0100000000002,-0.4693205397802444
Meta,2025-01-29,1225.79,142098,1645,19,689.41,71377,11545,0.011576517614604,0.0115501519756838,64.51526315789474,0.5624209693340622,-536.38,-0.7780275888078212
Meta,2025-01-30,1441.62,174837,2343,24,496.5,88816,0,0.0134010535527376,0.0102432778489116,60.0675,0.3444042119282474,-945.12,-1.9035649546827795
Meta,2025-01-31,2162.42,245719,2263,24,303.19,110342,8066,0.0092097070230629,0.0106053910737958,90.10083333333334,0.1402086551178772,-1859.23,-6.132227316204361
Meta,2025-02-01,1753.83,269615,2128,8,182.71,150985,22305,0.0078927359382823,0.0037593984962406,219.22875,0.1041777139175404,-1571.12,-8.59898199332275
Meta,2025-02-02,3052.09,382066,3944,30,948.81,226208,52570,0.0103228238053111,0.0076064908722109,101.73633333333332,0.3108722219855901,-2103.28,-2.216755725593112
Meta,2025-02-03,90.82,11054,100,1,17.93,6661,1692,0.0090464990048851,0.01,90.82,0.1974234750055054,-72.88999999999999,-4.065253764640267
Meta,2025-02-04,2783.09,436208,4804,50,2556.1,184196,21257,0.0110130946704324,0.0104079933388842,55.6618,0.918439576154562,-226.99000000000024,-0.0888032549587262
Meta,2025-02-05,1219.47,160767,1489,0,0.0,87994,5573,0.0092618510017603,0.0,,0.0,-1219.47,
Meta,2025-02-06,1295.82,200129,2144,2,0.0,100151,9530,0.0107130900569132,0.0009328358208955,647.91,0.0,-1295.82,
Meta,2025-02-07,3931.88,514466,5758,48,1575.24,217502,52716,0.0111921876275594,0.0083362278568947,81.91416666666667,0.4006327761783167,-2356.6400000000003,-1.496051395342932
Meta,2025-02-08,3139.6,348316,4490,84,2915.42,160954,75154,0.0128905935989159,0.0187082405345211,37.37619047619047,0.928595999490381,-224.17999999999984,-0.0768945812267185
Meta,2025-02-09,1341.4299999999998,231339,2499,38,592.04,112574,18870,0.0108023290495765,0.0152060824329731,35.300789473684205,0.4413499027157586,-749.3899999999999,-1.2657759610837105
Meta,2025-02-10,3818.66,454475,3707,1,0.0,253948,76549,0.0081566642829638,0.0002697599136768,3818.66,0.0,-3818.66,
Meta,2025-02-11,2303.49,278612,2936,26,2028.49,122867,9877,0.0105379524212883,0.0088555858310626,88.59576923076924,0.8806159349508788,-275.0000000000002,-0.1355688221287757
Meta,2025-02-12,2281.03,524459,4649,4,0.0,294169,7764,0.0088643726201666,0.00086040008604,570.2574999999999,0.0,-2281.03,
Meta,2025-02-13,697.13,99387,1098,11,353.18,42638,7736,0.011047722539165,0.0100182149362477,63.37545454545455,0.5066199991393284,-343.95,-0.9738660173282744
Meta,2025-02-14,4872.57,647216,8488,67,1263.54,312775,83045,0.0131146325183555,0.0078934967012252,72.72492537313433,0.2593169518344528,-3609.03,-2.856284723871029
Meta,2025-02-15,1213.72,167711,1928,2,40.65,110557,0,0.0114959662753188,0.0010373443983402,606.86,0.033492073954454,-1173.07,-28.85781057810578
Meta,2025-02-16,697.01,111000,1061,1,0.0,69102,2330,0.0095585585585585,0.000942507068803,697.01,0.0,-697.01,
Meta,2025-02-17,312.32,35679,359,4,131.1,17133,2371,0.0100619411979035,0.011142061281337,78.08,0.4197617827868852,-181.22,-1.3823035850495806
Meta,2025-02-18,3005.7200000000003,377907,3779,9,325.98,210412,7867,0.0099998147692421,0.002381582429214,333.9688888888889,0.1084532158684108,-2679.74,-8.220565678876005
Meta,2025-02-19,3334.41,565196,5312,37,501.23,252815,92016,0.0093985095435919,0.0069653614457831,90.1191891891892,0.1503204464957818,-2833.18,-5.652454960796441
Meta,2025-02-20,1542.58,192100,1855,1,0.0,86516,0,0.0096564289432587,0.0005390835579514,1542.58,0.0,-1542.58,
Meta,2025-02-21,467.22,67716,1103,14,856.94,30531,0,0.0162886171658101,0.0126926563916591,33.37285714285714,1.834125251487522,389.7200000000001,0.4547809648283428
Meta,2025-02-22,5173.429999999999,720728,8621,71,4043.4,354274,74225,0.0119615166886814,0.0082357035146734,72.86521126760563,0.7815704474594225,-1130.0299999999995,-0.2794751941435425
Meta,2025-02-23,500.47,82871,687,0,0.0,45930,0,0.008289992880501,0.0,,0.0,-500.47,
Meta,2025-02-24,3170.32,339878,3558,12,412.8200000000001,159704,31592,0.0104684622129116,0.0033726812816188,264.1933333333333,0.1302139847081682,-2757.5,-6.679666682815754
Meta,2025-02-25,1443.96,193736,2644,75,1417.04,83996,16333,0.0136474377503406,0.0283661119515885,19.2528,0.9813568242887614,-26.92000000000008,-0.0189973465816067
Meta,2025-02-26,341.92,57873,731,19,786.25,32422,5686,0.0126311060425414,0.0259917920656634,17.99578947368421,2.2995145063172675,444.33,0.5651255961844198
Meta,2025-02-27,4509.96,803321,9292,135,6694.099999999999,340671,76619,0.0115669825636327,0.014528626775721,33.407111111111114,1.4842925436145773,2184.1399999999994,0.3262783645299592
Meta,2025-02-28,2066.48,360204,4300,7,403.51,165397,4521,0.0119376797592475,0.0016279069767441,295.2114285714286,0.1952644109790561,-1662.97,-4.121260935292805
Meta,2025-03-01,1893.35,225277,2610,2,0.0,143414,27186,0.0115857366708541,0.0007662835249042,946.675,0.0,-1893.35,
Meta,2025-03-02,992.58,157040,1486,1,0.0,94081,6166,0.0094625573102394,0.0006729475100942,992.58,0.0,-992.58,
Meta,2025-03-03,3493.85,393388,4141,22,492.23,159112,47020,0.0105265030961798,0.0053127263945906,158.81136363636364,0.1408846973968544,-3001.62,-6.098002966093087
Meta,2025-03-04,1188.96,113307,1556,6,77.34,54680,0,0.0137326025753042,0.0038560411311053,198.16,0.065048445700444,-1111.62,-14.373157486423583
Meta,2025-03-05,3090.57,412350,5598,43,1566.5100000000002,239531,0,0.0135758457620953,0.0076813147552697,71.87372093023257,0.5068676651879751,-1524.06,-0.972901545473696
Meta,2025-03-06,2417.45,347989,4116,47,1927.21,159696,45682,0.0118279600791979,0.0114188532555879,51.43510638297872,0.7972078016091336,-490.2399999999998,-0.2543780906076658
Meta,2025-03-07,3067.11,373101,4711,24,1801.17,168364,3993,0.0126266078086094,0.0050944597749946,127.79625,0.5872531470993867,-1265.94,-0.7028431519512317
Meta,2025-03-08,730.08,103084,1174,8,189.62,45248,0,0.0113887703232315,0.0068143100511073,91.26,0.2597249616480385,-540.46,-2.8502267693281302
Meta,2025-03-09,421.27,61934,787,4,97.26,37240,5619,0.0127070752736784,0.0050825921219822,105.3175,0.2308733116528592,-324.01,-3.3313798067036804
Meta,2025-03-10,1811.0,262610,2777,4,99.91,131835,29769,0.0105746163512432,0.0014404033129276,452.75,0.0551684152401987,-1711.09,-17.126313682314084
Meta,2025-03-11,2615.21,273060,2819,33,669.37,137258,763,0.0103237383725188,0.0117062788222774,79.24878787878788,0.2559526768404832,-1945.84,-2.9069722276170133
Meta,2025-03-12,1718.13,171961,1626,4,158.41,76377,19792,0.0094556323817609,0.002460024600246,429.5325,0.0921990769033775,-1559.72,-9.84609557477432
Meta,2025-03-13,1863.95,283184,2866,16,286.3,122838,6088,0.0101206282840838,0.0055826936496859,116.496875,0.1535985407333888,-1577.65,-5.510478519035976
Meta,2025-03-14,2590.33,454877,5545,62,1473.9,249687,76881,0.0121901085348346,0.0111812443642921,41.77951612903226,0.5690008608941718,-1116.4299999999998,-0.7574665852500168
Meta,2025-03-15,928.21,92158,1403,24,682.21,38563,4094,0.0152238546843464,0.0171062009978617,38.67541666666666,0.7349737667122742,-245.9999999999999,-0.360592779349467
Meta,2025-03-16,1638.43,212829,2223,19,821.03,122831,15664,0.0104450051449755,0.0085470085470085,86.23315789473685,0.5011077678021032,-817.4000000000001,-0.995578724285349
Meta,2025-03-17,3424.46,725122,6186,29,952.16,402059,94333,0.0085309782353865,0.0046880051729712,118.0848275862069,0.2780467577369863,-2472.3,-2.5965173920349525
Meta,2025-03-18,1168.73,169664,2247,34,345.49,98090,0,0.013243823085628,0.0151312861593235,34.37441176470588,0.2956114757043971,-823.24,-2.3828186054589136
Meta,2025-03-19,4050.69,369863,3906,38,1784.78,208366,38751,0.0105606670578024,0.0097286226318484,106.5971052631579,0.4406113526337488,-2265.91,-1.2695738410336288
Meta,2025-03-20,3470.44,600748,6540,17,540.33,298181,66472,0.0108864282527782,0.0025993883792048,204.14352941176472,0.1556949551065571,-2930.11,-5.422815686709973
Meta,2025-03-21,3084.01,514146,5000,18,295.65,295095,28069,0.0097248641436479,0.0036,171.3338888888889,0.0958654479071079,-2788.36,-9.431286994757317
Meta,2025-03-22,1387.0500000000002,260285,3316,44,1013.51,104410,48885,0.0127398812839771,0.0132689987937273,31.52386363636364,0.7306946397029667,-373.5400000000002,-0.3685607443439139
Meta,2025-03-23,3872.67,483055,4548,36,1817.09,209877,69747,0.0094150769581103,0.0079155672823219,107.57416666666668,0.4692085821926475,-2055.58,-1.1312483146129249
Meta,2025-03-24,911.13,100618,1447,8,213.35,45370,1090,0.014381124649665,0.0055286800276434,113.89125,0.2341597796143251,-697.78,-3.270588235294117
Meta,2025-03-25,2350.56,363420,4159,21,1585.49,172657,70921,0.011444059215233,0.0050492906948785,111.93142857142855,0.674515860050371,-765.0699999999999,-0.4825448284126673
Meta,2025-03-26,2502.9,355135,4955,89,2665.94,142812,8486,0.0139524406211722,0.0179616548940464,28.12247191011236,1.0651404370929722,163.03999999999996,0.0611566651912646
Meta,2025-03-27,267.3,34030,385,1,9.52,16849,4564,0.0113135468704084,0.0025974025974025,267.3,0.0356154133931911,-257.78000000000003,-27.07773109243698
Meta,2025-03-28,3373.02,400819,4736,59,5435.7,204783,64969,0.0118158071348913,0.0124577702702702,57.169830508474575,1.6115232047245496,2062.68,0.379469065621723
Meta,2025-03-29,2167.8,332263,4193,49,1973.78,159237,49358,0.0126195212828391,0.011686143572621,44.24081632653061,0.9104991235353814,-194.0200000000002,-0.0982986959032922
Meta,2025-03-30,2178.47,470514,6455,115,3707.54,246888,108624,0.0137190391784303,0.0178156467854376,18.943217391304348,1.701900875385018,1529.0700000000002,0.4124217135890645
Meta,2025-03-31,4667.97,700599,9597,156,8064.27,313645,9602,0.0136982781876651,0.0162550797124101,29.922884615384618,1.7275753700216585,3396.3,0.4211540536217165
Meta,2025-04-01,1483.63,178100,2044,39,1072.25,86757,14586,0.0114766984839977,0.0190802348336594,38.04179487179488,0.7227206244144428,-411.3800000000001,-0.3836605269293542
Meta,2025-04-02,1318.42,207329,2322,18,944.95,87073,4856,0.011199590988236,0.0077519379844961,73.24555555555555,0.7167291151529861,-373.47,-0.3952272607016244
Meta,2025-04-03,949.42,107763,1296,16,725.84,63407,12599,0.0120263912474597,0.0123456790123456,59.338750000000005,0.7645088580396452,-223.58000000000004,-0.3080293177559793
Meta,2025-04-04,541.53,79784,846,22,310.13,35451,0,0.0106036298004612,0.0260047281323877,24.615,0.5726921869517848,-231.4,-0.7461387160223132
Meta,2025-04-05,2420.56,327173,3978,11,629.21,162597,7910,0.0121587050276153,0.0027652086475615,220.05090909090907,0.2599439799054764,-1791.35,-2.8469827243686523
Meta,2025-04-06,4375.79,563051,6957,94,3022.1000000000004,295037,41148,0.0123558967127311,0.0135115710794882,46.55095744680851,0.6906410042529464,-1353.6899999999996,-0.4479302471791136
Meta,2025-04-07,1737.15,269707,3063,49,2863.2,140151,28168,0.0113567686415258,0.0159973881815213,35.45204081632653,1.6482169070028496,1126.05,0.3932837384744342
Meta,2025-04-08,750.63,124282,1520,33,2941.25,70012,700,0.0122302505592121,0.0217105263157894,22.74636363636364,3.91837523147223,2190.62,0.7447921801954951
Meta,2025-04-09,1739.09,337629,3477,9,136.93,198367,15196,0.0102982859884666,0.0025884383088869,193.23222222222225,0.0787365806254995,-1602.16,-11.700576937121156
Meta,2025-04-10,2529.25,330634,3077,7,369.36,194114,39821,0.0093063629269827,0.0022749431264218,361.32142857142856,0.1460353859839873,-2159.89,-5.847655403941954
Meta,2025-04-11,3151.65,484327,5002,37,1814.95,178212,109654,0.0103277331224565,0.0073970411835265,85.17972972972973,0.5758729554360413,-1336.7000000000005,-0.7364941182952701
Meta,2025-04-12,2029.99,294166,3148,45,3956.38,117581,20062,0.0107014406831516,0.0142947903430749,45.11088888888889,1.948965265838748,1926.39,0.4869072232697566
Meta,2025-04-13,4304.7,577620,7109,109,3293.49,297534,29864,0.0123073993282781,0.0153326768884512,39.49266055045872,0.7650916440170047,-1011.21,-0.3070329650310157
Meta,2025-04-14,667.72,95646,963,3,183.26,48147,4281,0.0100683771407063,0.0031152647975077,222.57333333333327,0.2744563589528545,-484.46,-2.643566517516098
Meta,2025-04-15,1437.69,222048,2749,31,859.45,97210,9822,0.0123802060815679,0.0112768279374317,46.377096774193554,0.5977992474038214,-578.24,-0.6728023736110302
Meta,2025-04-16,2197.54,329765,3897,42,3808.81,165093,2749,0.011817506406077,0.0107775211701308,52.32238095238095,1.7332153225879847,1611.27,0.4230376416781094
Meta,2025-04-17,1152.99,141361,1037,10,656.2,69614,15678,0.0073358281279843,0.0096432015429122,115.299,0.5691289603552503,-496.79,-0.757071014934471
Meta,2025-04-18,2149.33,377405,3355,16,1284.79,189129,8193,0.0088896543501013,0.0047690014903129,134.333125,0.5977630238260295,-864.54,-0.6729037430241518
Meta,2025-04-19,2951.84,377279,4474,15,456.36,191548,2739,0.0118585980136715,0.0033527045149754,196.78933333333333,0.1546018754404032,-2495.48,-5.468226838460864
Meta,2025-04-20,2003.86,386988,4505,113,2150.27,174543,34423,0.0116411878404498,0.0250832408435072,17.733274336283188,1.0730639865060432,146.40999999999983,0.0680891236914433
Meta,2025-04-21,659.39,93002,1039,21,1649.15,37578,0,0.0111718027569299,0.0202117420596727,31.39952380952381,2.501023673395108,989.76,0.6001637207046054
Meta,2025-04-22,3345.51,535421,4801,36,1505.17,219224,78273,0.0089667756774575,0.007498437825453,92.93083333333334,0.4499074879465313,-1840.34,-1.2226791658085134
Meta,2025-04-23,3467.0,493463,5938,68,3881.89,210131,91634,0.01203332367371,0.0114516672280229,50.98529411764706,1.119668301124892,414.8900000000003,0.1068783504942181
Meta,2025-04-24,2456.41,499396,5049,33,822.84,249181,43434,0.01011021313747,0.0065359477124183,74.43666666666667,0.3349766529203187,-1633.5699999999997,-1.985282679500267
Meta,2025-04-25,1743.77,375109,3895,2,101.27,123153,0,0.0103836484861733,0.0005134788189987,871.885,0.0580753195662272,-1642.5,-16.2190184654883
Meta,2025-04-26,5142.530000000001,646928,6106,49,1278.28,349201,37289,0.009438453738283,0.0080248935473304,104.94959183673473,0.2485702562746352,-3864.250000000001,-3.023007478799638
Meta,2025-04-27,2452.3,205734,2050,17,1069.54,89663,3894,0.0099643228635033,0.0082926829268292,144.2529411764706,0.4361375035680789,-1382.7600000000002,-1.2928548721880435
Meta,2025-04-28,2461.25,303599,3296,11,912.03,185827,11863,0.0108564257458028,0.0033373786407766,223.75,0.3705556119857796,-1549.22,-1.698650263697466
Meta,2025-04-29,1529.95,210624,2831,18,843.65,98401,10470,0.0134410133697964,0.0063581773225008,84.99722222222222,0.5514232491257884,-686.3000000000001,-0.8134890061044273
Meta,2025-04-30,3067.66,490825,5354,23,428.59,274732,3938,0.0109081648245301,0.0042958535674262,133.37652173913042,0.1397123540418429,-2639.07,-6.157563172262535
Meta,2025-05-01,2780.59,502951,6510,82,6857.06,322584,10211,0.0129436068324747,0.0125960061443932,33.90963414634147,2.46604497606623,4076.4699999999993,0.5944923917830673
Meta,2025-05-02,2273.29,322222,3318,16,935.68,151197,18121,0.010297248480861,0.0048221820373719,142.080625,0.4115972885113645,-1337.61,-1.429559251025992
Meta,2025-05-03,5179.25,586082,5728,40,1685.74,289219,79438,0.0097733764217293,0.0069832402234636,129.48125,0.3254795578510402,-3493.51,-2.072389573718368
Meta,2025-05-04,3977.26,534331,6550,40,3587.1,269517,16267,0.012258319281494,0.0061068702290076,99.4315,0.9019023146588356,-390.1599999999999,-0.1087675280867552
Meta,2025-05-05,3620.92,514411,6609,71,4320.19,266752,55673,0.0128477034900109,0.010742926312604,50.99887323943662,1.1931194282116149,699.2699999999995,0.1618609366717666
Meta,2025-05-06,693.5699999999999,86474,1058,2,47.53,47609,3729,0.0122348914124476,0.0018903591682419,346.785,0.0685294923367504,-646.04,-13.592257521565326
Meta,2025-05-07,2596.09,389852,4966,11,235.16,236426,0,0.0127381673045155,0.0022150624244865,236.00818181818184,0.0905823758036123,-2360.9300000000003,-10.039675114815449
Meta,2025-05-08,1970.79,294379,3410,10,785.24,141880,26718,0.0115837067182101,0.002932551319648,197.079,0.3984392045829337,-1185.55,-1.5097931842494017
Meta,2025-05-09,2019.82,286347,3879,42,1372.26,142858,6557,0.013546501272931,0.0108275328692962,48.09095238095238,0.6793971740056045,-647.56,-0.4718930814860157
Meta,2025-05-10,2755.8500000000004,265825,2900,3,139.20999999999998,169641,36297,0.0109094328975829,0.0010344827586206,918.6166666666668,0.0505143603606872,-2616.6400000000003,-18.796350836865173
Meta,2025-05-11,2984.9700000000003,384278,3894,42,1822.83,205474,18394,0.0101332889210415,0.0107858243451463,71.07071428571429,0.6106694539643613,-1162.1400000000003,-0.6375471108112113
Meta,2025-05-12,6671.72,996048,9155,20,733.09,526146,103028,0.0091913241128941,0.0021845985800109,333.586,0.1098802108002134,-5938.63,-8.100819817484892
Meta,2025-05-13,2171.32,358825,5303,80,3697.34,178052,12223,0.0147787918901971,0.0150858004902885,27.1415,1.702807508796493,1526.0200000000004,0.4127345605218888
Meta,2025-05-14,1529.95,215695,2633,30,272.24,111075,7606,0.0122070516238206,0.0113938473224458,50.998333333333335,0.1779404555704434,-1257.71,-4.619857478695269
Meta,2025-05-15,1982.04,230746,2871,16,1433.62,105614,2955,0.012442252520087,0.0055729710902124,123.8775,0.7233052814272164,-548.4200000000001,-0.3825420962319165
Meta,2025-05-16,799.0999999999999,87626,1034,20,566.0999999999999,41361,3915,0.0118001506402209,0.0193423597678916,39.955,0.7084219747215618,-233.0,-0.4115880586468822
Meta,2025-05-17,2810.2700000000004,335828,4009,62,2922.09,136372,46421,0.0119376585633121,0.0154652032925916,45.326935483870976,1.0397897710896105,111.81999999999972,0.0382671307180818
Meta,2025-05-18,764.7,74566,666,0,0.0,35163,1767,0.0089316846820266,0.0,,0.0,-764.7,
Meta,2025-05-19,498.99,89055,879,5,346.07,48304,12513,0.0098703048677783,0.005688282138794,99.798,0.6935409527245034,-152.92000000000002,-0.4418759210564337
Meta,2025-05-20,2168.38,380027,3724,22,426.18,236783,19981,0.009799303733682,0.005907626208378,98.56272727272729,0.196543041348841,-1742.2,-4.087944061194801
Meta,2025-05-21,1121.33,242580,2691,7,444.38,95048,1780,0.0110932475884244,0.0026012634708286,160.19,0.3962972541535498,-676.9499999999999,-1.52335838696611
Meta,2025-05-22,3321.82,587296,9267,181,7343.13,276989,9935,0.0157790960605895,0.0195316715226071,18.352596685082872,2.2105743237141087,4021.31,0.5476288721566961
Meta,2025-05-23,3690.52,505308,5674,40,1988.98,289501,10899,0.0112287951111005,0.0070497003877335,92.263,0.5389430215796148,-1701.5399999999995,-0.8554837152711438
Meta,2025-05-24,1370.16,234726,3222,108,4765.79,120706,512,0.0137266429794739,0.0335195530726257,12.686666666666667,3.478272610498044,3395.63,0.7125009704582032
Meta,2025-05-25,1629.16,252623,2636,32,1430.13,114110,25879,0.0104345210056091,0.0121396054628224,50.91125,0.8778327481646984,-199.03,-0.1391691664394146
Meta,2025-05-26,1331.98,220397,2164,1,0.0,133641,43174,0.0098186454443572,0.0004621072088724,1331.98,0.0,-1331.98,
Meta,2025-05-27,3395.71,507503,5771,37,1608.76,244116,89337,0.0113713613515585,0.0064113671807312,91.77594594594596,0.473762482661947,-1786.95,-1.1107623262637063
Meta,2025-05-28,4598.76,591747,7483,37,1915.44,316514,38363,0.0126456069908254,0.0049445409595082,124.2908108108108,0.4165122772225556,-2683.32,-1.4008896128304724
Meta,2025-05-29,4099.9400000000005,725059,7511,50,1960.58,361220,129403,0.0103591569789493,0.0066569032086273,81.99880000000002,0.4781972419108571,-2139.3600000000006,-1.0911873017168392
Meta,2025-05-30,1401.03,219671,2754,39,1871.8,108098,26073,0.0125369302274765,0.0141612200435729,35.92384615384616,1.336017073153323,470.77,0.2515065712148733
Meta,2025-05-31,3473.3,571130,5357,36,438.2,320406,59306,0.0093796508675783,0.0067201792047787,96.48055555555555,0.1261624391788788,-3035.1000000000004,-6.926289365586491
Meta,2025-06-01,3244.45,315398,3150,8,149.01,156439,35336,0.0099873810233419,0.0025396825396825,405.55625,0.0459276610827721,-3095.44,-20.773370914703708
Meta,2025-06-02,580.22,96361,1093,1,84.16,49642,382,0.0113427631510673,0.000914913083257,580.22,0.1450484299058977,-496.06000000000006,-5.894249049429659
Meta,2025-06-03,2566.11,357569,4548,66,1181.57,163068,38682,0.0127192234226121,0.0145118733509234,38.88045454545455,0.4604518122761689,-1384.5400000000002,-1.1717799199370331
Meta,2025-06-04,2296.91,372040,4342,21,1267.55,217400,20769,0.0116707880873024,0.004836480884385,109.37666666666668,0.5518500942570671,-1029.36,-0.8120863082324168
Meta,2025-06-05,995.03,104322,1198,36,732.74,38177,1350,0.0114836755430302,0.030050083472454,27.639722222222225,0.7363999075404762,-262.29,-0.3579578022217975
Meta,2025-06-06,724.4000000000001,91259,1028,4,311.56,43590,955,0.0112646423914353,0.0038910505836575,181.1,0.4300938707896189,-412.8400000000001,-1.325073822056747
Meta,2025-06-07,2215.86,455241,4434,4,54.85,235226,11480,0.0097398960111237,0.0009021199819576,553.965,0.0247533688951468,-2161.01,-39.39854147675479
Meta,2025-06-08,3573.54,399748,3584,33,1258.95,195287,35571,0.0089656483584658,0.0092075892857142,108.2890909090909,0.3522977215869978,-2314.59,-1.838508280710116
Meta,2025-06-09,3142.54,581319,5935,26,245.09,362638,81715,0.0102095407168869,0.0043807919123841,120.86692307692309,0.0779910518243204,-2897.45,-11.82198376106736
Meta,2025-06-10,616.86,88821,691,0,0.0,41389,0,0.007779691739566,0.0,,0.0,-616.86,
Meta,2025-06-11,1153.99,182642,1934,31,1924.35,71040,10318,0.0105890211451911,0.0160289555325749,37.22548387096774,1.667562110590213,770.3599999999999,0.4003221867123963
Meta,2025-06-12,607.6099999999999,54945,561,5,113.98,26976,2920,0.0102102102102102,0.0089126559714795,121.52199999999998,0.1875874327282303,-493.6299999999999,-4.330847517108263
Meta,2025-06-13,4010.44,502027,5182,74,3030.86,260880,44772,0.0103221539877337,0.0142802006947124,54.19513513513514,0.7557425120435662,-979.5800000000004,-0.3232019954732322
Meta,2025-06-14,3500.84,384602,2975,3,27.66,240244,38926,0.0077352691873677,0.0010084033613445,1166.9466666666667,0.0079009609122382,-3473.1800000000003,-125.56688358640638
Meta,2025-06-15,2818.49,434545,3911,43,621.83,255720,59568,0.0090002186194755,0.0109946305292764,65.54627906976744,0.2206252284024424,-2196.66,-3.5325732113278545
Meta,2025-06-16,316.58,31484,378,1,48.35,18762,0,0.0120060983356625,0.0026455026455026,316.58,0.152726009223577,-268.23,-5.547673216132367
Meta,2025-06-17,2510.5,439365,5890,61,1266.62,234430,23392,0.0134057105140373,0.0103565365025466,41.15573770491803,0.504528978291177,-1243.88,-0.9820467069839416
Meta,2025-06-18,1166.37,190057,2233,13,521.3399999999999,90616,1865,0.0117491068468933,0.005821764442454,89.72076923076922,0.4469765168857223,-645.03,-1.237253999309472
Meta,2025-06-19,1113.94,108208,1077,2,8.48,64337,8305,0.0099530533786781,0.0018570102135561,556.97,0.0076126182738747,-1105.46,-130.36084905660377
Meta,2025-06-20,2786.28,386358,4500,40,2378.26,179513,20490,0.0116472287360427,0.0088888888888888,69.657,0.8535610204286719,-408.02,-0.1715624027650467
Meta,2025-06-21,1023.57,100682,1411,25,616.85,37986,3638,0.0140144216443852,0.0177179305457122,40.942800000000005,0.6026456422130386,-406.72,-0.6593499229958661
Meta,2025-06-22,1019.11,242516,2743,28,2033.64,136846,1373,0.0113105939401936,0.0102078016769959,36.39678571428571,1.995505882583824,1014.5300000000002,0.4988739403237545
Meta,2025-06-23,1811.64,204186,2310,27,2685.86,95619,40895,0.0113132144221445,0.0116883116883116,67.09777777777778,1.4825572409529488,874.2200000000003,0.3254897872562234
Meta,2025-06-24,4581.41,595954,4522,8,257.45,312985,66797,0.0075878339603392,0.0017691287041132,572.67625,0.0561944903424928,-4323.96,-16.79533890075743
Meta,2025-06-25,1702.87,190177,1447,0,0.0,106509,18885,0.0076087013676732,0.0,,0.0,-1702.87,
Meta,2025-06-26,4025.18,484546,4747,12,380.46,231030,14701,0.0097967994782745,0.0025279123657046,335.4316666666667,0.0945199966212691,-3644.72,-9.579771855122743
Meta,2025-06-27,1802.06,272297,2329,12,928.73,129336,18091,0.0085531607032027,0.0051524259338772,150.17166666666665,0.5153712972930979,-873.3299999999999,-0.9403486481539304
Meta,2025-06-28,768.07,132182,1233,10,743.1,63361,1155,0.0093280476918188,0.008110300081103,76.807,0.9674899423229654,-24.970000000000027,-0.0336024761135782
Meta,2025-06-29,1094.98,167551,1897,28,968.01,88777,12315,0.0113219258613795,0.014760147601476,39.10642857142857,0.8840435441743228,-126.97000000000004,-0.131166000351236
Meta,2025-06-30,2348.53,442549,3449,4,0.0,191469,20550,0.0077934872748554,0.0011597564511452,587.1325,0.0,-2348.53,
Meta,2025-07-01,1536.5,151488,1501,11,389.94,66343,14410,0.009908375580904,0.0073284477015323,139.6818181818182,0.2537845753335502,-1146.56,-2.940349797404729
Meta,2025-07-02,1505.35,172271,1358,2,48.01,74531,37493,0.0078829286415008,0.0014727540500736,752.675,0.0318929152688743,-1457.34,-30.35492605707144
Meta,2025-07-03,1208.73,217109,2009,20,495.49,108657,16165,0.0092534164866495,0.0099552015928322,60.4365,0.4099261208044807,-713.24,-1.439463964963975
Meta,2025-07-04,2119.37,312497,2599,1,0.0,149497,33585,0.0083168798420464,0.0003847633705271,2119.37,0.0,-2119.37,
Meta,2025-07-05,3195.48,504056,4757,42,1663.7,243037,35074,0.0094374434586633,0.0088290939667857,76.08285714285714,0.5206416563395797,-1531.78,-0.9207068582076096
Meta,2025-07-06,5143.25,904557,8602,21,254.98,520745,95351,0.0095096273645552,0.0024412927226226,244.91666666666663,0.0495756574150585,-4888.27,-19.171189897246844
Meta,2025-07-07,3618.72,433587,4660,39,1968.06,219056,46192,0.0107475547006713,0.0083690987124463,92.78769230769232,0.5438552858469292,-1650.6600000000003,-0.8387244291332583
Meta,2025-07-08,1509.62,233532,2187,11,545.79,96429,6955,0.0093648836133806,0.0050297210791037,137.23818181818183,0.3615413150329221,-963.8300000000002,-1.7659356162626656
Meta,2025-07-09,4973.6900000000005,862949,9709,72,1382.79,504569,12074,0.0112509545755311,0.0074157997734061,69.07902777777778,0.2780209462190043,-3590.9000000000005,-2.5968512933995767
Meta,2025-07-10,1433.57,116748,1255,10,361.09,50735,0,0.0107496488162538,0.0079681274900398,143.357,0.2518816660504894,-1072.48,-2.970118253067102
Meta,2025-07-11,3039.37,488749,5070,30,2035.57,237622,38326,0.0103734227589212,0.0059171597633136,101.31233333333331,0.6697341883350826,-1003.8,-0.4931296884902018
Meta,2025-07-12,2013.5,316196,3158,0,0.0,172025,30326,0.009987476122405,0.0,,0.0,-2013.5,
Meta,2025-07-13,311.5,47757,454,7,100.18,31751,1629,0.0095064597859999,0.0154185022026431,44.5,0.3216051364365971,-211.32,-2.109403074465961
Meta,2025-07-14,1505.19,185387,2041,24,1031.11,109919,8766,0.0110094019537508,0.0117589416952474,62.71625,0.6850364405822521,-474.0799999999999,-0.4597763575176265
Meta,2025-07-15,612.87,93203,990,16,356.24,47333,6380,0.0106219756874778,0.0161616161616161,38.304375,0.581265194902671,-256.63,-0.7203851336177858
Meta,2025-07-16,3052.57,361186,3815,22,637.71,195380,21360,0.0105624249001899,0.0057667103538663,138.75318181818182,0.2089092142031141,-2414.86,-3.786768280252778
Meta,2025-07-17,470.47,40697,331,0,0.0,29250,0,0.0081332776371722,0.0,,0.0,-470.47,
Meta,2025-07-18,3007.94,604889,6323,61,5238.07,283776,18524,0.0104531575214626,0.0096473193104538,49.31049180327869,1.7414143899146923,2230.13,0.4257541422699581
Meta,2025-07-19,2366.01,378312,4325,70,2806.26,197138,13631,0.0114323627059146,0.0161849710982658,33.80014285714286,1.1860727553983286,440.2499999999996,0.1568814008680591
Meta,2025-07-20,1087.62,96715,1278,12,900.5500000000001,35915,620,0.0132140826138654,0.0093896713615023,90.635,0.8280005884408157,-187.07000000000005,-0.2077286102937094
Meta,2025-07-21,982.08,155987,1770,2,25.01,74423,2295,0.0113470994377736,0.0011299435028248,491.04,0.0254663571195829,-957.07,-38.26749300279888
Meta,2025-07-22,4485.21,601417,6097,24,1638.17,331672,86167,0.0101377247400721,0.0039363621453173,186.88375,0.36523819397531,-2847.04,-1.7379392859104976
Meta,2025-07-23,747.55,64330,329,0,0.0,28227,0,0.0051142546245919,0.0,,0.0,-747.55,
Meta,2025-07-24,1633.65,141108,1361,0,0.0,91379,26001,0.0096450945375173,0.0,,0.0,-1633.65,
Meta,2025-07-25,2956.78,498008,5053,21,1815.59,274667,12656,0.0101464233506289,0.0041559469622006,140.79904761904763,0.614042979186818,-1141.1900000000005,-0.6285504987359483
Meta,2025-07-26,1965.71,282489,2797,20,1831.68,148994,25580,0.0099012704919483,0.0071505184125849,98.2855,0.9318159850639208,-134.02999999999997,-0.0731732617051013
Meta,2025-07-27,2159.2200000000003,335901,2671,1,0.0,197110,56884,0.0079517476875627,0.0003743916136278,2159.2200000000003,0.0,-2159.2200000000003,
Meta,2025-07-28,1994.31,211223,2282,30,1301.76,91804,38648,0.0108037476979306,0.0131463628396143,66.477,0.6527370368698948,-692.5500000000002,-0.5320105088495577
Meta,2025-07-29,256.14,31610,376,9,113.98,12051,996,0.0118949699462195,0.0239361702127659,28.46,0.4449910205356446,-142.15999999999997,-1.2472363572556586
Meta,2025-07-30,1974.06,421533,3626,12,365.51,202618,42543,0.0086019362659625,0.0033094318808604,164.50500000000002,0.1851564795396289,-1608.5500000000002,-4.40083718639709
Meta,2025-07-31,1773.2800000000002,224050,1900,2,47.56,101050,18022,0.0084802499442088,0.0010526315789473,886.6400000000001,0.0268203554994135,-1725.7200000000005,-36.28511354079058
Meta,2025-08-01,667.18,113924,1155,17,794.3100000000001,61252,10770,0.0101383378392612,0.0147186147186147,39.24588235294117,1.190548277826074,127.13000000000012,0.160050861754227
Meta,2025-08-02,1451.04,260447,2784,4,46.58,127243,28670,0.0106893149085994,0.0014367816091954,362.76,0.0321011136839783,-1404.46,-30.15156719622156
Meta,2025-08-03,1729.29,228122,2195,15,831.0699999999999,114016,19389,0.0096220443446927,0.0068337129840546,115.286,0.4805845173452688,-898.22,-1.0807994513097574
Meta,2025-08-04,2848.58,565014,5415,5,194.27,301204,65663,0.0095838333209442,0.0009233610341643,569.716,0.0681988920795624,-2654.31,-13.662994801050084
Meta,2025-08-05,2496.89,468987,5844,57,2362.42,187415,7245,0.0124608997690767,0.0097535934291581,43.80508771929824,0.9461450043854556,-134.47000000000023,-0.0569204459833561
Meta,2025-08-06,1778.73,189893,1586,6,108.43,86489,36846,0.0083520719563122,0.0037831021437578,296.455,0.0609592237157972,-1670.3,-15.404408374066216
Meta,2025-08-07,357.39,48271,546,1,65.48,31718,7419,0.0113111391933044,0.0018315018315018,357.39,0.1832172136881278,-291.91,-4.458002443494196
Meta,2025-08-08,2239.24,436562,3815,4,155.52,205607,58832,0.0087387358496616,0.001048492791612,559.81,0.0694521355459888,-2083.72,-13.398405349794237
Meta,2025-08-09,1836.85,220095,2571,25,1169.67,101937,29956,0.011681319430246,0.0097238428626993,73.47399999999999,0.6367803576775458,-667.1799999999998,-0.570400198346542
Meta,2025-08-10,1014.39,86575,783,4,37.62,39827,5855,0.009044181345654,0.0051085568326947,253.5975,0.0370863277437671,-976.77,-25.964114832535888
Meta,2025-08-11,2133.59,293764,2814,5,64.64,169793,31543,0.0095791179314007,0.001776830135039,426.718,0.0302963549697926,-2068.9500000000003,-32.007271039603964
Meta,2025-08-12,292.04,39235,571,2,113.86,17855,0,0.0145533324837517,0.0035026269702276,146.02,0.3898780988905629,-178.18,-1.5649042683997894
Meta,2025-08-13,762.9,141024,1415,3,100.47,66490,29523,0.0100337531200363,0.0021201413427561,254.3,0.131694848604011,-662.43,-6.593311436249627
Meta,2025-08-14,1107.39,136286,1400,8,127.52,59703,13465,0.0102725151519598,0.0057142857142857,138.42374999999998,0.115153649572418,-979.87,-7.6840495608531985
Meta,2025-08-15,544.75,95476,1138,4,28.98,50091,0,0.0119192257740165,0.0035149384885764,136.1875,0.0531987150068838,-515.77,-17.79744651483782
Meta,2025-08-16,2550.16,405422,3601,19,430.14,255118,49610,0.00888210309258,0.0052763121355179,134.21894736842106,0.1686717696144555,-2120.02,-4.928674385083927
Meta,2025-08-17,1445.55,252121,2234,6,119.34,114844,31228,0.0088608247627131,0.0026857654431512,240.925,0.0825568122859811,-1326.21,-11.112870789341375
Meta,2025-08-18,196.88,32345,453,7,401.53,17549,2216,0.0140052558355232,0.0154525386313465,28.125714285714285,2.03946566436408,204.65,0.5096754912459841
Meta,2025-08-19,2381.15,317402,2958,49,1022.11,147667,31167,0.0093194119759799,0.0165652467883705,48.59489795918368,0.4292505722025071,-1359.0400000000002,-1.3296416236999935
Meta,2025-08-20,1686.3,268292,2687,21,204.26,147339,19494,0.0100152073114367,0.0078154075176777,80.3,0.1211290992112909,-1482.04,-7.255654557916381
Meta,2025-08-21,3943.69,666031,6341,54,1992.86,309715,100331,0.0095205778709999,0.0085160069389686,73.0312962962963,0.5053287656991295,-1950.83,-0.978909707656333
Meta,2025-08-22,1990.68,232845,2402,16,511.59,111158,26292,0.0103158753677339,0.0066611157368859,124.4175,0.2569925854481886,-1479.09,-2.8911628452471705
Meta,2025-08-23,1660.97,165631,1731,9,312.26,73868,17103,0.0104509421545483,0.0051993067590987,184.5522222222222,0.1879985791435125,-1348.71,-4.319189137257414
Meta,2025-08-24,558.13,62554,455,2,61.73,33666,0,0.0072737155097995,0.0043956043956043,279.065,0.1106014727751599,-496.4,-8.041470921756034
Meta,2025-08-25,1630.13,291937,3529,94,3553.4500000000003,136118,4820,0.0120882245141931,0.0266364409181071,17.341808510638298,2.1798568212351164,1923.32,0.5412542740153935
Meta,2025-08-26,1048.02,138908,1272,6,288.74,70976,12181,0.009157139977539,0.0047169811320754,174.67,0.2755100093509666,-759.28,-2.629632195054374
Meta,2025-08-27,1868.65,286144,3129,47,1959.59,136828,46181,0.0109350536792663,0.0150207734100351,39.75851063829787,1.048666149359163,90.93999999999984,0.0464076669099147
Meta,2025-08-28,1982.79,155087,1584,3,54.95,77445,21392,0.0102136220315048,0.0018939393939393,660.93,0.0277134744476217,-1927.84,-35.08353048225659
Meta,2025-08-29,406.16,57736,523,5,120.43,29732,6236,0.0090584730497436,0.0095602294455066,81.232,0.2965087650187118,-285.73,-2.372581582662128
Meta,2025-08-30,3242.32,400881,4426,32,2573.63,185223,41128,0.0110406828959217,0.0072300045187528,101.3225,0.7937618742135261,-668.69,-0.2598236731775741
Meta,2025-08-31,655.1800000000001,85051,902,4,134.54,44151,0,0.0106054014650033,0.0044345898004434,163.79500000000002,0.2053481486003845,-520.6400000000001,-3.869778504533969
Meta,2025-09-01,1519.4699999999998,255855,3112,53,4204.75,99537,12537,0.0121631392781067,0.0170308483290488,28.669245283018864,2.7672477903479504,2685.28,0.638630120696831
Meta,2025-09-02,673.25,98373,1358,22,685.7,57510,0,0.0138046008559259,0.01620029455081,30.602272727272727,1.0184923876717416,12.450000000000044,0.0181566282630888
Meta,2025-09-03,1918.79,279900,2988,4,0.0,140534,38995,0.0106752411575562,0.001338688085676,479.6975,0.0,-1918.79,
Meta,2025-09-04,2958.37,484635,5467,2,0.0,209638,66387,0.0112806545131903,0.0003658313517468,1479.185,0.0,-2958.37,
Meta,2025-09-05,4472.82,456973,5784,76,1841.86,249964,24058,0.0126572029419681,0.0131396957123098,58.8528947368421,0.4117894303817279,-2630.96,-1.428425613238791
Meta,2025-09-06,1453.58,232285,2439,11,521.02,111832,40832,0.0105000322879221,0.004510045100451,132.14363636363635,0.3584391639951017,-932.56,-1.7898737092626005
Meta,2025-09-07,6571.62,973221,9402,32,405.81,477171,32974,0.0096607039922073,0.0034035311635822,205.363125,0.0617518967925716,-6165.81,-15.19383455311599
Meta,2025-09-08,742.89,124851,1625,28,628.6,62833,22340,0.0130155144932759,0.0172307692307692,26.531785714285714,0.8461548816110057,-114.28999999999996,-0.181816735602927
Meta,2025-09-09,1544.2600000000002,257521,2724,1,0.0,133342,33042,0.0105777781229491,0.000367107195301,1544.2600000000002,0.0,-1544.2600000000002,
Meta,2025-09-10,1484.0400000000002,254716,4538,81,3928.38,150336,16515,0.0178159204761381,0.0178492728074041,18.321481481481484,2.6470849842322304,2444.3399999999992,0.6222259557374794
Meta,2025-09-11,1951.83,273947,2664,9,737.88,149783,46182,0.0097245087553431,0.0033783783783783,216.87,0.3780452191020734,-1213.9499999999998,-1.6451862091396974
Meta,2025-09-12,3021.74,417018,3704,4,75.6,199612,29979,0.0088821106043384,0.0010799136069114,755.435,0.0250186978363459,-2946.14,-38.97010582010582
Meta,2025-09-13,899.2199999999999,81290,1093,40,660.36,28066,19259,0.0134456882765407,0.0365965233302836,22.4805,0.7343697871488625,-238.8599999999999,-0.361711793567145
Meta,2025-09-14,409.8,52809,713,3,121.03,31318,0,0.0135014864890454,0.0042075736325385,136.6,0.2953391898487067,-288.77,-2.385937370899777
Meta,2025-09-15,1097.15,174960,1462,5,336.99,95783,24721,0.0083561957018747,0.0034199726402188,219.43,0.3071503440732807,-760.1600000000001,-2.255734591530906
Meta,2025-09-16,703.74,119131,1321,17,380.48,66560,27892,0.0110886335210818,0.0128690386071158,41.396470588235296,0.5406542188876574,-323.26,-0.8496110176619007
Meta,2025-09-17,1782.15,232286,2797,12,79.67,107325,36146,0.0120411906012415,0.0042903110475509,148.51250000000002,0.0447044300423645,-1702.48,-21.36914773440441
Meta,2025-09-18,805.32,89202,1249,1,0.0,49238,4532,0.0140019282078877,0.0008006405124099,805.32,0.0,-805.32,
Meta,2025-09-19,2244.15,447748,5075,6,0.0,232789,48545,0.0113345006566193,0.0011822660098522,374.025,0.0,-2244.15,
Meta,2025-09-20,2471.87,339625,3495,10,570.81,166282,46818,0.0102907618697092,0.0028612303290414,247.187,0.2309223381488508,-1901.06,-3.330460223191605
Meta,2025-09-21,3089.51,413602,4363,3,0.0,178985,50643,0.0105487884487986,0.0006876002750401,1029.8366666666668,0.0,-3089.51,
Meta,2025-09-22,3803.38,529442,5944,5,0.0,262298,49168,0.0112269143740013,0.0008411843876177,760.676,0.0,-3803.38,
Meta,2025-09-23,1906.44,318351,3912,7,39.95,153028,6493,0.0122883232658292,0.0017893660531697,272.34857142857146,0.0209552883909275,-1866.49,-46.72065081351689
Meta,2025-09-24,1730.6,173403,2255,31,1522.3,93656,7200,0.0130043886207274,0.0137472283813747,55.825806451612905,0.8796371200739627,-208.30000000000013,-0.1368324246206399
Meta,2025-09-25,4551.93,602031,7988,262,4462.43,286390,8892,0.0132684197325386,0.0327991987981972,17.3737786259542,0.980338010470284,-89.5,-0.0200563370181717
Meta,2025-09-26,1796.41,296744,3497,103,1001.07,135387,18477,0.0117845685169708,0.0294538175579067,17.440873786407767,0.5572614269570978,-795.34,-0.7944898958114817
Meta,2025-09-27,153.88,29997,314,2,170.47,13143,6346,0.0104677134380104,0.0063694267515923,76.94,1.107811281518066,16.590000000000003,0.0973191763946735
Meta,2025-09-28,4868.98,902455,7933,55,3724.48,401399,17260,0.0087904660066152,0.0069330644144711,88.52690909090909,0.7649405008851957,-1144.4999999999995,-0.3072912191769051
Meta,2025-09-29,969.86,154334,2207,54,1701.37,62343,14012,0.0143001542109969,0.0244676030811055,17.96037037037037,1.75424288041573,731.5099999999999,0.429953508055273
Meta,2025-09-30,2439.94,271822,3498,16,492.24,157358,31419,0.0128687155565038,0.0045740423098913,152.49625,0.2017426658032574,-1947.7,-3.956809686331871
Meta,2025-10-01,1631.83,166422,3458,95,4642.28,73994,7983,0.0207785028421723,0.0274725274725274,17.17715789473684,2.844830650251558,3010.45,0.6484852270866902
Meta,2025-10-02,2343.66,375060,5469,8,0.0,220297,34208,0.0145816669332906,0.0014627902724446,292.9575,0.0,-2343.66,
Meta,2025-10-03,4372.62,433596,5659,31,1787.87,226713,36593,0.0130513196616204,0.0054779996465806,141.05225806451614,0.408878429865847,-2584.75,-1.445714733174112
Meta,2025-10-04,5688.1900000000005,800876,12272,217,1963.02,346325,83414,0.0153232210729251,0.0176825293350717,26.212857142857143,0.3451045060027882,-3725.170000000001,-1.897672973275871
Meta,2025-10-05,3291.33,637737,6644,17,559.59,300762,44183,0.0104180877070014,0.0025586995785671,193.60764705882352,0.1700194146439281,-2731.74,-4.8816812309011945
Meta,2025-10-06,2951.53,424007,6113,39,2238.04,242299,52807,0.0144172148101328,0.0063798462293472,75.68025641025642,0.7582643578076455,-713.4900000000002,-0.3188012725420458
Meta,2025-10-07,1350.4,180517,3289,56,3624.32,92227,13493,0.0182198906474182,0.0170264518090605,24.11428571428572,2.68388625592417,2273.92,0.6274059685678968
Meta,2025-10-08,8389.4,1173397,14635,265,5323.31,614047,101527,0.0124723345977533,0.0181072770755039,31.658113207547167,0.6345280949769948,-3066.0899999999992,-0.5759743467879945
Meta,2025-10-09,2445.06,285906,4654,178,15739.21,139921,7605,0.0162780774100578,0.0382466695315857,13.73629213483146,6.437146736685398,13294.15,0.8446516693023348
Meta,2025-10-10,1743.65,158827,2443,32,1237.61,91560,0,0.0153815157372487,0.013098649201801,54.4890625,0.7097812060906719,-506.04,-0.4088848667997187
Meta,2025-10-11,496.1,65168,850,6,408.65,34267,13741,0.0130432113920942,0.0070588235294117,82.68333333333334,0.8237250554323724,-87.45000000000005,-0.2139973082099597
Meta,2025-10-12,4545.84,595327,6586,12,449.7,273090,111705,0.0110628276560612,0.0018220467658669,378.82,0.098925611108178,-4096.14,-9.108605737158106
Meta,2025-10-13,4085.76,574399,7552,105,4045.85,288796,53880,0.0131476552013495,0.0139036016949152,38.912,0.9902319274749374,-39.909999999999854,-0.0098644289827847
Meta,2025-10-14,1605.51,230972,3944,52,599.28,122692,17097,0.0170756628509083,0.0131845841784989,30.87519230769231,0.3732645701365921,-1006.23,-1.6790648778534245
Meta,2025-10-15,3815.82,497534,8552,51,1436.79,251561,88499,0.0171887750384898,0.0059635173058933,74.82000000000001,0.3765350566850637,-2379.03,-1.655795210155973
Meta,2025-10-16,3869.51,441168,6317,50,3229.84,206193,67324,0.0143188082544518,0.0079151495963273,77.3902,0.8346896635491317,-639.6699999999996,-0.1980500582072175
Meta,2025-10-17,2058.75,295857,3546,13,181.17,171965,5629,0.0119855200316369,0.0036661026508742,158.3653846153846,0.088,-1877.58,-10.363636363636362
Meta,2025-10-18,2730.21,202567,3274,70,2552.54,73631,31239,0.0161625536242329,0.0213805742211362,39.003,0.9349244197332806,-177.67000000000007,-0.0696051775878145
Meta,2025-10-19,5282.139999999999,899531,11656,142,4579.48,464765,12219,0.0129578635978081,0.0121825669183253,37.198169014084506,0.8669743702363057,-702.6599999999999,-0.1534366347270869
Meta,2025-10-20,5286.6,718486,9556,223,3306.1000000000004,368779,6743,0.0133001895652803,0.0233361239012138,23.706726457399103,0.6253735860477434,-1980.5,-0.5990441910408033
Meta,2025-10-21,3768.75,640352,10971,260,5444.99,289847,44077,0.0171327644795362,0.023698842402698,14.495192307692308,1.444773466003317,1676.2399999999998,0.3078499685031561
Meta,2025-10-22,4669.84,614913,10051,105,3048.03,380501,12548,0.0163454017072333,0.0104467217192319,44.47466666666667,0.6527054460109981,-1621.8100000000004,-0.5320846579594035
Meta,2025-10-23,6442.88,1117756,14673,193,6544.219999999999,515612,79224,0.0131271941282355,0.0131534110270564,33.38279792746114,1.0157289907618952,101.33999999999924,0.0154854207224083
Meta,2025-10-24,3381.21,487710,6785,46,3781.16,266767,4643,0.0139119558754177,0.0067796610169491,73.5045652173913,1.1182860573581648,399.9500000000003,0.1057744184324387
Meta,2025-10-25,6655.22,987005,12583,133,5634.129999999999,505783,121754,0.0127486689530448,0.0105698164189779,50.03924812030076,0.8465730659542433,-1021.090000000001,-0.1812329498964349
Meta,2025-10-26,3046.74,510977,6776,94,4611.13,255117,31416,0.0132608708415447,0.0138724911452184,32.41212765957447,1.513463570898731,1564.39,0.3392639114490374
Meta,2025-10-27,4531.9,707805,9056,112,5228.1,364760,24237,0.0127944843565671,0.0123674911660777,40.46339285714286,1.1536221011054968,696.2000000000007,0.1331650121459039
Meta,2025-10-28,981.07,84969,1345,1,0.0,72063,13604,0.0158293024514823,0.0007434944237918,981.07,0.0,-981.07,
Meta,2025-10-29,2294.6200000000003,308696,4711,141,4872.110000000001,173016,33919,0.0152609687200352,0.0299299511780938,16.27390070921986,2.123275313559544,2577.49,0.529029516985454
Meta,2025-10-30,1744.91,271831,3506,6,99.68,140805,13736,0.0128977195389782,0.0017113519680547,290.8183333333333,0.0571261555037222,-1645.2299999999998,-16.50511637239165
Meta,2025-10-31,1122.89,148851,2432,53,2839.32,69835,10020,0.0163384861371438,0.0217927631578947,21.186603773584903,2.528582496949835,1716.4300000000003,0.6045215051491203
Meta,2025-11-01,3037.28,416444,6397,22,250.03,232500,38723,0.0153610089231685,0.0034391120837892,138.0581818181818,0.0823203655902649,-2787.2499999999995,-11.147662280526337
Meta,2025-11-02,1955.98,356877,4914,20,851.23,186323,5132,0.013769449978564,0.004070004070004,97.799,0.4351936113866195,-1104.75,-1.2978278491124609
Meta,2025-11-03,4668.72,613857,9709,27,126.76,347029,73455,0.0158163872041859,0.0027809249150272,172.91555555555556,0.0271509107421306,-4541.96,-35.83117702745346
Meta,2025-11-04,2683.9700000000003,270990,4233,6,0.0,163657,8100,0.015620502601572,0.0014174344436569,447.3283333333334,0.0,-2683.9700000000003,
Meta,2025-11-05,7079.09,660287,8606,73,2551.5600000000004,330661,83509,0.0130337262432851,0.0084824541017894,96.97383561643836,0.3604361577547397,-4527.53,-1.7744164354355765
Meta,2025-11-06,4167.56,519977,6044,11,103.3,240036,24192,0.0116235910434499,0.0018199867637326,378.86909090909086,0.0247866857345785,-4064.2599999999993,-39.34424007744433
Meta,2025-11-07,1492.53,252333,4537,136,4991.07,144585,5767,0.0179802086924817,0.0299757549041216,10.974485294117647,3.3440332857631003,3498.54,0.7009599144071311
Meta,2025-11-08,886.58,72302,1102,23,1653.9,30546,4246,0.0152416254045531,0.0208711433756805,38.54695652173913,1.865483092332333,767.32,0.4639458250196505
Meta,2025-11-09,3988.35,593967,8107,74,895.1,341584,52416,0.013648906420727,0.0091279141482669,53.89662162162162,0.2244286484385773,-3093.25,-3.4557591330577586
Meta,2025-11-10,4718.99,629675,9208,64,2860.29,298081,22122,0.0146234168420216,0.0069504778453518,73.73421875,0.6061233441901763,-1858.7,-0.6498292131217464
Meta,2025-11-11,1061.86,237536,2801,3,0.0,121363,45175,0.0117918968072208,0.0010710460549803,353.9533333333334,0.0,-1061.86,
Meta,2025-11-12,1055.43,124461,1849,18,476.23,64475,6152,0.0148560593278215,0.0097349918875067,58.635000000000005,0.4512189344627308,-579.2,-1.2162190538185331
Meta,2025-11-13,1637.67,195456,2703,5,253.53,119942,20120,0.013829199410609,0.0018497965223825,327.534,0.1548114088919013,-1384.14,-5.45947225180452
Meta,2025-11-14,5763.61,835116,10685,15,298.36,392991,79866,0.0127946297280856,0.00140383715489,384.2406666666666,0.0517661673846773,-5465.25,-18.31763641238772
Meta,2025-11-15,1527.18,325779,3946,158,12151.88,132048,0,0.0121125057170658,0.0400405473897617,9.665696202531644,7.957071203132571,10624.7,0.8743256187519955
Meta,2025-11-16,647.17,66887,772,7,402.61,43986,0,0.0115418541719616,0.0090673575129533,92.45285714285714,0.6221085649829258,-244.56,-0.6074364769876553
Meta,2025-11-17,5530.06,791789,10145,39,1776.83,454885,139991,0.0128127569339811,0.0038442582552981,141.79641025641024,0.3213039279863148,-3753.23,-2.112318004536168
Meta,2025-11-18,8442.01,965532,14607,204,1855.48,482072,68344,0.0151284473223052,0.0139659067570342,41.38240196078432,0.2197912582430013,-6586.530000000001,-3.549771487701296
Meta,2025-11-19,614.44,75926,957,0,0.0,46628,4614,0.0126043779469483,0.0,,0.0,-614.44,
Meta,2025-11-20,5343.88,787488,10504,77,1131.15,409251,27072,0.0133386159535129,0.0073305407463823,69.40103896103896,0.2116720435339117,-4212.73,-3.724289439950492
Meta,2025-11-21,2573.3,454411,5248,5,0.0,254538,9301,0.0115490161989916,0.000952743902439,514.6600000000001,0.0,-2573.3,
Meta,2025-11-22,2972.49,626497,6390,2,0.0,303947,116771,0.01019956998996,0.0003129890453834,1486.245,0.0,-2972.49,
Meta,2025-11-23,1738.06,144541,1513,3,35.15,89528,0,0.0104676181844597,0.0019828155981493,579.3533333333334,0.0202236976859256,-1702.91,-48.44694167852062
Meta,2025-11-24,659.72,71672,1252,22,515.29,42955,11989,0.0174684674628864,0.0175718849840255,29.987272727272728,0.7810737888801309,-144.43000000000006,-0.2802887694308061
Meta,2025-11-25,3078.43,312379,4790,107,1250.63,147367,52548,0.0153339373005227,0.0223382045929018,28.7703738317757,0.4062557862286944,-1827.8,-1.4615034022852484
Meta,2025-11-26,9296.17,1188629,17013,111,7902.379999999999,696987,165055,0.0143131288232072,0.0065244225004408,83.74927927927928,0.8500683614865046,-1393.7900000000009,-0.1763759778699583
Meta,2025-11-27,6299.7300000000005,798402,9261,72,4325.05,434528,79978,0.0115994198411326,0.0077745383867832,87.49625,0.686545296385718,-1974.6800000000003,-0.4565681321603219
Meta,2025-11-28,6342.05,1138826,18752,80,1947.69,603533,191136,0.0164660799806116,0.0042662116040955,79.275625,0.3071073233418216,-4394.360000000001,-2.256190666892576
Meta,2025-11-29,2383.76,487369,7518,24,740.87,253040,10689,0.0154256836195982,0.0031923383878691,99.32333333333332,0.3107989059301272,-1642.89,-2.217514543712122
Meta,2025-11-30,2856.9700000000003,325605,4201,61,761.04,151083,56641,0.0129021360237097,0.0145203522970721,46.835573770491806,0.2663801159970178,-2095.9300000000003,-2.7540339535372653
Meta,2025-12-01,1847.12,295931,3997,4,91.84,153891,26575,0.0135065268593016,0.0010007505629221,461.78,0.0497206461951578,-1755.2800000000002,-19.112369337979096
Meta,2025-12-02,2672.09,421067,5983,149,15112.55,192529,0,0.0142091401130936,0.0249038943673742,17.93348993288591,5.655703962067145,12440.46,0.8231873509103361
Meta,2025-12-03,1839.81,264894,3717,93,2930.09,137442,6411,0.0140320279055018,0.0250201775625504,19.78290322580645,1.5926046711345194,1090.2800000000002,0.3720977853922576
Meta,2025-12-04,3311.8500000000004,521515,7118,62,3462.35,313732,79590,0.0136486965859083,0.008710311885361,53.41693548387097,1.0454428793574586,150.49999999999957,0.0434675870434819
Meta,2025-12-05,2414.11,255025,3632,52,510.73,153061,1936,0.0142417410057837,0.01431718061674,46.42519230769231,0.2115603680031149,-1903.38,-3.7267832318446152
Meta,2025-12-06,3955.21,622538,7868,17,1173.31,318955,64753,0.0126385859176467,0.0021606507371631,232.65941176470588,0.296649229750127,-2781.9,-2.3709846502629315
Meta,2025-12-07,6494.12,1115270,12576,198,5351.1,652786,72516,0.0112761932088193,0.0157442748091603,32.79858585858586,0.8239915492784242,-1143.0199999999995,-0.2136046794117096
Meta,2025-12-08,3507.86,308091,3253,17,549.06,175120,3454,0.0105585687345621,0.0052259452812788,206.3447058823529,0.1565227802705923,-2958.8,-5.388846392015445
Meta,2025-12-09,4507.21,884472,8632,5,0.0,604790,135114,0.0097594949303087,0.0005792400370713,901.442,0.0,-4507.21,
Meta,2025-12-10,5149.71,975922,13213,168,9117.21,465950,41738,0.0135389918456597,0.012714750624385,30.65303571428572,1.770431733049045,3967.499999999999,0.4351660211841122
Meta,2025-12-11,1796.39,224306,3268,42,1174.38,113202,11041,0.0145693828965787,0.0128518971848225,42.77119047619048,0.6537444541552782,-622.0099999999998,-0.5296496874946778
Meta,2025-12-12,2866.89,347600,3929,58,3993.1,193676,1205,0.0113032220943613,0.0147620259608042,49.42913793103448,1.3928333490297848,1126.21,0.2820390173048508
Meta,2025-12-13,1492.81,153323,1919,12,226.61,97418,0,0.0125160608649713,0.0062532569046378,124.40083333333332,0.1518009659635184,-1266.2,-5.587573363929218
Meta,2025-12-14,1502.21,318440,4449,139,2144.02,151287,0,0.0139712347695013,0.0312429759496516,10.80726618705036,1.4272438607118845,641.81,0.2993488866708332
Meta,2025-12-15,661.7900000000001,117024,1819,49,1653.53,44148,17166,0.0155438200710965,0.0269378779549202,13.50591836734694,2.4985720545792467,991.74,0.5997713981602995
Meta,2025-12-16,722.8299999999999,114360,1476,2,0.0,63455,24663,0.012906610703043,0.0013550135501355,361.415,0.0,-722.8299999999999,
Meta,2025-12-17,5334.86,832839,13397,246,10728.38,390857,68198,0.0160859421809017,0.0183623199223706,21.68642276422764,2.010995602508782,5393.52,0.5027338703513484
Meta,2025-12-18,4361.14,832020,8193,3,0.0,441658,0,0.0098471190596379,0.0003661662394727,1453.7133333333334,0.0,-4361.14,
Meta,2025-12-19,3284.94,554725,7739,111,6523.54,215398,32840,0.0139510568299607,0.0143429383641297,29.59405405405405,1.9858931974404403,3238.6,0.4964482474239446
Meta,2025-12-20,3042.42,322344,4261,31,1318.34,168851,29790,0.0132187973097064,0.0072752874911992,98.14258064516127,0.4333195285332071,-1724.0800000000002,-1.3077658267214831
Meta,2025-12-21,1188.5,136875,1801,50,1300.42,68747,18384,0.0131579908675799,0.0277623542476402,23.77,1.0941691207404292,111.92000000000009,0.0860645022377386
Meta,2025-12-22,2274.49,341629,3116,13,412.58,205457,64978,0.0091210055352443,0.0041720154043645,174.96076923076924,0.18139451041772,-1861.9100000000003,-4.51284599350429
Meta,2025-12-23,3705.34,658170,9028,107,4250.69,354845,7393,0.0137168208821429,0.0118520159503766,34.62934579439253,1.1471794761074556,545.3499999999995,0.1282968176931273
Meta,2025-12-24,4450.03,700107,9244,65,2353.74,371310,33308,0.0132036960064675,0.0070315880571181,68.46199999999999,0.5289267712801936,-2096.29,-0.8906208842098108
Meta,2025-12-25,727.51,103326,1396,0,0.0,47663,0,0.0135106362387008,0.0,,0.0,-727.51,
Meta,2025-12-26,2773.07,313691,3672,1,0.0,150237,27893,0.0117057869049478,0.000272331154684,2773.07,0.0,-2773.07,
Meta,2025-12-27,1598.21,207368,2679,35,3096.96,133608,6470,0.0129190617645924,0.0130645763344531,45.66314285714286,1.937767877813304,1498.75,0.483942317627609
Meta,2025-12-28,726.49,106889,1196,20,314.85,53279,6662,0.0111891775580274,0.0167224080267558,36.3245,0.4333851808008369,-411.64,-1.30741622995077
Meta,2025-12-29,4556.13,509013,8403,128,8542.550000000001,237402,6850,0.0165084192348721,0.0152326550041651,35.594765625,1.87495747487451,3986.420000000001,0.4666545703566266
Meta,2025-12-30,4542.03,536719,7583,98,4961.320000000001,239230,56404,0.0141284359227081,0.0129236449953844,46.34724489795918,1.0923133488770442,419.2900000000009,0.0845117831544832
Meta,2025-12-31,3388.43,493254,6372,14,382.28,261756,18416,0.0129182936174871,0.0021971123666038,242.03071428571428,0.1128192112571308,-3006.15,-7.863738620906141
Snapchat,2023-01-01,71.71,15370,155,0,0.0,8046,2703,0.0100845803513337,0.0,,0.0,-71.71,
Snapchat,2023-01-02,1013.36,199106,1573,6,380.86,117205,47339,0.0079003144053921,0.003814367450731,168.89333333333337,0.3758387937159548,-632.5,-1.6607152234416849
Snapchat,2023-01-03,37.39,6087,38,0,0.0,3639,1259,0.0062428125513389,0.0,,0.0,-37.39,
Snapchat,2023-01-04,694.37,153293,1342,4,213.34,51630,24450,0.0087544767210505,0.0029806259314456,173.5925,0.307242536399902,-481.03,-2.2547576638230056
Snapchat,2023-01-05,2154.18,646081,5100,19,483.89,281747,0,0.0078937470688659,0.0037254901960784,113.3778947368421,0.2246283968841972,-1670.29,-3.4517968959887577
Snapchat,2023-01-06,434.58,101649,793,5,208.84,49938,16136,0.0078013556454072,0.0063051702395964,86.916,0.4805559390676055,-225.74,-1.08092319479027
Snapchat,2023-01-07,316.72,101047,904,1,0.0,43073,20366,0.0089463319049551,0.0011061946902654,316.72,0.0,-316.72,
Snapchat,2023-01-08,110.54,14490,56,0,0.0,6521,2574,0.0038647342995169,0.0,,0.0,-110.54,
Snapchat,2023-01-09,2425.05,710636,4263,12,332.18,351539,94863,0.0059988517328139,0.0028149190710767,202.0875,0.1369786189975464,-2092.8700000000003,-6.300409416581372
Snapchat,2023-01-10,1207.73,260540,2716,8,67.58,152854,45490,0.0104245029554003,0.0029455081001472,150.96625,0.0559562153792652,-1140.15,-16.871115714708495
Snapchat,2023-01-11,821.4,211786,1731,17,715.79,115550,32890,0.0081733447914404,0.0098209127671865,48.317647058823525,0.8714268322376431,-105.61,-0.1475432738652398
Snapchat,2023-01-12,4091.29,1044479,9043,37,1297.75,596741,149010,0.0086579050416523,0.0040915625345571,110.5754054054054,0.3171982430969205,-2793.54,-2.1526025813908687
Snapchat,2023-01-13,1028.59,172213,1590,9,620.54,85954,3097,0.009232752463519,0.0056603773584905,114.28777777777776,0.6032918850076319,-408.05,-0.6575724369097882
Snapchat,2023-01-14,1574.62,287958,2413,4,0.0,124093,16998,0.0083796942609686,0.0016576875259013,393.655,0.0,-1574.62,
Snapchat,2023-01-15,1182.72,295097,2232,24,321.37,140748,40133,0.0075636146758523,0.010752688172043,49.28,0.2717211174242424,-861.35,-2.680243955565236
Snapchat,2023-01-16,568.28,92545,522,0,0.0,43999,0,0.0056404992165973,0.0,,0.0,-568.28,
Snapchat,2023-01-17,1338.8,236263,2646,39,717.95,129131,28379,0.0111993837376144,0.0147392290249433,34.32820512820513,0.5362638183447864,-620.8499999999999,-0.8647538129396196
Snapchat,2023-01-18,1326.62,297620,3094,25,706.15,205171,30587,0.0103958067334184,0.0080801551389786,53.0648,0.5322925932067962,-620.4699999999999,-0.8786660058061317
Snapchat,2023-01-19,1099.1,212737,1530,0,0.0,129275,42910,0.0071919788283185,0.0,,0.0,-1099.1,
Snapchat,2023-01-20,3049.23,784723,7372,41,3001.5,402525,80039,0.0093943977683845,0.0055615843733043,74.37146341463415,0.9843468678977972,-47.73000000000002,-0.0159020489755122
Snapchat,2023-01-21,2012.12,366514,2999,4,55.2,198481,83777,0.0081824978036309,0.0013337779259753,503.03,0.0274337514661153,-1956.92,-35.451449275362314
Snapchat,2023-01-22,329.96,95229,748,6,188.31,39441,7479,0.0078547501286372,0.0080213903743315,54.99333333333333,0.5707055400654625,-141.64999999999998,-0.7522170888428653
Snapchat,2023-01-23,4620.14,953300,7481,47,504.02,525792,64526,0.0078474771845169,0.0062825825424408,98.3008510638298,0.1090919322791084,-4116.120000000001,-8.166580691242412
Snapchat,2023-01-24,637.43,104926,1155,8,691.53,63455,19330,0.0110077578483883,0.0069264069264069,79.67875,1.08487206438354,54.10000000000002,0.0782323254233366
Snapchat,2023-01-25,1978.85,465745,4839,41,859.29,212927,48402,0.0103898055803068,0.0084728249638355,48.26463414634146,0.4342370568764686,-1119.56,-1.3028895948981136
Snapchat,2023-01-26,4426.36,1200210,12678,83,2266.11,590313,101155,0.0105631514484965,0.0065467739391071,53.329638554216864,0.5119579067224537,-2160.25,-0.9532855863131092
Snapchat,2023-01-27,3047.72,677686,6424,9,551.08,338113,117952,0.0094793163795622,0.0014009962640099,338.6355555555555,0.1808171354323888,-2496.64,-4.530449299557232
Snapchat,2023-01-28,589.33,119023,1246,1,0.0,59792,14616,0.0104685648992211,0.0008025682182985,589.33,0.0,-589.33,
Snapchat,2023-01-29,528.1,141728,1218,0,0.0,63485,17637,0.0085939263942199,0.0,,0.0,-528.1,
Snapchat,2023-01-30,1396.24,351026,2496,0,0.0,147389,60525,0.0071105844011554,0.0,,0.0,-1396.24,
Snapchat,2023-01-31,47.52,18005,141,3,55.24,7020,0,0.0078311580116634,0.0212765957446808,15.840000000000002,1.1624579124579124,7.719999999999999,0.1397538015930484
Snapchat,2023-02-01,621.4,134189,885,0,0.0,74874,4087,0.0065951754614759,0.0,,0.0,-621.4,
Snapchat,2023-02-02,2660.26,480919,4834,40,428.23,213562,30744,0.0100515887290791,0.0082747207281754,66.50649999999999,0.1609729876027155,-2232.03,-5.212222403848398
Snapchat,2023-02-04,1678.19,266036,2300,7,571.93,112459,32528,0.0086454464809273,0.0030434782608695,239.74142857142857,0.3408016970664823,-1106.2600000000002,-1.93425768887801
Snapchat,2023-02-05,91.0,27800,148,0,0.0,11262,6275,0.0053237410071942,0.0,,0.0,-91.0,
Snapchat,2023-02-06,980.01,187967,1332,0,0.0,97886,8410,0.0070863502636101,0.0,,0.0,-980.01,
Snapchat,2023-02-07,1201.14,400023,3331,5,0.0,229824,86058,0.0083270211962812,0.0015010507355148,240.228,0.0,-1201.14,
Snapchat,2023-02-08,1849.41,321918,3181,10,74.42,181732,12914,0.0098813983685286,0.0031436655139893,184.941,0.0402398602797648,-1774.99,-23.85098091910777
Snapchat,2023-02-09,1030.41,333677,3039,7,235.86,150256,62947,0.0091076100540342,0.0023033892727871,147.20142857142858,0.228899176056133,-794.5500000000001,-3.368735690663953
Snapchat,2023-02-10,3230.05,849595,5134,5,0.0,400134,128975,0.0060428792542329,0.0009738994935722,646.01,0.0,-3230.05,
Snapchat,2023-02-11,807.2299999999999,251932,2052,2,0.0,134270,51239,0.0081450550148452,0.0009746588693957,403.615,0.0,-807.2299999999999,
Snapchat,2023-02-12,180.51,47024,323,0,0.0,23894,5431,0.0068688329363729,0.0,,0.0,-180.51,
Snapchat,2023-02-14,34.77,4467,45,1,32.59,1659,0,0.0100738750839489,0.0222222222222222,34.77,0.9373022720736268,-2.18,-0.0668916845658177
Snapchat,2023-02-15,977.3,199368,1723,10,236.89,98300,0,0.0086423096986477,0.0058038305281485,97.73,0.242392305331014,-740.41,-3.12554350120309
Snapchat,2023-02-16,530.66,122947,1030,21,570.37,48509,23509,0.008377593597241,0.0203883495145631,25.269523809523808,1.0748313421022877,39.71000000000004,0.0696214737801778
Snapchat,2023-02-17,1364.9499999999998,259455,1742,1,0.0,119686,4141,0.0067140737314755,0.0005740528128587,1364.9499999999998,0.0,-1364.9499999999998,
Snapchat,2023-02-18,2476.98,703639,4701,15,845.93,353480,5156,0.0066809827198321,0.0031908104658583,165.132,0.3415166856413859,-1631.0500000000002,-1.928114619412954
Snapchat,2023-02-19,667.81,120302,860,14,207.21,83402,8343,0.0071486758324882,0.0162790697674418,47.70071428571429,0.3102828648867193,-460.5999999999999,-2.2228656918102403
Snapchat,2023-02-20,84.26,29982,207,0,0.0,14541,7282,0.0069041424854912,0.0,,0.0,-84.26,
Snapchat,2023-02-21,1664.36,373810,3941,73,1032.45,235630,0,0.010542789117466,0.018523217457498,22.79945205479452,0.6203285346920138,-631.9099999999999,-0.6120490096372704
Snapchat,2023-02-22,57.21,17051,130,0,0.0,7752,0,0.0076241862647352,0.0,,0.0,-57.21,
Snapchat,2023-02-23,658.73,170560,1664,4,249.79,78129,0,0.0097560975609756,0.0024038461538461,164.6825,0.3791993684817755,-408.94000000000005,-1.6371351935625928
Snapchat,2023-02-24,1792.64,470211,4275,38,1676.1,244235,2897,0.009091663104436,0.0088888888888888,47.17473684210527,0.9349897358086396,-116.5400000000002,-0.0695304576099279
Snapchat,2023-02-25,1422.51,321400,1846,2,0.0,136915,27786,0.0057436216552582,0.0010834236186348,711.255,0.0,-1422.51,
Snapchat,2023-02-26,3557.38,718117,5699,2,0.0,385337,23368,0.0079360327077621,0.0003509387611861,1778.69,0.0,-3557.38,
Snapchat,2023-02-27,2908.2200000000003,579239,3604,15,926.36,260291,120922,0.0062219567397913,0.0041620421753607,193.8813333333333,0.3185316104008637,-1981.8600000000004,-2.1394058465391432
Snapchat,2023-03-01,2356.24,453628,4532,3,0.0,285770,41165,0.0099905649563078,0.0006619593998234,785.4133333333334,0.0,-2356.24,
Snapchat,2023-03-02,243.43,62078,828,11,551.41,25829,7858,0.0133380585714745,0.0132850241545893,22.13,2.2651686316394857,307.98,0.5585317640231406
Snapchat,2023-03-03,32.46,12979,132,2,172.26,6010,2615,0.0101702750597118,0.0151515151515151,16.23,5.306839186691312,139.79999999999998,0.8115639150121908
Snapchat,2023-03-04,1773.79,344645,2637,2,0.0,176255,49946,0.0076513513905613,0.0007584376185058,886.895,0.0,-1773.79,
Snapchat,2023-03-05,1702.18,360837,3789,14,654.1899999999999,210475,9522,0.0105005861372309,0.0036949063077329,121.58428571428573,0.3843248070121843,-1047.9900000000002,-1.6019657897552704
Snapchat,2023-03-06,2662.51,639884,4656,9,26.4,351233,161232,0.0072763188327884,0.0019329896907216,295.83444444444444,0.0099154557165982,-2636.11,-99.85265151515152
Snapchat,2023-03-07,625.4300000000001,169244,1368,6,99.59,100905,2123,0.0080830044196544,0.0043859649122807,104.23833333333334,0.1592344467006699,-525.84,-5.280048197610202
Snapchat,2023-03-08,32.89,8273,78,0,0.0,5317,0,0.0094282606067931,0.0,,0.0,-32.89,
Snapchat,2023-03-09,968.16,231630,2421,32,1724.03,111394,18989,0.0104520139878254,0.0132176786451879,30.255,1.7807283920013222,755.87,0.43843204584607
Snapchat,2023-03-10,32.78,5545,61,1,41.85,2580,0,0.0110009017132551,0.0163934426229508,32.78,1.276693105552166,9.07,0.216726403823178
Snapchat,2023-03-11,289.28000000000003,81180,682,2,33.45,38218,2764,0.0084010840108401,0.002932551319648,144.64,0.1156319137168141,-255.83000000000004,-7.648131539611361
Snapchat,2023-03-12,668.68,184468,1324,1,59.53,84774,13865,0.0071773966216362,0.0007552870090634,668.68,0.0890261410540168,-609.15,-10.232655803796405
Snapchat,2023-03-13,739.82,219098,2046,25,642.9499999999999,110043,14743,0.009338286976604,0.012218963831867,29.5928,0.869062744992025,-96.87000000000012,-0.1506649039583173
Snapchat,2023-03-14,61.8,13011,108,0,0.0,7897,0,0.0083006686649757,0.0,,0.0,-61.8,
Snapchat,2023-03-15,1668.58,271553,2861,7,555.44,112880,21103,0.0105356965306956,0.0024466969591052,238.3685714285714,0.3328818516343238,-1113.14,-2.0040688463200342
Snapchat,2023-03-16,91.13,16640,137,2,78.51,7570,430,0.008233173076923,0.0145985401459854,45.565,0.8615165148688687,-12.61999999999999,-0.160743854286078
Snapchat,2023-03-17,1128.79,176427,1515,2,9.2,95523,15994,0.0085871210188916,0.0013201320132013,564.395,0.0081503202544317,-1119.59,-121.6945652173913
Snapchat,2023-03-18,2505.9700000000003,773973,7096,15,811.77,320773,16028,0.0091682784799986,0.0021138669673055,167.06466666666668,0.3239344445464231,-1694.2000000000005,-2.0870443598556245
Snapchat,2023-03-19,961.93,260728,2029,1,0.0,151753,63635,0.0077820563959375,0.0004928536224741,961.93,0.0,-961.93,
Snapchat,2023-03-20,287.53,51670,538,3,127.81,27567,5470,0.0104122314689374,0.0055762081784386,95.84333333333332,0.444510138072549,-159.71999999999997,-1.249667475158438
Snapchat,2023-03-21,108.66,30974,216,0,0.0,15815,3955,0.0069735907535352,0.0,,0.0,-108.66,
Snapchat,2023-03-22,500.0,76474,750,0,0.0,31709,1047,0.0098072547532494,0.0,,0.0,-500.0,
Snapchat,2023-03-23,72.11,10205,84,1,79.82,4356,0,0.0082312591866731,0.0119047619047619,72.11,1.1069199833587573,7.709999999999994,0.0965923327486844
Snapchat,2023-03-24,2028.53,479150,4138,34,411.23,228415,54265,0.0086361264739643,0.0082165297245045,59.66264705882353,0.2027231542052619,-1617.3,-3.932835639423194
Snapchat,2023-03-26,3029.05,610230,6507,72,1179.74,323766,69209,0.0106631925667371,0.0110650069156293,42.07013888888888,0.3894752480150543,-1849.31,-1.5675572583789643
Snapchat,2023-03-28,2163.19,485955,5364,73,1087.89,221380,34472,0.0110380590795444,0.0136092468307233,29.6327397260274,0.5029100541330166,-1075.3,-0.9884271387732214
Snapchat,2023-03-29,1286.39,432837,2612,19,783.33,204476,92571,0.0060346042505608,0.0072741194486983,67.70473684210526,0.6089366366343022,-503.06000000000006,-0.6422069881148431
Snapchat,2023-03-30,1137.73,300117,2896,8,160.55,169832,50634,0.0096495700010329,0.0027624309392265,142.21625,0.1411143241366581,-977.18,-6.086452818436624
Snapchat,2023-03-31,2665.64,507411,3786,2,0.0,303450,39491,0.0074614070250743,0.0005282620179609,1332.82,0.0,-2665.64,
Snapchat,2023-04-01,1065.72,323963,3171,12,317.77,163402,57014,0.0097881548201492,0.0037842951750236,88.81,0.2981740044289306,-747.95,-2.3537464203669325
Snapchat,2023-04-02,50.75,11134,100,1,9.38,6393,0,0.0089814981138853,0.01,50.75,0.1848275862068965,-41.37,-4.410447761194029
Snapchat,2023-04-03,898.1899999999999,200129,1379,1,0.0,92439,45403,0.0068905555916433,0.0007251631617113,898.1899999999999,0.0,-898.1899999999999,
Snapchat,2023-04-04,2059.91,390700,2919,11,665.21,230129,74393,0.0074712055285385,0.0037684138403562,187.26454545454544,0.3229315843896093,-1394.6999999999998,-2.0966311390387995
Snapchat,2023-04-05,917.41,200922,2392,51,865.87,114567,0,0.0119051174087456,0.0213210702341137,17.98843137254902,0.943820102244362,-51.53999999999997,-0.0595239470128309
Snapchat,2023-04-06,342.38,99100,704,0,0.0,78181,17413,0.0071039354187689,0.0,,0.0,-342.38,
Snapchat,2023-04-07,737.61,154129,1232,13,151.1,63736,0,0.007993304310026,0.010551948051948,56.73923076923077,0.2048508019142907,-586.51,-3.8816015883520847
Snapchat,2023-04-08,2561.3900000000003,644078,5936,48,1027.63,287302,47335,0.0092162750474321,0.0080862533692722,53.36229166666667,0.4012001296171219,-1533.7600000000002,-1.4925216274339987
Snapchat,2023-04-09,67.52,14149,134,0,0.0,6355,1608,0.0094706339670648,0.0,,0.0,-67.52,
Snapchat,2023-04-10,1948.52,355359,3027,21,589.1,239276,34879,0.0085181464378276,0.0069375619425173,92.78666666666666,0.3023320263584669,-1359.42,-2.307621795959939
Snapchat,2023-04-11,225.34,64571,601,4,182.05,24331,13353,0.0093075838998931,0.0066555740432612,56.335,0.8078902991035769,-43.28999999999997,-0.2377918154353197
Snapchat,2023-04-12,823.92,266057,3277,3,0.0,113493,3508,0.012316909534423,0.0009154714678059,274.64,0.0,-823.92,
Snapchat,2023-04-13,357.65,60853,625,3,91.75,26719,4239,0.010270652227499,0.0048,119.21666666666664,0.2565357192786244,-265.9,-2.898092643051771
Snapchat,2023-04-14,1489.77,495524,5209,33,1389.54,228880,39506,0.0105121043582147,0.0063351890957957,45.14454545454545,0.9327211582996032,-100.23000000000002,-0.0721317846193704
Snapchat,2023-04-15,496.87,94412,794,3,130.71,46233,8408,0.0084099478879803,0.0037783375314861,165.6233333333333,0.2630667981564594,-366.16,-2.8013158901384743
Snapchat,2023-04-16,663.34,166885,1538,1,0.0,109494,26097,0.0092159271354525,0.0006501950585175,663.34,0.0,-663.34,
Snapchat,2023-04-17,471.68,107185,1212,12,562.91,56710,15444,0.0113075523627373,0.0099009900990099,39.306666666666665,1.193415027137042,91.23000000000002,0.1620685367110195
Snapchat,2023-04-18,74.21,25122,271,0,0.0,9316,5612,0.010787357694451,0.0,,0.0,-74.21,
Snapchat,2023-04-19,2327.06,616120,6588,12,146.87,284006,106124,0.0106927221969746,0.0018214936247723,193.92166666666665,0.0631139721365156,-2180.19,-14.844352148158237
Snapchat,2023-04-20,2741.49,773446,4499,2,41.86,393347,15811,0.0058168249625701,0.0004445432318292,1370.745,0.0152690690099179,-2699.63,-64.49187768752985
Snapchat,2023-04-21,720.96,130974,1107,2,0.0,84178,0,0.0084520591873196,0.001806684733514,360.48,0.0,-720.96,
Snapchat,2023-04-22,202.58,33915,230,0,0.0,18404,4170,0.006781660032434,0.0,,0.0,-202.58,
Snapchat,2023-04-23,1436.0500000000002,300981,2883,17,590.9000000000001,124903,41950,0.009578677723843,0.0058966354491848,84.47352941176472,0.4114759235402667,-845.1500000000001,-1.4302758503976984
Snapchat,2023-04-25,1935.67,394369,3130,6,258.76,216425,28770,0.0079367293068167,0.0019169329073482,322.6116666666666,0.1336798111248301,-1676.91,-6.480561137733807
Snapchat,2023-04-26,1363.47,497570,5324,6,0.0,231623,98681,0.0107000020097674,0.0011269722013523,227.245,0.0,-1363.47,
Snapchat,2023-04-27,656.1,199975,1860,2,0.0,89977,16080,0.0093011626453306,0.0010752688172043,328.05,0.0,-656.1,
Snapchat,2023-04-28,2918.74,472237,3168,1,0.0,226293,57359,0.0067084959458915,0.0003156565656565,2918.74,0.0,-2918.74,
Snapchat,2023-04-29,1254.5,353104,3175,13,832.46,187589,64562,0.0089916851692419,0.0040944881889763,96.5,0.6635791151853329,-422.04,-0.5069793143214087
Snapchat,2023-04-30,854.05,166834,1141,9,167.33,78452,19812,0.006839133509956,0.0078878177037686,94.89444444444445,0.1959252971137521,-686.7199999999999,-4.103986135181975
Snapchat,2023-05-01,1495.36,416234,2841,1,0.0,185001,18920,0.0068254875863096,0.0003519887363604,1495.36,0.0,-1495.36,
Snapchat,2023-05-02,994.35,132883,1658,27,994.58,45869,22835,0.0124771415455701,0.0162846803377563,36.827777777777776,1.000231306883894,0.2300000000000182,0.0002312533933922
Snapchat,2023-05-03,1133.22,356396,3478,40,3065.92,180766,3856,0.0097588076184917,0.0115008625646923,28.3305,2.7054940788196467,1932.7,0.6303817451205511
Snapchat,2023-05-04,1098.03,355755,3272,52,976.34,141243,41499,0.0091973408666076,0.0158924205378973,21.115961538461537,0.8891742484267279,-121.68999999999994,-0.1246389577401314
Snapchat,2023-05-05,1183.84,367527,3077,3,0.0,162385,47364,0.008372174017147,0.0009749756256093,394.6133333333333,0.0,-1183.84,
Snapchat,2023-05-06,3396.4500000000003,803825,7741,43,1628.78,417091,85979,0.0096302055795726,0.0055548378762433,78.98720930232558,0.4795536516068247,-1767.6700000000003,-1.085272412480507
Snapchat,2023-05-07,1150.73,195097,1943,36,1064.48,83513,14092,0.0099591485261177,0.0185280494081317,31.96472222222222,0.9250475784936518,-86.25,-0.081025477228318
Snapchat,2023-05-08,715.1099999999999,190783,1597,9,531.51,111986,0,0.0083707667873972,0.0056355666875391,79.45666666666665,0.7432562822502833,-183.5999999999999,-0.3454309420330754
Snapchat,2023-05-09,782.08,176686,1385,2,0.0,114773,9193,0.0078387648144165,0.0014440433212996,391.04,0.0,-782.08,
Snapchat,2023-05-10,1710.21,423089,3810,10,127.64,226831,33949,0.0090051974879989,0.0026246719160104,171.02100000000002,0.0746341092614357,-1582.57,-12.398699467251644
Snapchat,2023-05-11,358.02,94458,869,3,26.58,61263,9127,0.0091998560206652,0.003452243958573,119.34,0.0742416624769566,-331.44,-12.469525959367946
Snapchat,2023-05-12,1245.5,196114,1521,1,0.0,106037,10804,0.0077556931172685,0.0006574621959237,1245.5,0.0,-1245.5,
Snapchat,2023-05-14,163.87,55283,425,0,0.0,38614,0,0.007687715934374,0.0,,0.0,-163.87,
Snapchat,2023-05-15,84.62,28205,262,1,0.0,21680,0,0.0092891331324233,0.0038167938931297,84.62,0.0,-84.62,
Snapchat,2023-05-16,1813.07,365718,4154,101,2324.11,144612,31048,0.0113584783904538,0.0243139142994703,17.95118811881188,1.2818644619347297,511.04,0.2198863220759774
Snapchat,2023-05-17,1103.6799999999998,211574,2268,9,371.97,106169,22785,0.0107196536436424,0.0039682539682539,122.6311111111111,0.3370270368222674,-731.7099999999998,-1.9671210043820733
Snapchat,2023-05-18,214.71,56577,611,3,114.56,33484,7388,0.0107994414691482,0.0049099836333878,71.57000000000001,0.5335568906897676,-100.15,-0.8742143854748604
Snapchat,2023-05-20,1794.35,452881,3549,5,27.67,229423,4398,0.0078364956798805,0.0014088475626937,358.87,0.015420625853373,-1766.68,-63.84821105890856
Snapchat,2023-05-21,943.85,169470,1304,8,354.14,84338,31012,0.0076945772113058,0.0061349693251533,117.98125000000002,0.3752079249880806,-589.7100000000002,-1.6651889083413345
Snapchat,2023-05-22,1037.46,257142,2505,28,909.32,121822,3793,0.0097416991389971,0.0111776447105788,37.05214285714286,0.8764868043105275,-128.1400000000001,-0.1409184885408878
Snapchat,2023-05-23,190.71,73562,672,5,344.06,28547,0,0.0091351513009434,0.0074404761904761,38.142,1.8041004666771536,153.35,0.4457071441027727
Snapchat,2023-05-24,1252.56,249286,1607,1,41.27,119601,10102,0.0064464109496722,0.0006222775357809,1252.56,0.0329485214281152,-1211.29,-29.35037557547855
Snapchat,2023-05-25,1280.35,258879,1862,1,0.0,122329,0,0.0071925494149776,0.0005370569280343,1280.35,0.0,-1280.35,
Snapchat,2023-05-26,1562.75,243531,2076,1,0.0,120221,32626,0.0085245820860588,0.0004816955684007,1562.75,0.0,-1562.75,
Snapchat,2023-05-27,395.99,129234,845,0,0.0,66750,2873,0.0065385270130151,0.0,,0.0,-395.99,
Snapchat,2023-05-28,289.45000000000005,73586,755,8,354.88,36604,0,0.0102601038240969,0.0105960264900662,36.181250000000006,1.2260494040421488,65.42999999999995,0.1843721821460774
Snapchat,2023-05-29,1419.57,263352,3477,34,2325.8900000000003,96858,38240,0.0132028615693064,0.0097785447224618,41.75205882352941,1.6384468536246894,906.3200000000004,0.3896658913362198
Snapchat,2023-05-30,2617.35,525302,4828,41,775.3,237468,104429,0.009190903518357,0.0084921292460646,63.83780487804878,0.2962156379544195,-1842.05,-2.375918999097124
Snapchat,2023-05-31,425.8200000000001,80243,688,0,0.0,36300,14672,0.0085739566068068,0.0,,0.0,-425.8200000000001,
Snapchat,2023-06-01,1506.69,274532,2797,36,1571.0299999999995,139830,47245,0.0101882476359768,0.0128709331426528,41.8525,1.0427028784952443,64.33999999999969,0.0409540237933073
Snapchat,2023-06-02,633.84,114605,1151,12,675.36,52843,10440,0.010043191832817,0.0104257167680278,52.82,1.0655054903445664,41.51999999999998,0.0614783226723524
Snapchat,2023-06-03,574.2,130845,1332,9,347.13,61090,5447,0.0101799839504757,0.0067567567567567,63.8,0.6045454545454545,-227.07000000000005,-0.6541353383458648
Snapchat,2023-06-04,325.23,88178,523,0,0.0,40312,9221,0.0059311846492322,0.0,,0.0,-325.23,
Snapchat,2023-06-05,1473.54,246657,1618,1,42.83,156312,36213,0.0065597165294315,0.0006180469715698,1473.54,0.0290660586071637,-1430.71,-33.404389446649546
Snapchat,2023-06-06,115.65,22183,146,0,0.0,11536,2660,0.0065816165532164,0.0,,0.0,-115.65,
Snapchat,2023-06-07,2299.72,641290,5128,32,1041.19,272159,5920,0.0079963822919428,0.0062402496099844,71.86625,0.4527464213034631,-1258.5299999999995,-1.2087419203027303
Snapchat,2023-06-08,59.150000000000006,13060,108,1,35.13,7083,2139,0.0082695252679938,0.0092592592592592,59.150000000000006,0.5939137785291632,-24.020000000000003,-0.6837460859664105
Snapchat,2023-06-09,655.76,194926,1785,10,274.29,85573,27631,0.0091573212398551,0.0056022408963585,65.576,0.4182780285470294,-381.47,-1.3907543111305551
Snapchat,2023-06-10,1813.41,393233,3066,1,0.0,237708,75872,0.0077969041255438,0.0003261578604044,1813.41,0.0,-1813.41,
Snapchat,2023-06-11,1882.81,463997,3491,15,618.37,225819,41251,0.0075237555415228,0.0042967631051274,125.52066666666666,0.3284293157567678,-1264.44,-2.0447951873473813
Snapchat,2023-06-12,50.04,18006,141,0,0.0,11214,4259,0.0078307230923025,0.0,,0.0,-50.04,
Snapchat,2023-06-13,652.67,182257,1673,4,66.69,106167,7590,0.0091793456492754,0.0023909145248057,163.1675,0.1021802748709148,-585.98,-8.786624681361523
Snapchat,2023-06-15,643.5600000000001,169167,1436,22,254.56,79604,24631,0.0084886532243286,0.0153203342618384,29.25272727272728,0.3955497544906458,-389.00000000000006,-1.528126964173476
Snapchat,2023-06-16,800.82,288190,2795,30,1229.65,136823,0,0.0096984628196675,0.0107334525939177,26.694000000000003,1.5354886241602357,428.83,0.3487415118123043
Snapchat,2023-06-17,1284.16,295541,2354,17,954.75,120230,53720,0.0079650539180688,0.0072217502124044,75.53882352941177,0.7434821206080239,-329.4100000000001,-0.3450222571353758
Snapchat,2023-06-18,364.52,58235,522,2,86.39,22202,0,0.0089636816347557,0.003831417624521,182.26,0.2369965982662131,-278.13,-3.219469846046996
Snapchat,2023-06-19,677.51,129520,966,10,408.85,62058,15087,0.0074583075972822,0.010351966873706,67.751,0.603459727531697,-268.66,-0.6571114100525864
Snapchat,2023-06-20,2428.59,673975,5619,45,1874.88,295222,92468,0.0083371044920063,0.0080085424452749,53.96866666666666,0.7720035082084666,-553.7099999999998,-0.2953309011776753
Snapchat,2023-06-21,1181.73,361299,2510,3,0.0,197930,0,0.0069471545728053,0.0011952191235059,393.91,0.0,-1181.73,
Snapchat,2023-06-22,554.04,130521,1441,17,437.64,65761,0,0.011040368982769,0.0117973629424011,32.59058823529411,0.7899068659302577,-116.39999999999998,-0.2659720318069646
Snapchat,2023-06-23,1535.73,421006,3639,25,629.79,214549,53236,0.0086435822767371,0.0068700192360538,61.4292,0.410091617667168,-905.94,-1.4384794931643885
Snapchat,2023-06-24,1167.16,217572,1881,9,745.17,93350,31493,0.0086454139319397,0.0047846889952153,129.68444444444444,0.6384471709105864,-421.9899999999999,-0.5663003073124252
Snapchat,2023-06-25,1177.25,311333,3035,9,402.83,151556,21163,0.0097484044415465,0.0029654036243822,130.80555555555554,0.3421788065406668,-774.4200000000001,-1.9224486756199888
Snapchat,2023-06-26,1418.41,333445,3139,35,1064.78,133183,4047,0.0094138463614689,0.011150047785919,40.526,0.7506856268638827,-353.6300000000001,-0.3321155543868218
Snapchat,2023-06-27,254.76,66064,453,2,136.27,32769,6330,0.0068569871639622,0.0044150110375275,127.38,0.5348955880043964,-118.48999999999998,-0.8695237396345489
Snapchat,2023-06-28,732.98,122720,1201,5,315.58,57317,29824,0.0097865058670143,0.0041631973355537,146.596,0.4305438074708723,-417.4,-1.3226440205336207
Snapchat,2023-06-29,696.82,125089,1164,11,449.74,53320,3969,0.0093053745733038,0.0094501718213058,63.34727272727273,0.6454177549438879,-247.08000000000004,-0.5493840885845156
Snapchat,2023-06-30,193.24,50079,450,6,106.28,22972,7781,0.0089858024321571,0.0133333333333333,32.20666666666667,0.549989650175947,-86.96000000000001,-0.8182160331200603
Snapchat,2023-07-01,1808.88,460246,4043,64,1620.58,224031,101959,0.0087844326729618,0.0158298293346524,28.26375,0.8959024368670117,-188.29999999999995,-0.1161929679497463
Snapchat,2023-07-03,1216.81,241476,2077,17,781.34,99969,8280,0.0086012688631582,0.0081848820414058,71.57705882352941,0.6421216130702411,-435.4699999999999,-0.5573373947321267
Snapchat,2023-07-04,1690.28,359822,3202,10,62.13,144768,54408,0.0088988444286341,0.0031230480949406,169.028,0.0367572236552523,-1628.15,-26.205536777724124
Snapchat,2023-07-05,123.09,22152,241,4,89.03999999999999,10082,1254,0.0108793788371253,0.0165975103734439,30.7725,0.7233731416037045,-34.05000000000001,-0.382412398921833
Snapchat,2023-07-06,728.54,170816,1484,27,962.31,76745,0,0.008687710753091,0.0181940700808625,26.98296296296296,1.3208746259642572,233.77,0.2429258762768754
Snapchat,2023-07-07,83.99,26998,212,1,43.6,12420,5289,0.0078524335135935,0.0047169811320754,83.99,0.5191094177878319,-40.38999999999999,-0.9263761467889906
Snapchat,2023-07-08,824.6699999999998,178241,1561,13,900.01,83526,1280,0.008757805443192,0.00832799487508,63.43615384615384,1.0913577552233016,75.34000000000015,0.083710180997989
Snapchat,2023-07-09,1039.34,316395,2059,2,0.0,190243,45595,0.0065076881745918,0.0009713453132588,519.67,0.0,-1039.34,
Snapchat,2023-07-10,1007.01,260671,1915,2,85.36,115436,16289,0.007346425187305,0.0010443864229765,503.505,0.0847657917994856,-921.65,-10.797211808809749
Snapchat,2023-07-11,1078.95,332607,2784,22,1789.41,179029,54643,0.0083702387502367,0.0079022988505747,49.04318181818182,1.6584735159182538,710.46,0.3970358945127165
Snapchat,2023-07-12,136.04,30969,328,3,186.94,15101,957,0.010591236397688,0.0091463414634146,45.34666666666666,1.3741546603940018,50.900000000000006,0.2722798758960094
Snapchat,2023-07-13,115.4,28183,254,2,73.13,11853,2470,0.0090125252811978,0.0078740157480314,57.7,0.6337088388214904,-42.27000000000001,-0.5780117598796666
Snapchat,2023-07-14,2069.85,525437,4935,79,1528.2800000000002,266439,47553,0.0093921821264966,0.0160081053698075,26.200632911392404,0.7383530207502961,-541.5699999999997,-0.3543656921506528
Snapchat,2023-07-15,603.24,179933,1480,12,364.62,97997,22870,0.0082252838556573,0.0081081081081081,50.27,0.6044360453550826,-238.62,-0.6544347539904558
Snapchat,2023-07-16,1825.12,304317,2236,9,440.2,135173,17643,0.0073476013499081,0.0040250447227191,202.7911111111111,0.2411896204085211,-1384.9199999999998,-3.1461154020899587
Snapchat,2023-07-17,1126.84,393325,2131,5,63.05,161087,0,0.0054179113964278,0.002346316283435,225.368,0.0559529303184125,-1063.79,-16.87216494845361
Snapchat,2023-07-18,1414.03,349190,2793,11,509.24,150999,18430,0.0079985108393711,0.003938417472252,128.5481818181818,0.3601338019702552,-904.79,-1.776745738747938
Snapchat,2023-07-19,35.21,5347,64,1,64.5,1968,0,0.011969328595474,0.015625,35.21,1.831865947174098,29.29,0.4541085271317829
Snapchat,2023-07-20,1139.06,256661,2281,12,590.8,117879,28475,0.0088872091981251,0.0052608505041648,94.92166666666668,0.5186732920127122,-548.26,-0.9279959377115776
Snapchat,2023-07-21,2685.75,875133,5411,1,0.0,490554,23087,0.0061830601748534,0.0001848087229717,2685.75,0.0,-2685.75,
Snapchat,2023-07-22,519.92,123647,1320,10,389.69,60503,0,0.0106755521767612,0.0075757575757575,51.992,0.7495191567933528,-130.23000000000002,-0.3341887141060844
Snapchat,2023-07-23,59.34,14445,153,1,33.43,7114,0,0.0105919003115264,0.0065359477124183,59.34,0.5633636670037074,-25.910000000000004,-0.7750523481902484
Snapchat,2023-07-24,1612.75,324584,3169,30,952.26,202228,24981,0.0097632662115199,0.0094667087409277,53.75833333333333,0.5904572934428771,-660.49,-0.6936025875286161
Snapchat,2023-07-25,1184.03,406423,3253,2,0.0,188282,0,0.0080039761529244,0.0006148170919151,592.015,0.0,-1184.03,
Snapchat,2023-07-26,733.23,171177,1366,7,355.35,76338,24091,0.0079800440479737,0.0051244509516837,104.74714285714286,0.4846364715028027,-377.88,-1.0634022794428029
Snapchat,2023-07-27,451.28,129533,993,3,37.31,81233,6356,0.0076660001698408,0.0030211480362537,150.42666666666665,0.0826759439815635,-413.97,-11.095416778343608
Snapchat,2023-07-29,1762.48,561804,4366,3,0.0,259291,53788,0.0077713935821033,0.0006871278057718,587.4933333333333,0.0,-1762.48,
Snapchat,2023-07-30,1989.75,566541,4414,1,0.0,259721,10788,0.0077911395644798,0.0002265518803806,1989.75,0.0,-1989.75,
Snapchat,2023-07-31,1655.02,416442,3898,48,1011.95,169291,53405,0.0093602470452067,0.0123140071831708,34.47958333333333,0.6114427620210028,-643.07,-0.635476061070211
Snapchat,2023-08-01,367.62,66626,591,0,0.0,37983,5498,0.0088704109506799,0.0,,0.0,-367.62,
Snapchat,2023-08-02,1654.34,288334,2548,6,284.58,125076,19560,0.0088369737873438,0.0023547880690737,275.7233333333333,0.172020261856692,-1369.76,-4.8132686766462855
Snapchat,2023-08-03,1459.26,315447,2381,0,0.0,162596,31935,0.0075480191601124,0.0,,0.0,-1459.26,
Snapchat,2023-08-04,751.97,193617,1731,26,316.48,102345,6804,0.0089403306527835,0.0150202195262853,28.92192307692308,0.4208678537707621,-435.49,-1.37604271991911
Snapchat,2023-08-05,1387.4,290032,2859,30,698.1700000000001,136492,60421,0.00985753296188,0.0104931794333683,46.24666666666667,0.5032218538273029,-689.23,-0.9871950957503186
Snapchat,2023-08-06,2455.0,619031,4670,21,817.3,305874,24015,0.0075440486825377,0.0044967880085653,116.9047619047619,0.3329124236252546,-1637.7,-2.0037929768750766
Snapchat,2023-08-07,2258.6400000000003,353913,2468,9,149.26999999999998,148026,1154,0.0069734652301554,0.0036466774716369,250.96000000000004,0.0660884426026281,-2109.3700000000003,-14.131238694982253
Snapchat,2023-08-08,1476.69,345805,3020,22,1768.08,183222,33069,0.0087332456153034,0.0072847682119205,67.12227272727273,1.1973264530808767,291.3899999999999,0.1648058911361476
Snapchat,2023-08-09,596.83,181718,1374,9,232.65,76383,21465,0.0075611662025776,0.0065502183406113,66.31444444444445,0.3898094934906086,-364.18000000000006,-1.5653556845046208
Snapchat,2023-08-10,2682.7200000000003,793776,6635,29,654.29,438346,91046,0.0083587813186591,0.0043707611152976,92.50758620689656,0.2438905290153276,-2028.4300000000003,-3.1002002170291467
Snapchat,2023-08-11,1069.87,245807,2662,20,178.21,154010,36982,0.0108296346320487,0.0075131480090157,53.4935,0.1665716395449914,-891.6599999999999,-5.003422928006284
Snapchat,2023-08-12,2305.98,657269,4920,19,926.16,355766,4346,0.007485519627428,0.0038617886178861,121.36736842105265,0.4016340124372284,-1379.8200000000002,-1.4898289712360715
Snapchat,2023-08-13,720.97,189334,1167,1,0.0,90554,35273,0.0061637106911595,0.0008568980291345,720.97,0.0,-720.97,
Snapchat,2023-08-14,1207.55,352585,3315,28,2417.55,189398,3990,0.0094019881730646,0.008446455505279,43.12678571428571,2.0020289014947625,1210.0000000000002,0.500506711339993
Snapchat,2023-08-15,193.07,62889,429,0,0.0,27105,0,0.0068215427181224,0.0,,0.0,-193.07,
Snapchat,2023-08-16,195.81,32735,200,1,16.91,20367,5928,0.0061096685504811,0.005,195.81,0.0863592257800929,-178.9,-10.57953873447664
Snapchat,2023-08-17,172.64,41131,450,4,317.52,20055,9887,0.0109406530354234,0.0088888888888888,43.16,1.83920296570899,144.88,0.4562862181909801
Snapchat,2023-08-18,2263.23,583490,5288,25,901.53,305232,38624,0.0090627088724742,0.0047276853252647,90.5292,0.3983377738895295,-1361.7,-1.5104322651492463
Snapchat,2023-08-19,1828.52,414199,3185,2,45.09,227661,27031,0.0076895405348636,0.0006279434850863,914.26,0.0246592872924551,-1783.43,-39.55267243291196
Snapchat,2023-08-20,124.01,36314,279,0,0.0,14077,9831,0.0076829872776339,0.0,,0.0,-124.01,
Snapchat,2023-08-21,730.11,128845,1021,11,323.27,56020,1908,0.007924250067911,0.0107737512242899,66.37363636363636,0.4427688978373121,-406.84,-1.2585145543972531
Snapchat,2023-08-22,2177.03,290515,2302,10,340.91,149496,30087,0.0079238593532175,0.0043440486533449,217.703,0.1565940754146704,-1836.12,-5.385937637499632
Snapchat,2023-08-23,631.59,221353,2321,18,1062.67,136655,5703,0.0104855140883566,0.0077552778974579,35.08833333333334,1.6825313890340252,431.08,0.4056574477495365
Snapchat,2023-08-24,2079.2000000000003,352425,2662,3,55.62,200701,30073,0.0075533801518053,0.0011269722013523,693.0666666666667,0.0267506733358984,-2023.5800000000004,-36.38223660553759
Snapchat,2023-08-25,1116.51,387705,2463,5,113.66,228423,70899,0.0063527682129454,0.0020300446609825,223.302,0.1017993569247028,-1002.85,-8.823244765088862
Snapchat,2023-08-27,2202.48,731293,3335,0,0.0,354022,3817,0.0045604155926557,0.0,,0.0,-2202.48,
Snapchat,2023-08-28,1951.32,394440,3088,3,0.0,238046,20970,0.0078288206064293,0.0009715025906735,650.44,0.0,-1951.32,
Snapchat,2023-08-29,52.03,7416,83,1,42.33,3896,0,0.0111920172599784,0.0120481927710843,52.03,0.8135690947530271,-9.700000000000005,-0.2291519017245453
Snapchat,2023-08-30,61.64,24257,163,2,35.57,8114,4410,0.006719709774498,0.0122699386503067,30.82,0.577060350421804,-26.07,-0.7329210008434074
Snapchat,2023-08-31,152.54,48766,447,2,81.03,19849,9480,0.0091662223680433,0.0044742729306487,76.27,0.5312049298544644,-71.50999999999999,-0.8825126496359372
Snapchat,2023-09-01,2765.93,619361,6103,84,2493.05,282202,94367,0.0098537040595064,0.0137637227592987,32.92773809523809,0.9013424056284868,-272.87999999999965,-0.1094562884819797
Snapchat,2023-09-02,1313.75,239026,2104,1,0.0,125916,56848,0.0088023896981918,0.0004752851711026,1313.75,0.0,-1313.75,
Snapchat,2023-09-03,270.97,56020,516,1,0.0,29229,9365,0.0092109960728311,0.001937984496124,270.97,0.0,-270.97,
Snapchat,2023-09-04,1421.4,264896,2497,25,970.3,135574,51129,0.0094263409035999,0.0100120144173007,56.856,0.682636836921345,-451.10000000000014,-0.4649077604864476
Snapchat,2023-09-05,2136.89,583431,5646,14,708.05,306102,118040,0.0096772368969081,0.0024796315975912,152.635,0.3313460215546893,-1428.84,-2.017993079584775
Snapchat,2023-09-06,1427.06,353062,3445,56,1582.14,134080,69932,0.0097574930182234,0.016255442670537,25.483214285714286,1.1086709738903762,155.08000000000015,0.0980191386350134
Snapchat,2023-09-07,1668.29,300167,3234,2,87.07,213494,36275,0.0107740024719572,0.0006184291898577,834.145,0.0521911658045064,-1581.22,-18.160330768347308
Snapchat,2023-09-08,676.56,109918,708,3,97.1,55538,14388,0.006441165232264,0.0042372881355932,225.52,0.1435201608135272,-579.4599999999999,-5.967662203913491
Snapchat,2023-09-09,394.44,108260,975,2,103.61,46109,2498,0.0090060964345095,0.002051282051282,197.22,0.2626761991684413,-290.83,-2.806968439339832
Snapchat,2023-09-10,968.1799999999998,184003,1485,7,129.86,92894,32214,0.0080705205893382,0.0047138047138047,138.31142857142854,0.1341279514139933,-838.3199999999998,-6.455567534267671
Snapchat,2023-09-11,3472.67,757248,6394,74,1621.3,356326,71255,0.0084437330966869,0.0115733500156396,46.927972972972974,0.466874191904212,-1851.37,-1.1419046444211436
Snapchat,2023-09-12,169.44,62640,679,11,194.11,45124,0,0.0108397190293742,0.01620029455081,15.403636363636364,1.1455972615675163,24.670000000000016,0.1270928854773067
Snapchat,2023-09-13,2450.53,521674,3092,2,0.0,212097,8819,0.0059270732296415,0.000646830530401,1225.265,0.0,-2450.53,
Snapchat,2023-09-14,1728.02,535178,5273,74,1067.59,274695,106937,0.0098527966396227,0.0140337568746444,23.35162162162162,0.61781113644518,-660.4300000000001,-0.6186176341104732
Snapchat,2023-09-15,1564.06,372266,3692,42,739.72,167907,4053,0.00991763953732,0.0113759479956663,37.23952380952381,0.4729486081096633,-824.3399999999999,-1.1143946358081436
Snapchat,2023-09-16,1978.82,435462,3947,6,0.0,255306,32611,0.0090639366925242,0.0015201418799087,329.80333333333334,0.0,-1978.82,
Snapchat,2023-09-17,1484.92,235818,2353,2,0.0,110394,11207,0.0099780339075049,0.0008499787505312,742.46,0.0,-1484.92,
Snapchat,2023-09-18,1127.84,271286,2202,14,472.72,135319,41235,0.0081168950848919,0.0063578564940962,80.55999999999999,0.4191374663072776,-655.1199999999999,-1.385852090032154
Snapchat,2023-09-19,1891.29,606109,4303,4,0.0,335311,68882,0.0070993831142583,0.000929584011155,472.8225,0.0,-1891.29,
Snapchat,2023-09-20,1129.91,230657,2230,46,1526.25,117193,2324,0.0096680352211292,0.0206278026905829,24.56326086956522,1.3507713003690558,396.3399999999999,0.2596822276822276
Snapchat,2023-09-21,353.34,77075,780,11,519.75,38058,2100,0.0101200129743756,0.0141025641025641,32.12181818181818,1.4709628120224147,166.41000000000005,0.3201731601731602
Snapchat,2023-09-22,328.98,92987,996,16,491.55,44061,6486,0.0107111746803316,0.0160642570281124,20.56125,1.494163778953128,162.57,0.3307293256026853
Snapchat,2023-09-23,805.31,158301,1634,26,335.79,63872,31771,0.0103221078830834,0.0159118727050183,30.97346153846153,0.416969862537408,-469.5199999999999,-1.3982548616694954
Snapchat,2023-09-24,764.12,255471,2329,1,0.0,183802,50310,0.0091164946314845,0.0004293688278231,764.12,0.0,-764.12,
Snapchat,2023-09-25,3140.47,583520,5649,86,1532.67,245187,101852,0.0096809021113243,0.0152239334395468,36.51709302325581,0.4880384146322047,-1607.7999999999995,-1.0490190321465154
Snapchat,2023-09-26,1260.94,209391,2489,42,2592.0,83030,31838,0.0118868528255751,0.0168742466854158,30.02238095238096,2.055609307342141,1331.06,0.5135262345679013
Snapchat,2023-09-27,1289.4,290668,3287,15,312.68,152164,58699,0.0113084343649799,0.0045634317006388,85.96000000000001,0.2425003877772607,-976.72,-3.1237047460662657
Snapchat,2023-09-28,461.78,89612,891,6,596.49,38857,13194,0.0099428647948935,0.0067340067340067,76.96333333333334,1.291719000389796,134.70999999999998,0.2258378179013897
Snapchat,2023-09-29,315.18,66093,475,0,0.0,31743,18339,0.0071868427821403,0.0,,0.0,-315.18,
Snapchat,2023-09-30,2290.1600000000003,520937,4678,35,1430.0600000000002,235771,74741,0.0089799726262484,0.0074818298418127,65.43314285714287,0.6244367205784749,-860.1000000000001,-0.601443296085479
Snapchat,2023-10-01,1690.77,585027,6433,12,144.67,296534,21911,0.010996073685488,0.0018653816259909,140.8975,0.0855645652572496,-1546.1,-10.68708094283542
Snapchat,2023-10-02,3750.02,926787,10338,37,1702.14,429617,35824,0.0111546666062428,0.0035790288256916,101.3518918918919,0.4539015791915776,-2047.88,-1.2031207773743642
Snapchat,2023-10-03,1383.52,467719,4904,10,269.92,252362,2465,0.0104849279161205,0.0020391517128874,138.352,0.195096565282757,-1113.6,-4.125666864256075
Snapchat,2023-10-04,57.01,10992,147,0,0.0,7068,2255,0.0133733624454148,0.0,,0.0,-57.01,
Snapchat,2023-10-05,3976.0,861207,10297,100,1549.76,407844,0,0.0119564750402632,0.0097115664756725,39.76,0.3897786720321931,-2426.24,-1.5655585380962211
Snapchat,2023-10-06,4032.98,1322666,12814,20,591.4,640042,159778,0.009688008915327,0.0015607928827844,201.649,0.1466409454051346,-3441.5799999999995,-5.81937774771728
Snapchat,2023-10-07,496.31,138353,1292,9,157.22,101461,0,0.0093384314037281,0.0069659442724458,55.14555555555555,0.3167778203139167,-339.09000000000003,-2.156786668362804
Snapchat,2023-10-08,1912.44,277337,2619,2,0.0,107821,46450,0.0094433847629418,0.0007636502481863,956.22,0.0,-1912.44,
Snapchat,2023-10-10,4025.01,800849,8206,65,1272.52,417398,38027,0.0102466257684032,0.0079210333902022,61.92323076923077,0.3161532517931632,-2752.49,-2.1630229780278505
Snapchat,2023-10-11,867.6600000000001,267858,3162,26,1561.72,152471,4894,0.0118047622247608,0.0082226438962681,33.371538461538464,1.7999216282875778,694.06,0.4444202545910918
Snapchat,2023-10-12,256.64,72606,790,13,305.03,35336,0,0.0108806434729912,0.0164556962025316,19.74153846153846,1.1885520573566084,48.38999999999999,0.1586401337573353
Snapchat,2023-10-13,4979.85,944391,9264,113,899.32,445700,142238,0.0098094962785541,0.0121977547495682,44.069469026548674,0.1805917848931192,-4080.53,-4.537350442556599
Snapchat,2023-10-14,470.88,91966,986,0,0.0,37426,11199,0.0107213535437009,0.0,,0.0,-470.88,
Snapchat,2023-10-15,2483.78,718400,8630,26,727.9499999999999,411812,3660,0.0120128062360801,0.0030127462340672,95.53,0.2930815128554059,-1755.83,-2.41202005632255
Snapchat,2023-10-16,2657.84,612932,6887,9,0.0,249318,43528,0.0112361567025379,0.0013068099317554,295.31555555555553,0.0,-2657.84,
Snapchat,2023-10-17,1832.63,348929,4016,41,700.71,189850,29579,0.0115095047989705,0.0102091633466135,44.698292682926834,0.3823521387295853,-1131.92,-1.6153901043227583
Snapchat,2023-10-18,1001.08,154346,1670,2,0.0,81735,0,0.0108198463193085,0.0011976047904191,500.54,0.0,-1001.08,
Snapchat,2023-10-19,1419.54,211838,2941,45,1640.61,92364,48162,0.0138832504083308,0.0153009180550833,31.54533333333333,1.1557335474872144,221.07000000000016,0.1347486605591823
Snapchat,2023-10-20,493.12,132358,1447,28,354.02,55929,13468,0.0109324710255519,0.0193503800967519,17.611428571428572,0.7179185593770279,-139.10000000000002,-0.3929156544827977
Snapchat,2023-10-21,3170.54,793505,9701,20,921.51,478347,156607,0.0122255058254201,0.0020616431295742,158.527,0.2906476499271417,-2249.03,-2.440592071708392
Snapchat,2023-10-22,733.0,240310,1563,0,0.0,109217,48631,0.0065040988722899,0.0,,0.0,-733.0,
Snapchat,2023-10-23,644.11,150946,1552,6,105.69,94298,25311,0.0102818226385594,0.0038659793814432,107.35166666666667,0.1640868795702597,-538.4200000000001,-5.094332481786357
Snapchat,2023-10-24,1265.97,324675,4032,45,2008.96,138490,32483,0.0124185724185724,0.0111607142857142,28.13266666666667,1.5868938442459142,742.99,0.3698381251991079
Snapchat,2023-10-25,2049.93,587500,4618,4,0.0,342968,74312,0.0078604255319148,0.0008661758336942,512.4825,0.0,-2049.93,
Snapchat,2023-10-26,2542.84,493262,5083,1,0.0,348522,0,0.0103048684066479,0.0001967342120794,2542.84,0.0,-2542.84,
Snapchat,2023-10-27,1396.61,289228,3453,13,409.3,151066,15928,0.01193867813628,0.0037648421662322,107.43153846153848,0.2930667831391726,-987.3100000000002,-2.4121915465428785
Snapchat,2023-10-28,860.39,257765,2543,33,1278.64,141978,34229,0.009865575233255,0.0129767990562327,26.07242424242424,1.486116761003731,418.2500000000001,0.3271053619470688
Snapchat,2023-10-29,609.02,164362,1285,1,0.0,85352,30859,0.0078181088086053,0.0007782101167315,609.02,0.0,-609.02,
Snapchat,2023-10-30,2435.33,523268,4900,66,2160.83,231095,4776,0.0093642263620171,0.013469387755102,36.89893939393939,0.8872842694829859,-274.5,-0.127034519143107
Snapchat,2023-10-31,1512.17,295900,3229,5,0.0,197174,7945,0.010912470429199,0.0015484670176525,302.434,0.0,-1512.17,
Snapchat,2023-11-01,1924.87,380922,3893,4,0.0,193570,0,0.0102199400402182,0.0010274852298998,481.2175,0.0,-1924.87,
Snapchat,2023-11-02,3215.5600000000004,760961,5944,1,0.0,371749,103832,0.0078111756055829,0.0001682368775235,3215.5600000000004,0.0,-3215.5600000000004,
Snapchat,2023-11-03,489.01,146491,1310,1,0.0,83954,1595,0.0089425288925599,0.0007633587786259,489.01,0.0,-489.01,
Snapchat,2023-11-04,2220.42,385999,5460,112,4931.18,156594,75448,0.0141451143655812,0.0205128205128205,19.825178571428573,2.220832094828906,2710.76,0.5497183229977409
Snapchat,2023-11-05,66.69,13340,125,0,0.0,5769,0,0.0093703148425787,0.0,,0.0,-66.69,
Snapchat,2023-11-06,2433.88,612201,3963,5,32.82,505440,125396,0.0064733641402088,0.001261670451678,486.776,0.0134846418064982,-2401.0599999999995,-73.1584399756246
Snapchat,2023-11-07,1050.39,191775,2325,34,787.38,85187,40119,0.0121235823230348,0.0146236559139784,30.89382352941176,0.7496072887213322,-263.0099999999999,-0.3340318524727576
Snapchat,2023-11-08,2173.19,828390,8468,65,1183.0,489157,169968,0.0102222383177006,0.0076759565422768,33.43369230769231,0.5443610544867222,-990.19,-0.8370160608622148
Snapchat,2023-11-09,4981.36,1293279,20018,279,9610.41,606395,89012,0.0154784853075013,0.0139374562893395,17.854336917562723,1.929274334719836,4629.05,0.4816703969965902
Snapchat,2023-11-10,861.26,193062,2267,3,0.0,96200,5565,0.0117423418383731,0.0013233348037053,287.08666666666664,0.0,-861.26,
Snapchat,2023-11-11,2134.23,353990,4633,5,0.0,159645,17662,0.0130879403372976,0.0010792143319663,426.846,0.0,-2134.23,
Snapchat,2023-11-12,206.02,36192,407,3,47.53,24334,1924,0.0112455791335101,0.0073710073710073,68.67333333333333,0.2307057567226483,-158.48999999999998,-3.33452556280244
Snapchat,2023-11-13,720.57,123238,1308,10,436.42,74815,8316,0.0106136094386471,0.0076452599388379,72.057,0.6056594085238075,-284.15000000000003,-0.6510929838229229
Snapchat,2023-11-14,3208.18,1020441,10521,183,4315.44,432457,69033,0.0103102482162124,0.0173937838608497,17.53103825136612,1.3451364948350777,1107.2599999999998,0.2565810207070426
Snapchat,2023-11-15,811.0999999999999,162667,1668,23,1722.02,70832,23812,0.0102540773482021,0.01378896882494,35.26521739130435,2.1230674392799904,910.92,0.5289834032125063
Snapchat,2023-11-16,501.47,94212,787,0,0.0,46123,11241,0.0083535006156328,0.0,,0.0,-501.47,
Snapchat,2023-11-17,2475.36,568432,7224,68,4910.39,332630,33760,0.0127086441298167,0.0094130675526024,36.40235294117648,1.98370742033482,2435.03,0.4958934015424436
Snapchat,2023-11-18,878.11,124646,1566,36,390.86,59210,5563,0.0125635800587263,0.0229885057471264,24.391944444444444,0.445115076698819,-487.25,-1.2466100394002968
Snapchat,2023-11-19,1365.8,224085,1768,1,0.0,150689,20658,0.0078898632215453,0.0005656108597285,1365.8,0.0,-1365.8,
Snapchat,2023-11-20,2633.2,784688,10681,129,6528.89,401370,30001,0.0136117794588422,0.0120775208313828,20.4124031007752,2.479450858271305,3895.690000000001,0.5966848882428714
Snapchat,2023-11-21,540.9,85338,1012,1,0.0,42364,14222,0.0118587264758958,0.0009881422924901,540.9,0.0,-540.9,
Snapchat,2023-11-22,3221.25,495087,5975,41,3180.54,216719,80852,0.012068585925302,0.0068619246861924,78.5670731707317,0.9873620488940628,-40.71000000000004,-0.0127997132562395
Snapchat,2023-11-23,224.49,44787,494,1,0.0,24234,4003,0.0110299863799763,0.0020242914979757,224.49,0.0,-224.49,
Snapchat,2023-11-24,2898.56,971013,10866,30,1218.23,390434,0,0.0111903754120696,0.0027609055770292,96.61866666666668,0.4202880050783837,-1680.33,-1.3793208179079484
Snapchat,2023-11-25,4761.72,1415047,14986,137,6200.4,651009,206086,0.010590460952887,0.0091418657413586,34.7570802919708,1.3021345228194852,1438.6799999999994,0.2320301916005418
Snapchat,2023-11-26,3156.54,823796,12061,105,3750.19,367865,12774,0.0146407605766476,0.0087057457922228,30.062285714285714,1.1880698486317298,593.6500000000001,0.1582986462019258
Snapchat,2023-11-27,2147.99,458568,5465,66,2295.58,227729,26933,0.0119175345859283,0.0120768526989935,32.545303030303025,1.0687107481878408,147.59000000000017,0.0642931198215702
Snapchat,2023-11-28,2397.29,827383,10732,15,619.5,344417,94385,0.0129710182587749,0.0013976891539321,159.81933333333333,0.2584167956317342,-1777.79,-2.869717514124294
Snapchat,2023-11-29,3331.27,1174984,11441,103,3423.59,458291,203532,0.0097371538676271,0.0090027095533607,32.34242718446602,1.0277131544426,92.32000000000016,0.0269658457934507
Snapchat,2023-11-30,2930.43,767881,6609,14,465.85,339054,157669,0.0086068023560942,0.0021183234982599,209.31642857142856,0.1589698440160659,-2464.58,-5.290501234302887
Snapchat,2023-12-01,186.65,28361,172,0,0.0,11870,0,0.0060646662670568,0.0,,0.0,-186.65,
Snapchat,2023-12-02,2857.29,617553,4879,20,804.13,322422,93141,0.0079005364721732,0.0040992006558721,142.8645,0.2814310063031754,-2053.16,-2.553268750077724
Snapchat,2023-12-03,293.65000000000003,103346,1078,26,322.09000000000003,59636,0,0.0104309794283281,0.0241187384044526,11.29423076923077,1.0968499914864636,28.44,0.0882983017169114
Snapchat,2023-12-04,2230.02,456965,3354,2,0.0,250766,87467,0.0073397306139419,0.0005963029218843,1115.01,0.0,-2230.02,
Snapchat,2023-12-05,2354.22,324670,2938,1,0.0,166267,54853,0.0090491884066898,0.0003403675970047,2354.22,0.0,-2354.22,
Snapchat,2023-12-06,5167.43,1070699,10038,172,3867.97,545393,106126,0.0093751838752067,0.0171348874277744,30.043197674418607,0.7485287657500923,-1299.4600000000005,-0.3359540017114922
Snapchat,2023-12-07,2014.94,349792,3918,20,203.34,169445,67578,0.0112009422742658,0.0051046452271567,100.747,0.1009161563123467,-1811.6,-8.909216091275695
Snapchat,2023-12-08,1195.44,361028,2633,0,0.0,139604,74521,0.0072930631419169,0.0,,0.0,-1195.44,
Snapchat,2023-12-09,5753.51,1104197,11890,175,4017.28,500034,182024,0.0107680060713803,0.0147182506307821,32.8772,0.6982311667138842,-1736.23,-0.4321904373108172
Snapchat,2023-12-10,1250.41,248241,3185,106,1107.71,103772,6476,0.0128302738065025,0.0332810047095761,11.79632075471698,0.8858774322022378,-142.69999999999982,-0.1288243312780419
Snapchat,2023-12-11,1070.1,316398,3122,11,242.34,210854,5409,0.0098673190096018,0.0035233824471492,97.28181818181817,0.2264648163723016,-827.7599999999999,-3.415696954691755
Snapchat,2023-12-12,1665.23,269652,3749,112,911.25,106246,10895,0.0139031047424087,0.0298746332355294,14.868125,0.5472217051098046,-753.98,-0.8274128943758574
Snapchat,2023-12-13,2928.21,740003,9056,211,3335.3,373980,11896,0.0122377882251828,0.0232994699646643,13.877772511848342,1.139023498997681,407.0899999999997,0.122054987557341
Snapchat,2023-12-14,1490.07,468158,5920,118,3488.69,187120,30715,0.0126453035086445,0.0199324324324324,12.62771186440678,2.341292690947405,1998.62,0.5728855243658795
Snapchat,2023-12-15,960.39,253176,2824,39,849.39,99190,13025,0.0111542958258286,0.0138101983002832,24.62538461538462,0.8844219535813574,-111.00000000000011,-0.1306820188605942
Snapchat,2023-12-16,1565.69,281698,2535,19,415.05,124205,37576,0.0089989989279299,0.0074950690335305,82.40473684210527,0.2650907906418256,-1150.64,-2.772292494880136
Snapchat,2023-12-17,518.38,99479,984,8,178.48000000000002,55581,9439,0.0098915348968123,0.008130081300813,64.7975,0.3443034067672364,-339.9,-1.9044150605109813
Snapchat,2023-12-18,2749.41,538331,5715,70,2973.02,299414,79494,0.0106161450854585,0.0122484689413823,39.27728571428571,1.0813301762923682,223.61000000000013,0.0752130829930508
Snapchat,2023-12-19,1271.55,354901,3106,17,1216.85,155725,25823,0.0087517363997283,0.0054732775273663,74.79705882352941,0.95698163658527,-54.700000000000045,-0.0449521305008834
Snapchat,2023-12-20,106.92,15706,208,5,139.16,7826,2824,0.0132433464917865,0.0240384615384615,21.384,1.3015338570894126,32.239999999999995,0.2316757688991089
Snapchat,2023-12-21,321.84,72877,831,10,361.3,32824,5682,0.01140277453792,0.0120336943441636,32.184,1.1226075068356949,39.46000000000004,0.1092167174093552
Snapchat,2023-12-22,2163.89,447514,6022,91,2486.0,255201,2659,0.013456562252801,0.0151112587180338,23.779010989010988,1.1488569197140337,322.1100000000001,0.1295695897023331
Snapchat,2023-12-23,1688.59,550248,6576,44,1071.15,248310,3026,0.0119509748331661,0.0066909975669099,38.37704545454546,0.6343458151475492,-617.44,-0.576427204406479
Snapchat,2023-12-24,1075.29,231342,1425,1,0.0,94054,0,0.0061597115958191,0.0007017543859649,1075.29,0.0,-1075.29,
Snapchat,2023-12-25,4000.53,1006080,11342,17,77.04,507697,158202,0.0112734573791348,0.0014988538176688,235.32529411764708,0.0192574483880885,-3923.49,-50.92795950155763
Snapchat,2023-12-26,976.6,251389,2595,29,1272.63,101563,9978,0.0103226473712055,0.0111753371868978,33.675862068965515,1.3031230800737252,296.0300000000001,0.2326127782623386
Snapchat,2023-12-27,3643.7,970241,8920,5,0.0,561268,177626,0.0091935921075279,0.0005605381165919,728.74,0.0,-3643.7,
Snapchat,2023-12-28,878.29,247977,2549,6,47.97,160885,3121,0.0102791791174181,0.0023538642604943,146.38166666666666,0.0546174953603024,-830.3199999999999,-17.30915155305399
Snapchat,2023-12-29,5131.87,1109166,9352,75,626.05,495164,96750,0.0084315602894426,0.0080196749358426,68.42493333333333,0.1219925680112707,-4505.82,-7.197220669275617
Snapchat,2023-12-30,651.38,199398,2314,29,970.67,75761,0,0.0116049308418339,0.0125324114088159,22.461379310344828,1.490174706008781,319.29,0.3289377440324724
Snapchat,2023-12-31,4833.11,1033018,10472,43,2971.85,488834,181312,0.0101372870559854,0.0041061879297173,112.39790697674418,0.6148939295815737,-1861.26,-0.6262967511819236
Snapchat,2024-01-01,206.88,31509,314,4,131.55,13463,0,0.0099654067091941,0.0127388535031847,51.72,0.6358758700696057,-75.32999999999998,-0.5726339794754844
Snapchat,2024-01-02,134.78,43751,317,2,64.21,23873,0,0.0072455486731731,0.0063091482649842,67.39,0.476405994954741,-70.57000000000001,-1.0990499922130512
Snapchat,2024-01-03,1110.6,270305,2769,14,633.54,142130,29436,0.0102439836481012,0.0050559768869628,79.32857142857142,0.5704484062668828,-477.06,-0.7530069135334785
Snapchat,2024-01-04,835.91,150946,907,4,106.36,61688,5263,0.0060087713486942,0.0044101433296582,208.9775,0.1272385783158474,-729.55,-6.859251598345242
Snapchat,2024-01-05,917.57,262377,2736,26,2229.08,96929,0,0.0104277432854251,0.0095029239766081,35.29115384615385,2.429329642425101,1311.51,0.5883638092845479
Snapchat,2024-01-06,1336.95,250826,1978,14,826.61,95050,0,0.0078859448382544,0.0070778564206268,95.49642857142858,0.6182804143760051,-510.34,-0.6173890952202369
Snapchat,2024-01-07,306.96,51687,378,7,92.58,26514,12768,0.0073132509141563,0.0185185185185185,43.85142857142857,0.3016028146989836,-214.38,-2.3156189241736875
Snapchat,2024-01-08,1083.04,310337,2582,12,118.85,184110,55823,0.0083199876263545,0.0046475600309837,90.25333333333332,0.1097374058206529,-964.19,-8.11266302061422
Snapchat,2024-01-09,968.45,267233,2003,12,371.95,180203,0,0.0074953317891128,0.0059910134797803,80.70416666666667,0.3840673240745521,-596.5,-1.603710176098938
Snapchat,2024-01-10,1548.73,310490,2907,43,2994.9300000000003,145723,60297,0.0093626203742471,0.0147918816649466,36.016976744186046,1.933797369457556,1446.2000000000005,0.4828827384947228
Snapchat,2024-01-11,619.8,125214,1233,13,432.97,60866,8614,0.0098471416934208,0.0105433901054339,47.67692307692308,0.698564052920297,-186.83,-0.4315079566713627
Snapchat,2024-01-12,304.29,53490,377,0,0.0,28040,11291,0.0070480463638063,0.0,,0.0,-304.29,
Snapchat,2024-01-13,1334.41,262090,2353,1,0.0,106427,12426,0.0089778320424281,0.0004249893752656,1334.41,0.0,-1334.41,
Snapchat,2024-01-14,1571.16,317639,2296,1,0.0,151372,27584,0.0072283315335963,0.0004355400696864,1571.16,0.0,-1571.16,
Snapchat,2024-01-16,956.93,336060,2988,29,882.8299999999999,132344,0,0.0088912694161756,0.0097054886211512,32.99758620689655,0.9225648689036816,-74.10000000000002,-0.0839346193491386
Snapchat,2024-01-17,2628.82,557199,4104,13,87.94,370382,78761,0.0073654116392886,0.003167641325536,202.21692307692308,0.0334522713612951,-2540.88,-28.89333636570389
Snapchat,2024-01-18,933.74,297045,2244,18,886.28,123557,21180,0.0075544109478361,0.0080213903743315,51.87444444444444,0.9491721464219162,-47.46000000000004,-0.0535496682763912
Snapchat,2024-01-19,3847.6,1149509,8079,44,1142.01,507883,130892,0.0070282181348732,0.0054462185914098,87.44545454545454,0.2968109990643518,-2705.59,-2.3691473804957925
Snapchat,2024-01-20,256.13,64358,664,9,234.65,36645,0,0.0103172876720842,0.0135542168674698,28.45888888888889,0.9161363370163588,-21.47999999999999,-0.0915405923716172
Snapchat,2024-01-21,1546.7600000000002,309260,2525,11,516.96,125457,13369,0.008164651102632,0.0043564356435643,140.61454545454546,0.3342212107890041,-1029.8000000000002,-1.9920303311668217
Snapchat,2024-01-22,867.3000000000001,133576,1130,24,260.7,67230,7706,0.0084596035215907,0.0212389380530973,36.1375,0.3005880318228986,-606.6000000000001,-2.3268124280782514
Snapchat,2024-01-23,370.95,106169,993,0,0.0,56210,19991,0.0093530126496434,0.0,,0.0,-370.95,
Snapchat,2024-01-25,3079.72,753411,6144,69,920.22,348331,110953,0.0081549114626677,0.01123046875,44.63362318840579,0.2987998908991727,-2159.5,-2.346721436178305
Snapchat,2024-01-26,644.4100000000001,183753,2035,22,1238.08,89010,10424,0.0110746491213748,0.0108108108108108,29.29136363636364,1.9212613087940904,593.6699999999998,0.4795085939519254
Snapchat,2024-01-27,1173.86,171773,1588,11,944.73,60248,4978,0.0092447590715653,0.0069269521410579,106.71454545454549,0.8048063653246553,-229.1300000000001,-0.2425349041525093
Snapchat,2024-01-28,1407.6,371675,2526,4,150.31,211623,34916,0.0067962601735387,0.0015835312747426,351.9,0.1067845978971298,-1257.29,-8.364646397445279
Snapchat,2024-01-29,2573.05,470154,4317,43,2967.65,173455,36720,0.0091820977807271,0.0099606208014825,59.83837209302326,1.153358854277997,394.5999999999999,0.13296716256971
Snapchat,2024-01-30,2401.1,648297,6272,47,1708.09,312509,57100,0.0096745781640205,0.0074936224489795,51.08723404255319,0.7113781183624173,-693.0099999999998,-0.4057221809155253
Snapchat,2024-01-31,1344.0000000000002,262973,2164,3,0.0,128299,9729,0.0082289816825301,0.0013863216266173,448.00000000000006,0.0,-1344.0000000000002,
Snapchat,2024-02-01,142.28,36739,288,0,0.0,14953,3473,0.0078390810854949,0.0,,0.0,-142.28,
Snapchat,2024-02-02,481.52,149639,1288,2,0.0,63366,0,0.0086073817654488,0.0015527950310559,240.76,0.0,-481.52,
Snapchat,2024-02-03,401.71,93983,822,3,44.3,55756,4234,0.0087462626219635,0.0036496350364963,133.90333333333334,0.1102785591595927,-357.41,-8.067945823927765
Snapchat,2024-02-04,375.95,62605,589,4,72.45,41667,13196,0.0094081942336874,0.0067911714770797,93.9875,0.1927117967814869,-303.5,-4.1890959282263625
Snapchat,2024-02-05,354.09,78439,642,1,0.0,36856,15449,0.0081847040375323,0.0015576323987538,354.09,0.0,-354.09,
Snapchat,2024-02-06,321.55,84344,692,0,0.0,49111,9014,0.0082044958740396,0.0,,0.0,-321.55,
Snapchat,2024-02-07,347.39,73992,584,6,156.01999999999998,27494,7282,0.007892745161639,0.0102739726027397,57.89833333333333,0.4491205849333601,-191.37,-1.22657351621587
Snapchat,2024-02-08,3346.59,1056367,9659,48,1503.64,548859,1317,0.0091436025547939,0.0049694585360803,69.720625,0.4493051135633584,-1842.9500000000005,-1.2256590673299463
Snapchat,2024-02-09,744.52,216769,1678,1,0.0,122000,48641,0.0077409592700063,0.000595947556615,744.52,0.0,-744.52,
Snapchat,2024-02-10,1623.9,321785,2472,41,846.01,144982,42275,0.0076821480180866,0.0165857605177993,39.607317073170734,0.520974197918591,-777.8900000000001,-0.9194808572002696
Snapchat,2024-02-11,724.9,125731,807,4,300.08,57215,13735,0.0064184648177458,0.0049566294919454,181.225,0.4139605462822458,-424.82,-1.4156891495601174
Snapchat,2024-02-12,1164.49,310534,3140,6,36.3,203040,43410,0.0101116141871743,0.0019108280254777,194.08166666666668,0.0311724445894769,-1128.19,-31.079614325068874
Snapchat,2024-02-13,1986.62,530875,6695,82,889.89,252076,28460,0.0126112550035319,0.0122479462285287,24.227073170731707,0.4479417301748699,-1096.73,-1.2324332220836285
Snapchat,2024-02-14,1603.88,329428,3008,4,0.0,168124,12068,0.0091309785446288,0.0013297872340425,400.97,0.0,-1603.88,
Snapchat,2024-02-15,1186.77,250758,1880,1,0.0,124517,34797,0.0074972682825672,0.000531914893617,1186.77,0.0,-1186.77,
Snapchat,2024-02-16,662.97,204945,2157,2,48.39,96620,1011,0.0105247749396179,0.000927213722763,331.485,0.0729897280419928,-614.58,-12.700557966522007
Snapchat,2024-02-17,773.39,155420,1196,6,306.35,56124,28239,0.0076952773130871,0.0050167224080267,128.89833333333334,0.3961132158419426,-467.04,-1.524530765464338
Snapchat,2024-02-18,1400.68,305525,2698,28,986.56,137716,21844,0.0088307012519433,0.0103780578206078,50.02428571428572,0.70434360453494,-414.1200000000001,-0.4197615958481999
Snapchat,2024-02-19,896.52,164596,1204,6,354.79,72377,14404,0.0073148800699895,0.0049833887043189,149.42,0.3957413108463838,-541.73,-1.5269032385354715
Snapchat,2024-02-20,1864.81,556843,4168,33,1479.0,276745,21802,0.0074850541355462,0.0079174664107485,56.509393939393945,0.7931102900563596,-385.8100000000002,-0.2608586883029075
Snapchat,2024-02-21,2202.02,714724,9147,112,2102.69,295570,106736,0.0127979471796105,0.0122444517328085,19.66089285714286,0.9548914178799466,-99.32999999999991,-0.047239488464776
Snapchat,2024-02-22,827.74,215915,1808,3,35.49,92947,12023,0.0083736655628372,0.0016592920353982,275.91333333333336,0.0428757822504651,-792.25,-22.32318963088193
Snapchat,2024-02-23,1342.83,418081,5077,107,963.39,217667,67581,0.0121435798326161,0.0210754382509355,12.549813084112149,0.7174325864033422,-379.44,-0.3938591847538379
Snapchat,2024-02-24,2387.47,574761,4236,7,75.19,284338,13331,0.0073700198865267,0.0016525023607176,341.0671428571428,0.0314935894482443,-2312.28,-30.752493682670565
Snapchat,2024-02-25,1674.96,323589,2344,2,0.0,148431,19331,0.0072437567408039,0.0008532423208191,837.48,0.0,-1674.96,
Snapchat,2024-02-26,1972.85,472058,3739,4,0.0,220267,19292,0.0079206368708929,0.0010698047606311,493.2125,0.0,-1972.85,
Snapchat,2024-02-27,65.22,10240,82,0,0.0,6777,2088,0.0080078125,0.0,,0.0,-65.22,
Snapchat,2024-02-28,4598.48,1086456,9610,96,2910.32,496628,130398,0.0088452730713438,0.0099895941727367,47.90083333333333,0.6328873888763243,-1688.16,-0.580059924681822
Snapchat,2024-02-29,109.31,30153,266,0,0.0,11609,0,0.0088216761184625,0.0,,0.0,-109.31,
Snapchat,2024-03-01,644.3199999999999,126984,1161,0,0.0,49925,10095,0.0091428841428841,0.0,,0.0,-644.3199999999999,
Snapchat,2024-03-02,69.68,14327,76,0,0.0,10048,3048,0.0053046695051301,0.0,,0.0,-69.68,
Snapchat,2024-03-03,274.97,50446,489,6,182.76,17432,9543,0.0096935336795781,0.0122699386503067,45.82833333333334,0.6646543259264646,-92.21000000000004,-0.5045414751586783
Snapchat,2024-03-04,491.15,150664,1284,3,120.82,67326,21369,0.0085222747305262,0.0023364485981308,163.71666666666667,0.2459940954901761,-370.33,-3.0651382221486507
Snapchat,2024-03-05,1493.5700000000002,339576,3028,16,800.5,192081,5114,0.0089170023794378,0.0052840158520475,93.348125,0.5359641663932725,-693.0700000000002,-0.8657963772642101
Snapchat,2024-03-06,1760.35,465447,4258,4,0.0,253980,0,0.0091481951758202,0.0009394081728511,440.0875,0.0,-1760.35,
Snapchat,2024-03-07,2781.5600000000004,758258,6365,7,0.0,406799,85332,0.0083942404827908,0.0010997643362136,397.3657142857143,0.0,-2781.5600000000004,
Snapchat,2024-03-08,1140.72,212508,1474,1,0.0,113813,41243,0.0069362094603497,0.0006784260515603,1140.72,0.0,-1140.72,
Snapchat,2024-03-09,117.97,33443,196,0,0.0,13795,8472,0.0058607182370002,0.0,,0.0,-117.97,
Snapchat,2024-03-10,575.38,203982,2460,33,388.16,106187,6805,0.0120598876371444,0.0134146341463414,17.435757575757577,0.6746150370190135,-187.22000000000003,-0.4823268755152515
Snapchat,2024-03-11,880.9100000000001,158012,1282,10,362.13,62897,26926,0.0081133078500367,0.0078003120124804,88.09100000000001,0.4110862630688719,-518.7800000000001,-1.4325794604147684
Snapchat,2024-03-12,432.56,110754,1003,9,135.85,63714,1809,0.0090561063257308,0.0089730807577268,48.06222222222223,0.314060477159238,-296.71000000000004,-2.1841001104159004
Snapchat,2024-03-13,247.2,73682,951,14,614.62,41842,16559,0.0129068157759018,0.0147213459516298,17.657142857142855,2.486326860841424,367.42,0.5978002668315382
Snapchat,2024-03-14,676.24,150850,1389,5,73.71,101856,2606,0.0092078223400729,0.0035997120230381,135.248,0.1089997633976103,-602.53,-8.174331840998509
Snapchat,2024-03-15,303.96000000000004,98723,829,0,0.0,44630,22995,0.008397232661082,0.0,,0.0,-303.96000000000004,
Snapchat,2024-03-16,1012.6,200583,1693,1,0.0,96981,13530,0.0084403962449459,0.0005906674542232,1012.6,0.0,-1012.6,
Snapchat,2024-03-17,1706.24,425474,2878,6,176.12,237067,5748,0.006764220610425,0.0020847810979847,284.37333333333333,0.1032211177794448,-1530.12,-8.687940040881216
Snapchat,2024-03-18,1408.3,324096,1809,12,140.0,177143,64542,0.0055816795023696,0.0066334991708126,117.35833333333332,0.0994106369381523,-1268.3,-9.059285714285714
Snapchat,2024-03-19,124.69,31952,301,1,79.18,13839,2723,0.0094203805708562,0.0033222591362126,124.69,0.6350148367952523,-45.50999999999999,-0.5747663551401867
Snapchat,2024-03-20,475.37,154994,1084,0,0.0,75868,0,0.0069938191155786,0.0,,0.0,-475.37,
Snapchat,2024-03-21,1834.21,293158,2829,2,0.0,150491,12921,0.0096500863015848,0.000706963591375,917.105,0.0,-1834.21,
Snapchat,2024-03-22,1659.56,388097,2722,1,0.0,180278,48815,0.0070137104899032,0.0003673769287288,1659.56,0.0,-1659.56,
Snapchat,2024-03-23,245.1,78788,767,13,214.16,33898,11565,0.0097349850230999,0.0169491525423728,18.85384615384616,0.873765809873521,-30.94,-0.1444714232349645
Snapchat,2024-03-24,1260.78,325224,3106,4,0.0,155124,18650,0.009550340688264,0.0012878300064391,315.195,0.0,-1260.78,
Snapchat,2024-03-25,431.96,85851,767,3,101.83,41579,0,0.0089340834701983,0.0039113428943937,143.98666666666665,0.235739420316696,-330.13,-3.241971913974271
Snapchat,2024-03-26,959.8,235225,2336,11,324.55,115473,11652,0.0099309172069295,0.004708904109589,87.25454545454545,0.3381433632006668,-635.25,-1.9573255276536743
Snapchat,2024-03-27,1074.93,292759,1513,2,99.25,109048,44040,0.0051680733982559,0.0013218770654329,537.465,0.0923315936851701,-975.68,-9.83052896725441
Snapchat,2024-03-28,2075.65,380582,3217,9,234.38,156037,53471,0.0084528432768759,0.0027976375505129,230.6277777777778,0.1129188446992508,-1841.27,-7.855917740421538
Snapchat,2024-03-29,95.39,20823,230,2,19.01,12757,3119,0.0110454785573644,0.008695652173913,47.695,0.1992871370164587,-76.38,-4.01788532351394
Snapchat,2024-03-30,2227.96,484222,3613,9,91.89,244936,1636,0.0074614536307726,0.0024910047052311,247.5511111111111,0.0412440079714178,-2136.07,-23.24594624006965
Snapchat,2024-03-31,1606.24,482474,4023,6,196.25,251820,3728,0.0083382731504702,0.0014914243102162,267.70666666666665,0.1221797489789819,-1409.99,-7.184662420382166
Snapchat,2024-04-01,888.2900000000001,189645,1624,30,1019.58,83623,38478,0.0085633683988504,0.0184729064039408,29.60966666666667,1.147800830809758,131.28999999999996,0.1287687086839678
Snapchat,2024-04-02,97.16,34762,359,1,0.0,23986,0,0.0103273689661124,0.0027855153203342,97.16,0.0,-97.16,
Snapchat,2024-04-03,1198.12,405632,3201,3,142.01,157326,91939,0.0078913892395077,0.0009372071227741,399.3733333333333,0.1185273595299302,-1056.11,-7.436870642912471
Snapchat,2024-04-04,125.45,24228,218,3,37.92,16586,0,0.0089978537229651,0.0137614678899082,41.81666666666667,0.3022718214428059,-87.53,-2.3082805907172994
Snapchat,2024-04-05,2698.63,490197,3231,9,206.29,341875,106562,0.006591227608492,0.0027855153203342,299.84777777777776,0.0764424911899741,-2492.34,-12.081729603955598
Snapchat,2024-04-06,1702.8000000000002,408116,2539,1,0.0,192665,85414,0.0062212704231149,0.0003938558487593,1702.8000000000002,0.0,-1702.8000000000002,
Snapchat,2024-04-07,576.4499999999999,207067,1352,2,39.75,136046,1277,0.0065292876218808,0.0014792899408284,288.225,0.0689565443663804,-536.6999999999999,-13.501886792452828
Snapchat,2024-04-08,1449.38,257773,2221,19,367.98,151126,18697,0.0086161079709667,0.0085547050877982,76.28315789473685,0.2538878692958368,-1081.4,-2.938746671014729
Snapchat,2024-04-09,2087.04,269489,2458,11,97.18,137771,1244,0.0091209659763478,0.0044751830756712,189.73090909090908,0.0465635541245016,-1989.86,-20.476023873224943
Snapchat,2024-04-10,294.09,58984,590,4,154.28,35027,10229,0.0100027126000271,0.0067796610169491,73.5225,0.5246013125233773,-139.80999999999997,-0.906209489240342
Snapchat,2024-04-11,271.15,74971,732,6,308.11,32846,16749,0.0097637753264595,0.0081967213114754,45.19166666666666,1.1363083164300205,36.96000000000004,0.1199571581578008
Snapchat,2024-04-12,3832.08,798091,6548,61,1114.51,416857,161873,0.0082045781746693,0.0093158216249236,62.82098360655738,0.2908368301288073,-2717.57,-2.4383540748849266
Snapchat,2024-04-13,3759.24,665702,5369,18,140.96,330468,91026,0.0080651703014261,0.003352579623766,208.84666666666664,0.0374969408710271,-3618.28,-25.668842224744605
Snapchat,2024-04-14,1954.99,595988,4985,35,605.37,314982,31998,0.0083642623676986,0.0070210631895687,55.856857142857145,0.3096537578197331,-1349.62,-2.2294134165882022
Snapchat,2024-04-15,649.9300000000001,194142,1732,5,270.05,110779,5664,0.0089213050241575,0.0028868360277136,129.98600000000002,0.4155062852922622,-379.88000000000005,-1.4067024625069433
Snapchat,2024-04-16,433.79,152399,1570,22,605.47,51545,0,0.0103019048681421,0.0140127388535031,19.71772727272728,1.3957675372876277,171.68,0.2835483178357309
Snapchat,2024-04-17,1068.52,160692,1606,20,996.79,85287,7083,0.0099942747616558,0.012453300124533,53.426,0.9328697637854227,-71.73000000000002,-0.0719609947932864
Snapchat,2024-04-18,292.2,89378,786,2,66.15,49386,6388,0.0087941104074828,0.0025445292620865,146.1,0.2263860369609856,-226.05,-3.4172335600907022
Snapchat,2024-04-19,1659.36,617141,3430,2,0.0,352650,106816,0.0055578870954935,0.0005830903790087,829.6800000000001,0.0,-1659.36,
Snapchat,2024-04-20,97.47,35493,297,1,0.0,15692,0,0.0083678471811343,0.0033670033670033,97.47,0.0,-97.47,
Snapchat,2024-04-21,1206.14,380075,3348,1,0.0,203129,23944,0.0088087877392619,0.0002986857825567,1206.14,0.0,-1206.14,
Snapchat,2024-04-22,640.8299999999999,169861,1205,10,288.14,78342,26181,0.0070940357115523,0.0082987551867219,64.083,0.4496356287939079,-352.68999999999994,-1.2240230443534392
Snapchat,2024-04-23,1788.5800000000002,340801,2679,1,0.0,231960,10331,0.0078608924269588,0.0003732736095558,1788.5800000000002,0.0,-1788.5800000000002,
Snapchat,2024-04-24,1905.15,472910,4778,14,560.94,255036,18462,0.0101034023387113,0.0029300962745918,136.08214285714286,0.2944335091725061,-1344.21,-2.396352551074981
Snapchat,2024-04-25,572.8899999999999,169799,1615,9,595.69,70036,22256,0.0095112456492676,0.0055727554179566,63.65444444444443,1.0397982160624206,22.800000000000185,0.0382749416642887
Snapchat,2024-04-26,3044.89,1000054,8389,8,56.71,442679,163269,0.008388547018461,0.0009536297532483,380.61125,0.0186246465389554,-2988.18,-52.69229412801975
Snapchat,2024-04-27,161.2,57580,479,0,0.0,36361,7155,0.0083188607155262,0.0,,0.0,-161.2,
Snapchat,2024-04-28,1871.8,457769,4201,12,216.24,227823,4008,0.0091771177165775,0.002856462746965,155.98333333333335,0.115525162944759,-1655.5600000000002,-7.656122826489088
Snapchat,2024-04-29,712.89,222212,2038,2,0.0,92276,0,0.0091714218854067,0.000981354268891,356.445,0.0,-712.89,
Snapchat,2024-04-30,734.69,151945,1559,16,493.39,73019,21573,0.0102602915528645,0.010262989095574,45.918125,0.6715621554669315,-241.30000000000007,-0.4890654451853505
Snapchat,2024-05-01,773.28,203499,1995,7,149.51,86794,25143,0.0098034879778279,0.0035087719298245,110.46857142857142,0.1933452307055659,-623.77,-4.172095512005886
Snapchat,2024-05-02,646.85,111464,1102,14,522.4300000000001,56892,7765,0.0098866001578985,0.0127041742286751,46.20357142857143,0.8076524696606633,-124.41999999999996,-0.2381563080221272
Snapchat,2024-05-03,327.28,98359,839,1,0.0,51208,15530,0.0085299769212781,0.00119189511323,327.28,0.0,-327.28,
Snapchat,2024-05-04,1638.88,501529,4378,25,986.48,221819,75163,0.0087293057829158,0.005710370031978,65.5552,0.6019232646685541,-652.4000000000001,-0.6613413348471333
Snapchat,2024-05-05,3250.57,644357,4498,0,0.0,347371,89626,0.0069806023679419,0.0,,0.0,-3250.57,
Snapchat,2024-05-06,3058.4,584160,4352,14,413.44,277654,18656,0.0074500136948781,0.0032169117647058,218.45714285714288,0.1351817944023018,-2644.96,-6.397445820433437
Snapchat,2024-05-07,1116.08,238161,1837,8,260.04,171356,4924,0.0077132695949378,0.0043549265106151,139.51,0.2329940506056914,-856.04,-3.291955083833256
Snapchat,2024-05-08,1276.59,327534,2878,11,595.92,136548,7615,0.0087868740344513,0.0038220986796386,116.05363636363636,0.4668061006274528,-680.67,-1.1422170761175996
Snapchat,2024-05-09,1108.53,308402,2997,5,67.55,151519,58396,0.0097178358117003,0.0016683350016683,221.706,0.0609365556187022,-1040.98,-15.410510732790527
Snapchat,2024-05-10,529.12,160408,1441,0,0.0,69792,22401,0.0089833424766844,0.0,,0.0,-529.12,
Snapchat,2024-05-11,515.88,123631,1324,12,454.78,60779,19563,0.0107092881235288,0.0090634441087613,42.99,0.881561603473676,-61.10000000000002,-0.1343506750516734
Snapchat,2024-05-12,86.91,15331,121,0,0.0,7963,2536,0.0078925053812536,0.0,,0.0,-86.91,
Snapchat,2024-05-13,2620.21,554235,5852,60,1986.17,255440,65198,0.0105586980252059,0.010252904989747,43.67016666666667,0.7580193953919724,-634.04,-0.3192274578711792
Snapchat,2024-05-14,663.0,184417,1953,10,361.79,104351,24530,0.0105901299771713,0.0051203277009728,66.3,0.545686274509804,-301.21,-0.8325547969816743
Snapchat,2024-05-15,62.83,16308,164,1,14.4,8259,1811,0.0100564140299239,0.0060975609756097,62.83,0.2291898774470794,-48.43,-3.3631944444444444
Snapchat,2024-05-16,160.10000000000002,30218,366,2,81.66,12254,764,0.0121119862333708,0.0054644808743169,80.05000000000001,0.5100562148657088,-78.44000000000003,-0.9605682096497676
Snapchat,2024-05-17,557.72,131033,1291,1,0.0,69430,13087,0.009852479909641,0.0007745933384972,557.72,0.0,-557.72,
Snapchat,2024-05-19,2105.69,511860,3608,2,0.0,284604,103196,0.0070488024069081,0.0005543237250554,1052.845,0.0,-2105.69,
Snapchat,2024-05-20,476.0,111966,1190,8,282.31,69405,18015,0.0106282264258792,0.0067226890756302,59.5,0.5930882352941177,-193.69,-0.6860897594842549
Snapchat,2024-05-21,2505.86,479154,4707,52,845.86,251502,33219,0.0098235640316057,0.011047376248141,48.18961538461539,0.3375527762923707,-1660.0,-1.962499704442816
Snapchat,2024-05-22,2914.88,727263,6409,35,1234.41,399661,22067,0.008812492867092,0.0054610703697924,83.28228571428572,0.4234857009550993,-1680.47,-1.3613548172811305
Snapchat,2024-05-23,2476.03,725680,5620,5,12.02,370085,124793,0.0077444603682063,0.0008896797153024,495.206,0.0048545453811141,-2464.01,-204.99251247920137
Snapchat,2024-05-24,601.1,92929,733,0,0.0,45748,16094,0.0078877422548397,0.0,,0.0,-601.1,
Snapchat,2024-05-25,693.17,138992,1163,2,0.0,60114,11790,0.0083673880511108,0.0017196904557179,346.585,0.0,-693.17,
Snapchat,2024-05-26,841.0,149185,1222,20,303.45,71817,0,0.0081911720347219,0.0163666121112929,42.05,0.3608204518430439,-537.55,-1.7714615257867852
Snapchat,2024-05-27,573.6800000000001,184506,1929,1,0.0,83969,13742,0.0104549445546486,0.0005184033177812,573.6800000000001,0.0,-573.6800000000001,
Snapchat,2024-05-28,1317.35,350160,3011,8,310.04,168839,67776,0.0085989262051633,0.0026569246097641,164.66875,0.2353512733897597,-1007.31,-3.2489678751128883
Snapchat,2024-05-29,837.78,165442,1593,10,678.23,89998,13950,0.0096287520702119,0.0062774639045825,83.77799999999999,0.8095562080737186,-159.54999999999995,-0.2352446810079176
Snapchat,2024-05-30,488.19,64036,441,0,0.0,36481,14629,0.0068867512024486,0.0,,0.0,-488.19,
Snapchat,2024-05-31,920.77,312711,2710,32,1225.49,128361,7317,0.0086661486164541,0.0118081180811808,28.7740625,1.3309404085710872,304.72,0.2486515597842495
Snapchat,2024-06-01,586.46,104381,895,7,229.36,51044,13347,0.0085743574022092,0.0078212290502793,83.78,0.3910923166115336,-357.1,-1.5569410533658876
Snapchat,2024-06-02,2701.15,492401,3443,4,108.31,198097,69515,0.0069922684966115,0.0011617775196049,675.2875,0.0400977361494178,-2592.84,-23.93906379835657
Snapchat,2024-06-03,1999.86,414738,3095,3,41.8,162450,93023,0.0074625426172668,0.0009693053311793,666.62,0.0209014631024171,-1958.06,-46.84354066985646
Snapchat,2024-06-04,829.39,160428,1798,36,1092.45,87673,14255,0.0112075198843094,0.0200222469410456,23.03861111111111,1.317172861982903,263.06000000000006,0.2407982058675454
Snapchat,2024-06-05,2390.16,523788,4286,34,1068.39,235486,57048,0.0081826998709401,0.0079328044797013,70.29882352941176,0.4469951802389799,-1321.7699999999998,-1.2371605874259397
Snapchat,2024-06-06,267.42,73579,520,1,0.0,32252,0,0.0070672338574865,0.0019230769230769,267.42,0.0,-267.42,
Snapchat,2024-06-07,1853.93,570902,4077,19,336.81,279436,23595,0.0071413307362734,0.0046602894285013,97.57526315789474,0.1816735259691574,-1517.12,-4.504379323654286
Snapchat,2024-06-08,761.8399999999999,227802,1994,2,0.0,149896,5163,0.0087532155117163,0.0010030090270812,380.92,0.0,-761.8399999999999,
Snapchat,2024-06-09,168.37,39293,233,0,0.0,19898,4691,0.0059298093808057,0.0,,0.0,-168.37,
Snapchat,2024-06-10,429.08,55824,533,1,0.0,20656,5087,0.0095478647176841,0.0018761726078799,429.08,0.0,-429.08,
Snapchat,2024-06-11,1394.06,377802,2307,2,0.0,195269,0,0.006106373179602,0.00086692674469,697.03,0.0,-1394.06,
Snapchat,2024-06-12,1384.33,378729,3223,26,1651.31,199228,63735,0.0085100428010529,0.0080670183059261,53.24346153846154,1.1928586391973013,266.98,0.161677698312249
Snapchat,2024-06-13,1538.27,391667,2575,0,0.0,166960,72361,0.0065744624898191,0.0,,0.0,-1538.27,
Snapchat,2024-06-14,412.28,88314,697,1,0.0,42936,12667,0.0078922934076137,0.0014347202295552,412.28,0.0,-412.28,
Snapchat,2024-06-15,452.21,161148,1388,1,0.0,77251,25787,0.008613200287934,0.0007204610951008,452.21,0.0,-452.21,
Snapchat,2024-06-17,676.21,145114,1105,1,0.0,89475,19652,0.0076147029232189,0.0009049773755656,676.21,0.0,-676.21,
Snapchat,2024-06-18,70.78,12264,94,1,36.64,7276,2484,0.0076647097195042,0.0106382978723404,70.78,0.5176603560327776,-34.14,-0.9317685589519652
Snapchat,2024-06-20,1400.51,312313,2818,49,526.0899999999999,162754,49498,0.0090229993628187,0.017388218594748,28.58183673469388,0.3756417305124561,-874.4200000000001,-1.6621110456385793
Snapchat,2024-06-21,157.14,23362,203,1,26.32,11975,0,0.0086893245441314,0.0049261083743842,157.14,0.1674939544355352,-130.82,-4.970364741641337
Snapchat,2024-06-22,690.85,147747,1334,1,0.0,73964,2028,0.0090289481343106,0.0007496251874062,690.85,0.0,-690.85,
Snapchat,2024-06-23,2113.2200000000003,656459,4507,18,176.43,414052,17373,0.0068656229863555,0.0039937874417572,117.40111111111112,0.0834887044415631,-1936.79,-10.977668197018648
Snapchat,2024-06-24,314.44,91385,803,19,275.13,34338,15598,0.0087870000547135,0.0236612702366127,16.549473684210525,0.8749840987151761,-39.31,-0.142877912259659
Snapchat,2024-06-25,2184.24,426713,2896,1,0.0,230519,63098,0.0067867629999554,0.0003453038674033,2184.24,0.0,-2184.24,
Snapchat,2024-06-26,49.42,12222,79,0,0.0,6276,0,0.0064637538864342,0.0,,0.0,-49.42,
Snapchat,2024-06-27,1264.96,238679,1710,1,28.98,123291,24883,0.00716443424013,0.0005847953216374,1264.96,0.022909815330129,-1235.98,-42.64941338854382
Snapchat,2024-06-28,1253.57,468388,3975,44,2639.76,243557,0,0.0084865538826784,0.0110691823899371,28.49022727272727,2.1057938527565274,1386.1900000000005,0.5251197078522291
Snapchat,2024-06-29,555.93,98518,952,0,0.0,69579,15884,0.0096632087537302,0.0,,0.0,-555.93,
Snapchat,2024-06-30,1158.44,160682,1605,20,223.84,66227,3727,0.0099886732801433,0.0124610591900311,57.922,0.19322537205207,-934.6,-4.1753037884203
Snapchat,2024-07-01,216.93,47709,524,10,117.47,21496,0,0.010983252635771,0.0190839694656488,21.693,0.5415110865256073,-99.46,-0.8466842598110157
Snapchat,2024-07-02,655.68,180190,1484,15,412.86,85482,0,0.0082357511515622,0.0101078167115902,43.712,0.6296669106881405,-242.82,-0.5881412585380033
Snapchat,2024-07-03,121.04,20634,141,2,33.2,10963,0,0.006833381797034,0.0141843971631205,60.52,0.2742894910773298,-87.84,-2.6457831325301204
Snapchat,2024-07-04,572.18,130586,912,1,0.0,60975,0,0.0069839033280749,0.0010964912280701,572.18,0.0,-572.18,
Snapchat,2024-07-05,881.21,275666,3077,47,1346.39,167699,35400,0.0111620584330312,0.0152746181345466,18.74914893617021,1.5278877906514907,465.18000000000006,0.3455016748490407
Snapchat,2024-07-06,1150.1,244351,2142,22,348.89,147359,10837,0.0087660783053885,0.0102707749766573,52.27727272727273,0.3033562298930527,-801.2100000000002,-2.296454469890224
Snapchat,2024-07-07,868.84,117243,584,0,0.0,56898,0,0.0049811076141006,0.0,,0.0,-868.84,
Snapchat,2024-07-08,2806.57,553191,4281,6,72.3,288192,71431,0.0077387376150371,0.0014015416958654,467.7616666666667,0.0257609822666101,-2734.27,-37.81839557399724
Snapchat,2024-07-09,1172.23,300865,3150,15,652.63,142683,33370,0.0104698120419457,0.0047619047619047,78.14866666666667,0.5567422775393908,-519.6,-0.796163216523911
Snapchat,2024-07-10,438.8,72105,668,0,0.0,36821,7294,0.0092642673878371,0.0,,0.0,-438.8,
Snapchat,2024-07-11,1967.91,368206,3913,34,2614.57,153597,49303,0.0106272032503544,0.0086889854331714,57.87970588235294,1.3286024259239495,646.6599999999999,0.2473293887713849
Snapchat,2024-07-12,1003.6,185578,1454,3,97.64,77801,20117,0.0078349804394917,0.0020632737276478,334.53333333333336,0.0972897568752491,-905.96,-9.278574354772635
Snapchat,2024-07-13,1011.89,300068,2040,3,43.65,182050,0,0.0067984590159563,0.0014705882352941,337.2966666666666,0.0431370998823982,-968.24,-22.181901489117983
Snapchat,2024-07-14,611.28,184850,1609,13,385.42,96350,12022,0.008704354882337,0.0080795525170913,47.02153846153846,0.6305130218557781,-225.86,-0.5860100669399615
Snapchat,2024-07-15,560.24,126841,1093,8,346.49,49220,29773,0.0086170875347876,0.0073193046660567,70.03,0.6184670855347708,-213.75,-0.6169009206614909
Snapchat,2024-07-16,1366.97,353480,2710,4,130.33,159635,6593,0.007666628946475,0.0014760147601476,341.7425,0.0953422533047543,-1236.64,-9.488529118391774
Snapchat,2024-07-17,2365.5,758359,6123,9,194.42,391113,144431,0.0080740124400185,0.0014698677119059,262.8333333333333,0.0821898118790953,-2171.08,-11.166958131879436
Snapchat,2024-07-18,119.42,18791,174,0,0.0,11485,4117,0.0092597520089404,0.0,,0.0,-119.42,
Snapchat,2024-07-19,3515.14,922767,6956,12,282.66,491780,120506,0.0075381976165164,0.0017251293847038,292.92833333333334,0.0804121599708688,-3232.48,-11.435930092690864
Snapchat,2024-07-20,654.3199999999999,117159,1090,11,529.98,49855,8095,0.0093035959678727,0.010091743119266,59.48363636363636,0.8099706565594817,-124.33999999999992,-0.2346126268915806
Snapchat,2024-07-21,1052.93,185862,1353,16,157.27,111474,0,0.0072795945378829,0.0118255728011825,65.808125,0.1493641552619832,-895.6600000000001,-5.695046734914478
Snapchat,2024-07-22,1261.91,282453,1691,0,0.0,125501,30053,0.0059868367480607,0.0,,0.0,-1261.91,
Snapchat,2024-07-23,1518.69,311959,2699,7,270.03,161742,54548,0.0086517779580008,0.0025935531678399,216.9557142857143,0.1778045552416885,-1248.66,-4.624152871903123
Snapchat,2024-07-24,439.64,101661,605,0,0.0,46763,21327,0.0059511513756504,0.0,,0.0,-439.64,
Snapchat,2024-07-25,468.87,73079,582,1,30.83,33723,1161,0.0079639841815022,0.0017182130584192,468.87,0.0657538336852432,-438.04,-14.208238728511192
Snapchat,2024-07-26,346.44,107709,1064,5,208.36,55595,2744,0.0098784688373302,0.0046992481203007,69.288,0.601431705345803,-138.07999999999998,-0.6626991745056632
Snapchat,2024-07-28,314.75,90702,787,0,0.0,37593,18278,0.0086767656722012,0.0,,0.0,-314.75,
Snapchat,2024-07-29,485.01,124513,887,1,0.0,63907,21211,0.0071237541461534,0.0011273957158962,485.01,0.0,-485.01,
Snapchat,2024-07-30,1126.34,240386,2140,24,883.73,109946,6107,0.0089023487224713,0.011214953271028,46.93083333333333,0.7846032281549089,-242.6099999999999,-0.274529550880925
Snapchat,2024-07-31,868.86,253462,2091,13,267.86,140783,51569,0.0082497573600776,0.0062171209947393,66.83538461538461,0.3082890223971641,-601.0,-2.2437094004330618
Snapchat,2024-08-01,662.94,129536,952,0,0.0,71434,9120,0.0073493083003952,0.0,,0.0,-662.94,
Snapchat,2024-08-02,1388.36,416032,2474,0,0.0,300472,59314,0.0059466579493885,0.0,,0.0,-1388.36,
Snapchat,2024-08-03,320.05,97669,773,0,0.0,45184,19383,0.0079144866846184,0.0,,0.0,-320.05,
Snapchat,2024-08-04,1325.25,224678,1491,6,306.32000000000005,99391,0,0.0066361637543506,0.0040241448692152,220.875,0.2311412940954537,-1018.93,-3.3263580569339246
Snapchat,2024-08-05,1472.06,231596,1726,7,121.4,134644,23405,0.0074526330333857,0.004055619930475,210.2942857142857,0.0824694645598684,-1350.66,-11.125700164744645
Snapchat,2024-08-06,856.84,218736,2000,3,0.0,99247,6378,0.0091434423231658,0.0015,285.61333333333334,0.0,-856.84,
Snapchat,2024-08-07,1852.5,433591,3922,15,609.28,204397,51101,0.0090453907022977,0.0038245792962774,123.5,0.3288960863697706,-1243.22,-2.0404740021008405
Snapchat,2024-08-08,428.98,125681,720,0,0.0,47862,0,0.005728789554507,0.0,,0.0,-428.98,
Snapchat,2024-08-09,1808.35,581882,5127,7,0.0,428586,66874,0.0088110647863312,0.0013653208503998,258.3357142857143,0.0,-1808.35,
Snapchat,2024-08-10,916.54,223925,1833,27,720.6099999999999,142963,24102,0.0081857764876632,0.0147299509001636,33.94592592592593,0.7862286425033276,-195.93000000000012,-0.2718946448148099
Snapchat,2024-08-11,207.3,42086,276,0,0.0,20146,2704,0.0065580002851304,0.0,,0.0,-207.3,
Snapchat,2024-08-13,636.02,146992,1301,14,366.45,64321,7650,0.008850821813432,0.01076095311299,45.43,0.5761611270085847,-269.57,-0.7356255969436485
Snapchat,2024-08-14,74.38,16611,194,2,122.15,9156,0,0.0116790078863403,0.0103092783505154,37.19,1.642242538316752,47.77000000000001,0.3910765452312731
Snapchat,2024-08-15,1305.01,333103,2400,1,0.0,160100,52533,0.0072049786402404,0.0004166666666666,1305.01,0.0,-1305.01,
Snapchat,2024-08-16,1948.86,480836,3820,11,156.57,216625,76446,0.0079444966683027,0.0028795811518324,177.16909090909093,0.0803392752686185,-1792.2900000000002,-11.447212109599542
Snapchat,2024-08-17,204.36,31614,222,0,0.0,20541,5277,0.0070222053520592,0.0,,0.0,-204.36,
Snapchat,2024-08-18,91.48,24017,134,0,0.0,11119,4692,0.0055793812715992,0.0,,0.0,-91.48,
Snapchat,2024-08-19,1030.56,263041,1861,1,0.0,172957,0,0.0070749426895426,0.0005373455131649,1030.56,0.0,-1030.56,
Snapchat,2024-08-20,558.45,148254,951,0,0.0,92982,32373,0.0064146667206281,0.0,,0.0,-558.45,
Snapchat,2024-08-21,909.69,281790,1959,0,0.0,117825,27286,0.0069519855211327,0.0,,0.0,-909.69,
Snapchat,2024-08-22,744.89,248984,2405,15,1263.18,107423,48485,0.0096592552131863,0.0062370062370062,49.65933333333333,1.695794009853804,518.2900000000001,0.4103057363162812
Snapchat,2024-08-23,437.8,154451,1702,12,551.52,84912,9273,0.0110196761432428,0.0070505287896592,36.48333333333333,1.2597533120146185,113.71999999999996,0.20619379170293
Snapchat,2024-08-24,1158.2,225439,1871,14,524.42,127663,21912,0.0082993625770164,0.0074826296098343,82.72857142857143,0.4527888102227594,-633.7800000000001,-1.2085351435872014
Snapchat,2024-08-25,514.37,161346,1227,1,0.0,76743,0,0.007604774831728,0.0008149959250203,514.37,0.0,-514.37,
Snapchat,2024-08-26,3259.34,824472,5354,5,0.0,456071,64967,0.0064938530356397,0.00093388121031,651.868,0.0,-3259.34,
Snapchat,2024-08-27,325.38,73459,695,0,0.0,45248,6304,0.0094610599109707,0.0,,0.0,-325.38,
Snapchat,2024-08-28,1545.55,383215,3303,8,129.65,195959,0,0.0086191824432759,0.0024220405691795,193.19375,0.0838859952767623,-1415.9,-10.9209409949865
Snapchat,2024-08-29,1408.88,373402,3623,1,0.0,158498,75042,0.0097026796857006,0.0002760143527463,1408.88,0.0,-1408.88,
Snapchat,2024-08-30,1019.51,263810,2740,48,430.08,146581,61248,0.0103862628406807,0.0175182481751824,21.239791666666665,0.421849712116605,-589.4300000000001,-1.3705124627976193
Snapchat,2024-08-31,626.42,92391,798,7,140.76,52467,17192,0.0086372049225573,0.0087719298245614,89.48857142857142,0.2247054691740365,-485.66,-3.450269963057687
Snapchat,2024-09-01,1974.66,339050,3181,5,0.0,173965,42466,0.0093820970358354,0.0015718327569946,394.932,0.0,-1974.66,
Snapchat,2024-09-02,400.76,111415,1233,1,0.0,62465,8285,0.011066732486649,0.0008110300081103,400.76,0.0,-400.76,
Snapchat,2024-09-03,962.85,278862,2481,1,0.0,148123,35777,0.0088968737224863,0.0004030632809351,962.85,0.0,-962.85,
Snapchat,2024-09-04,3508.83,761448,6901,29,1648.24,426682,65844,0.0090629957659616,0.0042022895232574,120.99413793103447,0.4697406257926431,-1860.59,-1.128834393049556
Snapchat,2024-09-05,2346.06,482228,4123,3,0.0,252517,17450,0.008549897558831,0.0007276255154014,782.02,0.0,-2346.06,
Snapchat,2024-09-06,1824.3,377568,3597,26,1047.46,192817,12459,0.0095267607424357,0.0072282457603558,70.16538461538461,0.5741709148714575,-776.8399999999999,-0.7416416856013593
Snapchat,2024-09-07,2467.12,557375,5509,27,1123.64,318663,53890,0.009883830455259,0.0049010709747685,91.3748148148148,0.4554460261357372,-1343.4799999999998,-1.19564985226585
Snapchat,2024-09-08,151.2,37652,339,4,229.05,15576,5599,0.009003505789865,0.0117994100294985,37.8,1.5148809523809526,77.85000000000002,0.3398821218074657
Snapchat,2024-09-09,1931.72,375331,3133,23,894.1,255802,2657,0.008347298784273,0.0073412065113309,83.98782608695652,0.4628517590541073,-1037.62,-1.160518957611005
Snapchat,2024-09-10,447.49000000000007,142901,1785,27,891.59,59993,15573,0.0124911652122798,0.015126050420168,16.573703703703707,1.992424411718697,444.1,0.4980989019616639
Snapchat,2024-09-11,2474.0,702443,5242,21,1575.13,301159,107185,0.0074625272086133,0.0040061045402518,117.8095238095238,0.6366734033953113,-898.8699999999999,-0.5706640086849973
Snapchat,2024-09-12,184.93,32906,252,1,27.42,17260,0,0.0076581778399076,0.0039682539682539,184.93,0.1482723192559346,-157.51,-5.74434719183078
Snapchat,2024-09-13,3237.49,581764,4184,7,194.25,341804,85875,0.0071919197475264,0.0016730401529636,462.4985714285714,0.0600001853287577,-3043.24,-15.666615186615186
Snapchat,2024-09-14,201.0,46102,405,0,0.0,23398,0,0.0087848683354301,0.0,,0.0,-201.0,
Snapchat,2024-09-15,351.85,107701,738,0,0.0,56464,8711,0.0068523040640291,0.0,,0.0,-351.85,
Snapchat,2024-09-16,1014.77,358376,2697,1,0.0,204330,63838,0.007525615554613,0.0003707823507601,1014.77,0.0,-1014.77,
Snapchat,2024-09-17,1306.72,230725,2050,45,997.45,112692,0,0.0088850362986239,0.0219512195121951,29.038222222222224,0.7633234357781316,-309.27,-0.3100606546694069
Snapchat,2024-09-18,2130.78,437378,3570,35,936.67,253803,0,0.0081622761089949,0.0098039215686274,60.87942857142856,0.4395901970170548,-1194.1099999999997,-1.2748459969893342
Snapchat,2024-09-19,6350.87,1806742,14377,7,0.0,1143878,99689,0.0079574172737446,0.0004868887806913,907.2671428571427,0.0,-6350.87,
Snapchat,2024-09-20,2732.4,616209,5628,21,195.96,288060,3157,0.0091332648500752,0.003731343283582,130.11428571428573,0.0717171717171717,-2536.44,-12.943661971830986
Snapchat,2024-09-21,824.03,205497,2005,19,203.02,108590,15926,0.0097568334330914,0.0094763092269326,43.37,0.2463745251993253,-621.01,-3.0588611959412866
Snapchat,2024-09-22,1037.6,144079,1238,0,0.0,62989,28674,0.0085925082767093,0.0,,0.0,-1037.6,
Snapchat,2024-09-23,230.57,33834,323,7,131.36,12055,0,0.0095466099190163,0.0216718266253869,32.93857142857143,0.5697185236587589,-99.20999999999998,-0.7552527405602921
Snapchat,2024-09-24,855.66,228899,2306,7,296.35,108276,25999,0.0100743122512549,0.0030355594102341,122.23714285714286,0.346340836313489,-559.31,-1.8873291715876488
Snapchat,2024-09-25,1515.61,356199,2837,2,0.0,163967,38195,0.0079646489743093,0.0007049700387733,757.805,0.0,-1515.61,
Snapchat,2024-09-26,1051.93,282438,2699,13,845.49,153252,12622,0.0095560795643645,0.0048165987402741,80.9176923076923,0.8037512001749165,-206.44000000000003,-0.2441661048622692
Snapchat,2024-09-27,428.06,82936,878,7,102.07,43208,11768,0.0105864763190894,0.0079726651480637,61.151428571428575,0.2384478811381581,-325.99,-3.1937885764671305
Snapchat,2024-09-28,102.25,20086,180,2,60.36,10611,4054,0.0089614656975007,0.0111111111111111,51.125,0.590317848410758,-41.89,-0.6940026507620941
Snapchat,2024-09-29,432.03,137683,1062,0,0.0,51811,16141,0.007713370568625,0.0,,0.0,-432.03,
Snapchat,2024-09-30,2281.74,413010,5086,32,2653.24,202701,0,0.0123144718045567,0.0062917813605977,71.304375,1.1628143434396556,371.5,0.1400174880523435
Snapchat,2024-10-01,819.77,190134,1999,5,0.0,130830,26753,0.0105136377502182,0.0025012506253126,163.954,0.0,-819.77,
Snapchat,2024-10-02,3520.84,716776,7502,35,946.51,360477,85956,0.0104663102559237,0.0046654225539856,100.59542857142856,0.2688307335749423,-2574.33,-2.7198127859187964
Snapchat,2024-10-03,994.29,166584,2134,33,1183.02,76975,1815,0.012810353935552,0.0154639175257731,30.13,1.1898138370093232,188.73,0.1595323832225998
Snapchat,2024-10-05,780.8,178322,1931,0,0.0,94754,12532,0.0108287255638676,0.0,,0.0,-780.8,
Snapchat,2024-10-06,54.65,10716,158,2,93.32,4859,0,0.0147443075774542,0.0126582278481012,27.325,1.7075937785910338,38.67,0.4143806258036862
Snapchat,2024-10-07,174.17,35075,423,7,109.51,19942,5896,0.0120598717034925,0.0165484633569739,24.881428571428568,0.6287535166791067,-64.65999999999998,-0.5904483608802847
Snapchat,2024-10-08,5731.01,1450213,18041,126,4578.78,691088,259321,0.0124402415369328,0.0069840917909206,45.48420634920635,0.7989481784188127,-1152.2300000000005,-0.2516456348634353
Snapchat,2024-10-09,2158.04,420350,5077,39,1182.2,202066,63170,0.0120780302129178,0.007681701792397,55.33435897435897,0.5478119033938204,-975.84,-0.8254440872948738
Snapchat,2024-10-10,724.33,156870,2374,37,906.92,85606,7007,0.0151335500733091,0.0155855096882898,19.576486486486488,1.2520812336918257,182.59000000000003,0.2013297755039033
Snapchat,2024-10-11,84.43,25161,207,0,0.0,13696,4298,0.0082270180040538,0.0,,0.0,-84.43,
Snapchat,2024-10-12,2745.58,583109,5759,12,146.96,324663,106890,0.0098763695981368,0.0020836950859524,228.7983333333333,0.0535260309297124,-2598.62,-17.682498639085463
Snapchat,2024-10-13,505.67,63683,700,23,738.79,32279,16703,0.0109919444749776,0.0328571428571428,21.98565217391305,1.461012122530504,233.11999999999995,0.3155429824442669
Snapchat,2024-10-14,407.05,101994,905,6,226.93,49180,18381,0.0088730709649587,0.0066298342541436,67.84166666666667,0.5574990787372559,-180.12,-0.7937249372053056
Snapchat,2024-10-15,2962.21,638092,7286,79,2903.87,356402,121962,0.0114184161531565,0.0108427120505078,37.49632911392405,0.9803052450704036,-58.34000000000015,-0.0200904310454669
Snapchat,2024-10-16,2186.0,455402,6199,100,3943.42,245139,2246,0.0136121492659232,0.0161316341345378,21.86,1.803943275388838,1757.42,0.4456588443533785
Snapchat,2024-10-17,940.94,269319,2035,1,0.0,138801,39996,0.007556095188234,0.0004914004914004,940.94,0.0,-940.94,
Snapchat,2024-10-18,946.07,171852,2228,49,732.94,83419,23689,0.0129646439959965,0.0219928186714542,19.30755102040816,0.7747206866299535,-213.12999999999988,-0.2907877861762216
Snapchat,2024-10-19,1551.21,347647,3902,75,2466.8,147303,72037,0.0112240289719169,0.0192209123526396,20.6828,1.5902424558892736,915.59,0.3711650721582617
Snapchat,2024-10-20,2196.54,486350,4861,20,763.32,243081,77219,0.0099948596689626,0.0041143797572515,109.827,0.3475101750935562,-1433.2199999999998,-1.877613582770004
Snapchat,2024-10-21,5713.57,1372250,14233,75,2151.41,606119,190268,0.0103720167607943,0.0052694442492798,76.18093333333333,0.3765439121249936,-3562.16,-1.6557327520091476
Snapchat,2024-10-22,77.64,14233,195,0,0.0,8938,3234,0.0137005550481275,0.0,,0.0,-77.64,
Snapchat,2024-10-23,527.66,174130,2405,45,3510.13,89796,28999,0.0138115201286395,0.0187110187110187,11.725777777777775,6.652257135276504,2982.4700000000003,0.8496750832590246
Snapchat,2024-10-24,2641.4700000000003,804685,7757,31,516.84,439940,83107,0.0096397969391749,0.0039963903570968,85.20870967741936,0.1956637781235448,-2124.63,-4.11080798699791
Snapchat,2024-10-25,2388.37,902818,9279,8,0.0,442305,124982,0.0102778190067101,0.0008621618708912,298.54625,0.0,-2388.37,
Snapchat,2024-10-26,6414.29,1384650,16130,80,2841.37,780171,134479,0.011649153215614,0.0049597024178549,80.178625,0.4429749824220607,-3572.92,-1.257463829068372
Snapchat,2024-10-27,1149.03,232894,1897,20,822.61,105036,30458,0.0081453365050194,0.0105429625724828,57.4515,0.7159169038232248,-326.42,-0.3968101530494401
Snapchat,2024-10-28,4278.24,1061865,14319,126,1741.27,518795,105590,0.0134847650125015,0.0087994971715901,33.95428571428571,0.4070061520625304,-2536.97,-1.4569653184170173
Snapchat,2024-10-29,2515.18,589139,7426,12,0.0,342398,121037,0.0126048351916949,0.0016159439806086,209.59833333333333,0.0,-2515.18,
Snapchat,2024-10-30,997.24,224904,2295,1,0.0,131890,5261,0.0102043538576459,0.0004357298474945,997.24,0.0,-997.24,
Snapchat,2024-10-31,2770.09,721127,8309,143,2113.25,338643,43057,0.0115222422680054,0.0172102539415092,19.371258741258742,0.7628813504254374,-656.8400000000001,-0.3108198272802556
Snapchat,2024-11-01,2015.12,467167,6729,92,6704.17,181377,5975,0.0144038427371796,0.0136721652548669,21.90347826086957,3.326933383619834,4689.05,0.6994228964957631
Snapchat,2024-11-02,1678.5,374749,3524,16,628.4300000000001,198654,1950,0.0094036274946697,0.0045402951191827,104.90625,0.3743997616919869,-1050.07,-1.6709418710118864
Snapchat,2024-11-03,383.39,98947,998,2,0.0,49125,10376,0.0100862077677948,0.002004008016032,191.695,0.0,-383.39,
Snapchat,2024-11-04,1556.02,420804,5079,8,0.0,213496,73552,0.0120697521886674,0.001575113211262,194.5025,0.0,-1556.02,
Snapchat,2024-11-06,1237.51,473352,5616,79,2562.89,229842,49978,0.011864320843685,0.0140669515669515,15.664683544303797,2.071005486824349,1325.38,0.5171427568096952
Snapchat,2024-11-07,644.64,111034,1304,7,275.09,48250,27813,0.0117441504404056,0.0053680981595092,92.09142857142857,0.4267343013154628,-369.55,-1.3433785306626924
Snapchat,2024-11-08,1595.14,460606,4687,3,0.0,223159,66621,0.0101757250231217,0.0006400682739492,531.7133333333333,0.0,-1595.14,
Snapchat,2024-11-09,3876.83,935627,7841,82,2763.87,472765,183444,0.0083804764077992,0.0104578497640607,47.27841463414634,0.7129200919307784,-1112.96,-0.4026817469707331
Snapchat,2024-11-10,592.52,156512,1088,1,0.0,79724,3127,0.0069515436516049,0.0009191176470588,592.52,0.0,-592.52,
Snapchat,2024-11-12,1919.67,565015,6426,96,6125.53,241293,63092,0.0113731493854145,0.0149393090569561,19.9965625,3.1909286491949134,4205.86,0.6866116074853931
Snapchat,2024-11-13,539.93,88912,921,1,32.41,37672,1103,0.0103585567752384,0.001085776330076,539.93,0.0600262997055173,-507.52,-15.659364393705648
Snapchat,2024-11-14,1118.14,426401,7367,225,7293.31,175257,89911,0.017277163984137,0.0305416044522872,4.96951111111111,6.522716296707032,6175.17,0.8466896374896994
Snapchat,2024-11-15,2412.23,569485,7525,97,8414.94,282216,26216,0.0132136930735664,0.0128903654485049,24.86835051546392,3.4884484481164733,6002.710000000001,0.7133396078878756
Snapchat,2024-11-16,1437.25,321669,2822,2,0.0,230091,38877,0.0087729933565248,0.0007087172218284,718.625,0.0,-1437.25,
Snapchat,2024-11-17,2200.53,498945,5306,44,783.73,207744,34389,0.0106344386655843,0.0082924990576705,50.01204545454546,0.356155108087597,-1416.8000000000002,-1.8077654294208467
Snapchat,2024-11-18,1816.14,289879,2400,8,301.98,127031,0,0.0082793165424194,0.0033333333333333,227.0175,0.1662757276421421,-1514.16,-5.014106894496324
Snapchat,2024-11-19,1246.48,294816,2523,25,201.95,126685,61355,0.0085578801693259,0.0099088386841062,49.8592,0.1620162377254348,-1044.53,-5.172220846744244
Snapchat,2024-11-20,2963.78,916198,10908,141,3421.76,528730,119014,0.0119057234353272,0.0129262926292629,21.019716312056737,1.1545256395548928,457.98,0.1338434022257552
Snapchat,2024-11-21,1652.92,568442,5735,33,243.22,210919,0,0.0100889800542535,0.0057541412380122,50.08848484848485,0.1471456573820874,-1409.7,-5.795987172107557
Snapchat,2024-11-22,425.14,132206,2565,29,2014.74,73970,15017,0.0194015400208765,0.0113060428849902,14.66,4.739003622336172,1589.6,0.7889851792290816
Snapchat,2024-11-23,2672.74,758885,10576,290,3023.5,352023,34318,0.0139362353979852,0.0274205748865355,9.216344827586209,1.1312361097600216,350.7600000000002,0.1160112452455763
Snapchat,2024-11-24,1403.37,324394,3289,5,0.0,208020,0,0.0101389051585417,0.0015202189115232,280.674,0.0,-1403.37,
Snapchat,2024-11-25,4068.28,1246516,15670,101,3986.45,541893,196671,0.0125710379971055,0.0064454371410338,40.28,0.9798858485649954,-81.83000000000038,-0.0205270353321878
Snapchat,2024-11-26,3335.05,922817,10041,65,2402.0600000000004,396244,24436,0.0108808138558349,0.0064734588188427,51.30846153846154,0.72024707275753,-932.9899999999998,-0.3884124459838637
Snapchat,2024-11-27,1102.32,246553,3051,7,293.81,154658,32664,0.0123746212781835,0.002294329727958,157.4742857142857,0.2665378474490166,-808.51,-2.751812395765972
Snapchat,2024-11-28,679.96,243821,2434,3,0.0,83541,60158,0.009982733234627,0.0012325390304026,226.6533333333333,0.0,-679.96,
Snapchat,2024-11-29,241.55,78073,1267,35,638.98,50513,0,0.016228401624121,0.0276243093922651,6.901428571428572,2.645332229352101,397.43,0.6219756486900998
Snapchat,2024-11-30,1710.54,478528,4729,19,271.24,248060,22937,0.0098823893272702,0.0040177627405371,90.02842105263157,0.15856980836461,-1439.3,-5.306370741778498
Snapchat,2024-12-01,2918.16,570263,5547,3,0.0,346101,0,0.0097270908335276,0.0005408328826392,972.72,0.0,-2918.16,
Snapchat,2024-12-02,2785.42,484206,4150,73,1339.92,229771,88323,0.0085707322916279,0.0175903614457831,38.15643835616439,0.4810477414537125,-1445.5,-1.0787957489999402
Snapchat,2024-12-03,1810.96,414878,5301,71,2907.57,156804,59867,0.0127772501795708,0.0133936993020184,25.50647887323944,1.6055407076909485,1096.61,0.3771568698260059
Snapchat,2024-12-04,234.18,32199,319,0,0.0,17080,5622,0.009907139973291,0.0,,0.0,-234.18,
Snapchat,2024-12-05,3553.91,724889,6319,8,79.2,425582,94554,0.0087171967018398,0.0012660231049216,444.23875,0.0222853139218494,-3474.71,-43.87260101010101
Snapchat,2024-12-06,998.87,183118,2006,28,458.87,89340,25887,0.0109546849572406,0.0139581256231306,35.67392857142857,0.4593891096939542,-540.0,-1.1768038878113627
Snapchat,2024-12-07,116.78,30857,248,0,0.0,12345,4612,0.0080370742457141,0.0,,0.0,-116.78,
Snapchat,2024-12-08,1904.79,702464,6889,3,0.0,373150,107096,0.0098069082543731,0.0004354768471476,634.93,0.0,-1904.79,
Snapchat,2024-12-09,1715.06,396024,3028,4,31.49,168334,9273,0.0076460012524493,0.0013210039630118,428.765,0.0183608736720581,-1683.57,-53.46363925055573
Snapchat,2024-12-10,362.38,56726,603,10,330.89,24853,0,0.0106300461869336,0.0165837479270315,36.238,0.9131022683371046,-31.49000000000001,-0.0951675783493004
Snapchat,2024-12-11,4872.77,1234819,10626,29,559.28,703531,207446,0.0086053097660466,0.0027291549030679,168.02655172413796,0.1147766055036457,-4313.490000000001,-7.712576884565872
Snapchat,2024-12-12,1252.7600000000002,376813,3626,2,0.0,200270,70642,0.0096228102533617,0.0005515719801434,626.3800000000001,0.0,-1252.7600000000002,
Snapchat,2024-12-13,293.98,77373,772,20,522.79,36691,14549,0.0099776407790831,0.0259067357512953,14.699000000000002,1.7783182529423769,228.81,0.43767095774594
Snapchat,2024-12-14,2356.34,527414,5476,87,2664.33,293624,114246,0.010382735384347,0.0158875091307523,27.084367816091955,1.1307069438196524,307.9899999999998,0.115597542346481
Snapchat,2024-12-15,534.17,154255,1204,1,0.0,68676,29499,0.007805257528119,0.0008305647840531,534.17,0.0,-534.17,
Snapchat,2024-12-16,2460.63,482017,5108,64,2167.03,237076,91222,0.0105971366155135,0.0125293657008613,38.44734375,0.8806809638182092,-293.5999999999999,-0.1354849725199927
Snapchat,2024-12-17,2393.2,620024,7607,104,3016.88,291023,69255,0.0122688799143258,0.013671618246352,23.01153846153846,1.260605047634966,623.6800000000003,0.2067301317917849
Snapchat,2024-12-18,3850.32,662007,7247,47,2178.9,338783,36561,0.0109470141554394,0.0064854422519663,81.92170212765957,0.5659010160194478,-1671.4199999999996,-0.767093487539584
Snapchat,2024-12-19,432.34,97506,882,1,0.0,50109,0,0.0090455971940188,0.0011337868480725,432.34,0.0,-432.34,
Snapchat,2024-12-20,429.23,130524,1414,9,369.07,63065,19260,0.0108332567190708,0.0063649222065063,47.69222222222223,0.8598420427276751,-60.160000000000025,-0.1630043081258298
Snapchat,2024-12-21,237.75,44927,606,6,162.09,16690,0,0.0134885480891223,0.0099009900990099,39.625,0.6817665615141956,-75.66,-0.4667777160836572
Snapchat,2024-12-22,368.62,55602,548,0,0.0,20750,4160,0.0098557605841516,0.0,,0.0,-368.62,
Snapchat,2024-12-23,549.4499999999999,100029,1310,2,0.0,57949,4897,0.0130962021013905,0.0015267175572519,274.725,0.0,-549.4499999999999,
Snapchat,2024-12-24,3115.53,599775,7892,118,4237.73,249278,67818,0.0131582676837147,0.0149518499746578,26.40279661016949,1.360195536553973,1122.1999999999998,0.2648115854478695
Snapchat,2024-12-25,5523.12,1130183,13395,258,7968.6,472533,86902,0.0118520628960088,0.0192609182530795,21.40744186046512,1.4427714769912658,2445.4800000000005,0.306889541450192
Snapchat,2024-12-26,1794.68,428004,3870,4,113.01,190082,70791,0.0090419715703591,0.0010335917312661,448.67,0.0629694430204827,-1681.67,-14.880718520484912
Snapchat,2024-12-27,1331.08,347541,4635,12,319.87,149353,44216,0.0133365559746907,0.002588996763754,110.92333333333332,0.240308621570454,-1011.21,-3.161315534435864
Snapchat,2024-12-28,3007.96,862322,9774,53,1270.16,446526,151177,0.0113345130937167,0.0054225496214446,56.75396226415094,0.4222662535406055,-1737.8000000000002,-1.368174088303836
Snapchat,2024-12-29,853.1700000000001,232146,1569,1,0.0,95698,9938,0.0067586777286707,0.0006373486297004,853.1700000000001,0.0,-853.1700000000001,
Snapchat,2024-12-30,2118.38,404118,3463,3,0.0,229753,28318,0.0085692792699162,0.0008663008951775,706.1266666666667,0.0,-2118.38,
Snapchat,2024-12-31,1168.99,295378,3585,53,1407.25,152309,0,0.0121369905680179,0.0147838214783821,22.056415094339624,1.2038169702050487,238.26,0.1693089358678273
Snapchat,2025-01-01,1763.72,339312,2889,9,284.9,159706,42062,0.0085142877351817,0.0031152647975077,195.9688888888889,0.1615335767582155,-1478.8200000000002,-5.190663390663391
Snapchat,2025-01-02,2639.79,640828,7141,89,1863.74,321950,86758,0.011143395731772,0.012463240442515,29.66056179775281,0.7060182817572611,-776.0499999999997,-0.4163939176065329
Snapchat,2025-01-03,254.32,45950,534,5,178.71,20630,0,0.0116213275299238,0.0093632958801498,50.864,0.7026973891160743,-75.60999999999999,-0.423087683957249
Snapchat,2025-01-04,263.51,37808,305,0,0.0,15749,0,0.0080670757511637,0.0,,0.0,-263.51,
Snapchat,2025-01-05,3223.69,595928,4231,14,1195.48,297770,46988,0.00709985098871,0.0033089104230678,230.26357142857145,0.3708421095080482,-2028.21,-1.696565396326162
Snapchat,2025-01-06,1730.43,414915,2914,10,384.68,236243,54973,0.0070231252184182,0.0034317089910775,173.043,0.2223031269684413,-1345.75,-3.4983622751377768
Snapchat,2025-01-07,1588.11,465347,4764,50,1881.08,228682,11306,0.0102375216773719,0.0104953820319059,31.762200000000004,1.1844771457896492,292.9699999999998,0.1557456354859973
Snapchat,2025-01-08,372.59,80273,598,0,0.0,41780,20928,0.0074495783140034,0.0,,0.0,-372.59,
Snapchat,2025-01-09,508.38,107975,628,0,0.0,50872,10741,0.0058161611484139,0.0,,0.0,-508.38,
Snapchat,2025-01-10,523.84,154941,1293,4,193.46,86246,16568,0.0083451120103781,0.0030935808197989,130.96,0.3693112400733048,-330.38,-1.7077432027292463
Snapchat,2025-01-11,1202.13,332689,2408,1,0.0,187746,2064,0.0072379910366738,0.0004152823920265,1202.13,0.0,-1202.13,
Snapchat,2025-01-12,493.03,98104,829,7,102.75,60529,16792,0.0084502160972029,0.008443908323281,70.43285714285715,0.2084051680425126,-390.28,-3.7983454987834553
Snapchat,2025-01-13,2415.66,560569,4965,21,721.33,259551,51084,0.0088570720107604,0.0042296072507552,115.03142857142856,0.2986057640562,-1694.33,-2.3488971760497965
Snapchat,2025-01-14,481.23,92037,780,1,61.45,43970,11336,0.0084748525049708,0.0012820512820512,481.23,0.1276936184360908,-419.78,-6.831244914564687
Snapchat,2025-01-16,4075.37,1044828,7881,4,0.0,478810,204009,0.0075428682998541,0.0005075498033244,1018.8425,0.0,-4075.37,
Snapchat,2025-01-17,466.75,142037,1234,1,0.0,60606,8371,0.0086878771024451,0.0008103727714748,466.75,0.0,-466.75,
Snapchat,2025-01-18,314.43,56801,380,0,0.0,33754,7227,0.0066900230629742,0.0,,0.0,-314.43,
Snapchat,2025-01-19,562.27,139993,877,5,132.83,70343,23517,0.0062645989442329,0.0057012542759407,112.454,0.2362388176498835,-429.44,-3.233004592336068
Snapchat,2025-01-20,1989.59,377790,2727,3,53.9,213789,55875,0.0072182958786627,0.0011001100110011,663.1966666666667,0.0270910087002849,-1935.69,-35.9126159554731
Snapchat,2025-01-21,1991.71,513708,4005,3,0.0,274777,0,0.0077962577962577,0.0007490636704119,663.9033333333333,0.0,-1991.71,
Snapchat,2025-01-22,396.21,96495,1095,3,38.07,67067,3016,0.0113477382247784,0.0027397260273972,132.07,0.096085409252669,-358.14,-9.407407407407408
Snapchat,2025-01-23,639.76,174810,1843,12,861.8299999999999,77495,27186,0.0105428751215605,0.0065111231687466,53.31333333333333,1.3471145429536076,222.07,0.2576726268521633
Snapchat,2025-01-25,3249.85,721076,4276,4,163.82,312479,48312,0.0059300267932922,0.000935453695042,812.4625,0.0504084803914026,-3086.03,-18.83793187644976
Snapchat,2025-01-26,2257.47,633470,5332,48,691.8399999999999,266408,10550,0.0084171310401439,0.0090022505626406,47.03062499999999,0.3064669740904641,-1565.63,-2.2629943339500462
Snapchat,2025-01-27,4218.42,728261,4831,45,1364.07,367080,101353,0.0066336107521891,0.0093148416476919,93.74266666666666,0.3233604050805752,-2854.3500000000004,-2.092524577184456
Snapchat,2025-01-28,96.49,12617,104,0,0.0,6956,0,0.0082428469525243,0.0,,0.0,-96.49,
Snapchat,2025-01-29,1389.61,415889,4185,63,1339.02,225813,92201,0.0100627811747846,0.0150537634408602,22.057301587301588,0.9635941019422716,-50.59000000000015,-0.0377813624889845
Snapchat,2025-01-30,243.27,58534,500,7,182.58,30478,8480,0.008542043940274,0.014,34.75285714285714,0.7505241090146751,-60.68999999999997,-0.3324022346368713
Snapchat,2025-01-31,735.34,165793,1574,18,744.42,78369,15189,0.0094937663230655,0.0114358322744599,40.852222222222224,1.01234802948296,9.079999999999927,0.0121974154375217
Snapchat,2025-02-01,193.75,50480,524,8,293.65,25393,3362,0.0103803486529318,0.015267175572519,24.21875,1.5156129032258063,99.89999999999998,0.3402009194619444
Snapchat,2025-02-02,3517.43,862024,7083,25,355.29,450513,126821,0.0082167085835197,0.0035295778624876,140.69719999999998,0.1010084067060325,-3162.14,-8.900166061527202
Snapchat,2025-02-03,947.46,227554,1907,5,134.77,96694,13927,0.0083804283818346,0.0026219192448872,189.492,0.1422434720199269,-812.69,-6.030199599317355
Snapchat,2025-02-04,2710.9700000000003,951838,7854,8,0.0,455029,43474,0.0082514041254919,0.0010185892538833,338.87125000000003,0.0,-2710.9700000000003,
Snapchat,2025-02-05,2936.04,891766,9045,102,844.8599999999999,348616,126033,0.0101427953072891,0.0112769485903814,28.78470588235294,0.2877549352188662,-2091.1800000000003,-2.475179319650594
Snapchat,2025-02-06,2191.55,340435,3421,10,305.52,220405,0,0.0100489080147458,0.0029231218941829,219.15500000000003,0.1394081814241062,-1886.03,-6.173180151872219
Snapchat,2025-02-07,1750.4299999999998,551859,4714,16,445.59,325283,4423,0.0085420370058293,0.003394145099703,109.401875,0.2545603080385962,-1304.84,-2.928342197984694
Snapchat,2025-02-08,1694.21,289033,2331,16,283.38,173622,36369,0.0080648230478872,0.0068640068640068,105.888125,0.1672637984665419,-1410.83,-4.978579998588468
Snapchat,2025-02-09,1449.24,330142,2086,1,61.19,218129,2065,0.0063184932544177,0.0004793863854266,1449.24,0.0422221302199773,-1388.05,-22.684262134335675
Snapchat,2025-02-10,1960.75,640112,4536,11,509.26,325376,142717,0.0070862599045167,0.0024250440917107,178.25,0.2597271452250414,-1451.49,-2.8501943997172368
Snapchat,2025-02-11,2393.37,538567,4501,41,2707.11,285991,38179,0.0083573631507314,0.0091090868695845,58.37487804878049,1.1310871281916297,313.74000000000024,0.1158948103327904
Snapchat,2025-02-12,2335.22,758164,7133,98,5281.04,290466,0,0.0094082546784073,0.0137389597644749,23.82877551020408,2.261474293642569,2945.82,0.5578105827640011
Snapchat,2025-02-13,271.75,59443,562,4,82.27000000000001,36363,1294,0.0094544353414195,0.0071174377224199,67.9375,0.3027414903403864,-189.48,-2.3031481706575905
Snapchat,2025-02-14,278.28,48738,399,5,115.32,22462,12340,0.0081866305552135,0.012531328320802,55.65599999999999,0.4144027598102631,-162.95999999999998,-1.4131113423517168
Snapchat,2025-02-15,1794.17,352603,3242,49,1477.56,143832,0,0.0091944765075736,0.0151141270820481,36.61571428571429,0.8235340017947017,-316.6100000000001,-0.2142789463710442
Snapchat,2025-02-17,622.15,101446,825,9,396.43,43843,5595,0.0081324054176606,0.0109090909090909,69.12777777777778,0.6371936028288997,-225.72000000000003,-0.5693817319577228
Snapchat,2025-02-18,831.75,196644,1795,29,684.97,71340,41607,0.0091281707044201,0.0161559888579387,28.68103448275862,0.8235287045386234,-146.77999999999997,-0.2142867570842518
Snapchat,2025-02-19,2026.31,587450,4027,4,243.18,292370,70357,0.0068550514937441,0.0009932952570151,506.5775,0.1200112519802004,-1783.13,-7.332552019080516
Snapchat,2025-02-20,745.09,105256,730,1,0.0,49702,0,0.0069354716120696,0.0013698630136986,745.09,0.0,-745.09,
Snapchat,2025-02-21,41.5,16011,143,0,0.0,6317,2600,0.0089313596902129,0.0,,0.0,-41.5,
Snapchat,2025-02-22,241.72,33071,366,1,0.0,22509,0,0.0110670980617459,0.0027322404371584,241.72,0.0,-241.72,
Snapchat,2025-02-23,2096.63,539141,3638,12,781.12,318543,94991,0.006747770991262,0.0032985156679494,174.71916666666667,0.3725597744952614,-1315.5100000000002,-1.6841330397378127
Snapchat,2025-02-24,73.49,19238,176,5,103.72,6875,2439,0.0091485601413868,0.0284090909090909,14.698,1.4113484827867735,30.230000000000004,0.2914577709217123
Snapchat,2025-02-25,456.01,89917,834,14,159.65,35678,0,0.0092752204811103,0.0167865707434052,32.57214285714286,0.3501019714479946,-296.36,-1.8563106796116504
Snapchat,2025-02-26,378.86,117681,762,0,0.0,76657,23723,0.0064751319244397,0.0,,0.0,-378.86,
Snapchat,2025-02-27,3370.68,985761,8463,6,94.97,513514,115002,0.0085852453079397,0.0007089684509039,561.78,0.0281753236735614,-3275.71,-34.49205012109087
Snapchat,2025-02-28,1788.15,394442,3590,24,1107.15,179451,67639,0.0091014648541483,0.0066852367688022,74.50625000000001,0.6191594664877108,-681.0,-0.6150928058528654
Snapchat,2025-03-01,213.25,67855,665,3,279.94,37780,4729,0.0098003094834573,0.0045112781954887,71.08333333333333,1.3127315357561546,66.69,0.2382296206329927
Snapchat,2025-03-02,1270.66,226732,1721,1,0.0,97002,20632,0.0075904592205775,0.0005810575246949,1270.66,0.0,-1270.66,
Snapchat,2025-03-03,2387.4700000000003,762542,6851,68,2497.23,352913,117395,0.0089844231530853,0.009925558312655,35.10985294117648,1.045973352544744,109.75999999999976,0.0439526995911468
Snapchat,2025-03-04,3090.69,730442,6561,57,2889.51,323573,22561,0.008982232675558,0.0086877000457247,54.22263157894737,0.934907739048562,-201.17999999999984,-0.0696242615529968
Snapchat,2025-03-06,77.48,25068,284,4,46.66,9405,3354,0.0113291846178394,0.0140845070422535,19.37,0.6022199277232834,-30.820000000000007,-0.660522931847407
Snapchat,2025-03-07,1663.09,446351,3863,13,113.26,194515,82310,0.0086546238274362,0.003365260160497,127.93,0.0681021472079081,-1549.8300000000002,-13.683824827829772
Snapchat,2025-03-08,2993.52,690347,4423,28,610.25,359187,92831,0.0064069228952975,0.0063305448790413,106.91142857142856,0.2038569977818755,-2383.27,-3.905399426464564
Snapchat,2025-03-09,83.03999999999999,15312,124,0,0.0,8952,3146,0.0080982236154649,0.0,,0.0,-83.03999999999999,
Snapchat,2025-03-10,919.56,240562,1623,0,0.0,128067,25849,0.0067467014740482,0.0,,0.0,-919.56,
Snapchat,2025-03-11,1085.0,170460,1872,4,139.06,73190,34939,0.0109820485744456,0.0021367521367521,271.25,0.1281658986175115,-945.94,-6.802387458650943
Snapchat,2025-03-12,1327.94,299032,2875,54,2189.31,152803,28515,0.0096143556542443,0.0187826086956521,24.591481481481484,1.6486512944861966,861.3699999999999,0.3934435963842488
Snapchat,2025-03-13,872.17,262444,2216,7,145.41,122249,2800,0.0084437060858697,0.0031588447653429,124.59571428571428,0.1667220839973858,-726.76,-4.998005639227014
Snapchat,2025-03-14,825.6999999999999,190258,1518,2,0.0,99423,37358,0.0079786395315834,0.0013175230566534,412.85,0.0,-825.6999999999999,
Snapchat,2025-03-15,489.3,103945,1067,12,591.9399999999999,45052,8196,0.010265044013661,0.0112464854732895,40.775,1.2097690578377271,102.63999999999992,0.1733959522924619
Snapchat,2025-03-16,761.9,204241,1819,5,109.28,95940,0,0.0089061451912201,0.0027487630566245,152.38,0.1434308964431027,-652.62,-5.9719985358711565
Snapchat,2025-03-18,1730.06,653715,4680,3,0.0,439613,0,0.0071590830866662,0.0006410256410256,576.6866666666666,0.0,-1730.06,
Snapchat,2025-03-19,510.53,123218,884,1,44.35,52807,19081,0.0071742764855784,0.001131221719457,510.53,0.0868705071200517,-466.18,-10.51138669673055
Snapchat,2025-03-20,705.96,210774,1695,11,310.4,127917,15270,0.0080417888354351,0.0064896755162241,64.17818181818183,0.4396849679868547,-395.56000000000006,-1.2743556701030931
Snapchat,2025-03-21,225.89,51457,525,12,422.52,23230,0,0.0102026935110869,0.0228571428571428,18.824166666666667,1.87046792686706,196.63000000000005,0.465374420145792
Snapchat,2025-03-22,2423.3,699973,4927,2,0.0,403042,104014,0.0070388429267986,0.0004059265272985,1211.65,0.0,-2423.3,
Snapchat,2025-03-23,1003.51,223054,1394,1,0.0,136864,45870,0.0062496077183103,0.0007173601147776,1003.51,0.0,-1003.51,
Snapchat,2025-03-24,460.0,134223,1083,4,104.86,66544,4536,0.0080686618537806,0.0036934441366574,115.0,0.2279565217391304,-355.14,-3.386801449551783
Snapchat,2025-03-25,254.11,61193,517,5,144.89,33129,6261,0.0084486787704476,0.0096711798839458,50.822,0.5701861398606902,-109.22000000000004,-0.753813237628546
Snapchat,2025-03-26,766.27,225029,2125,32,363.3,121464,0,0.0094432273173679,0.0150588235294117,23.9459375,0.4741148681274225,-402.97,-1.1091935039911918
Snapchat,2025-03-27,881.37,340070,2824,1,0.0,132652,66744,0.0083041726703325,0.0003541076487252,881.37,0.0,-881.37,
Snapchat,2025-03-28,1072.6,172087,1571,6,297.67,82403,7983,0.0091291033023993,0.0038192234245703,178.76666666666665,0.2775219093790788,-774.93,-2.6033191117680654
Snapchat,2025-03-29,897.3,169969,1390,1,0.0,74730,36661,0.0081779618636339,0.0007194244604316,897.3,0.0,-897.3,
Snapchat,2025-03-30,2040.07,384898,4453,23,705.01,184428,6486,0.0115692988791835,0.0051650572647653,88.69869565217391,0.3455812790737573,-1335.06,-1.893675267017489
Snapchat,2025-03-31,1060.89,339250,3348,3,0.0,232324,4313,0.0098688282977155,0.0008960573476702,353.63000000000005,0.0,-1060.89,
Snapchat,2025-04-01,2216.44,516011,4199,6,171.45,202027,43643,0.0081374234270199,0.0014289116456299,369.4066666666667,0.0773537745213044,-2044.99,-11.927617381160688
Snapchat,2025-04-02,392.42,118322,1420,12,435.11,50615,7651,0.0120011494058585,0.0084507042253521,32.70166666666666,1.1087865042556446,42.690000000000055,0.0981131208200226
Snapchat,2025-04-03,134.05,27493,182,0,0.0,12915,2443,0.0066198668752045,0.0,,0.0,-134.05,
Snapchat,2025-04-04,232.28,72767,510,4,41.91,39717,16570,0.0070086715131859,0.0078431372549019,58.07,0.1804287928362321,-190.37,-4.542352660462897
Snapchat,2025-04-05,1756.0599999999995,396137,3256,10,79.6,229644,68852,0.0082193786493056,0.003071253071253,175.60599999999997,0.0453287473093174,-1676.4599999999998,-21.061055276381907
Snapchat,2025-04-06,98.76,16767,109,0,0.0,10484,3595,0.0065008647939404,0.0,,0.0,-98.76,
Snapchat,2025-04-07,1358.27,253272,2044,1,0.0,161761,37064,0.0080703749328784,0.0004892367906066,1358.27,0.0,-1358.27,
Snapchat,2025-04-08,2344.03,563733,6013,9,0.0,287366,42975,0.010666397035476,0.0014967570264427,260.4477777777778,0.0,-2344.03,
Snapchat,2025-04-09,904.71,197358,1580,14,160.7,110092,28548,0.0080057560372521,0.0088607594936708,64.62214285714286,0.1776259795956715,-744.01,-4.629807093963908
Snapchat,2025-04-11,3048.78,630757,5642,34,2105.82,322247,26075,0.0089448075883422,0.0060262318326834,89.67,0.6907090705134513,-942.96,-0.4477875601903296
Snapchat,2025-04-12,902.98,297328,1708,12,104.97,129156,47165,0.0057444976591508,0.0070257611241217,75.24833333333332,0.1162484218919577,-798.0099999999999,-7.6022673144708
Snapchat,2025-04-14,954.44,266405,2868,3,0.0,155645,0,0.0107655637093898,0.0010460251046025,318.14666666666665,0.0,-954.44,
Snapchat,2025-04-15,99.78,14470,101,0,0.0,9449,2232,0.0069799585348997,0.0,,0.0,-99.78,
Snapchat,2025-04-16,2851.73,606602,5329,25,635.76,353286,53753,0.0087850023573941,0.0046913116907487,114.0692,0.2229383567167999,-2215.9700000000003,-3.485544859695483
Snapchat,2025-04-17,457.16,135196,1196,4,184.53,88027,22699,0.0088464155744252,0.0033444816053511,114.29,0.4036442383410622,-272.63,-1.4774291443125778
Snapchat,2025-04-18,349.48,44607,277,0,0.0,20841,10075,0.0062097877014818,0.0,,0.0,-349.48,
Snapchat,2025-04-19,751.6,249445,2203,3,16.74,166921,1163,0.0088316061656878,0.0013617793917385,250.53333333333333,0.0222724853645556,-734.86,-43.89844683393071
Snapchat,2025-04-20,415.55,113141,868,8,234.37,56570,1555,0.0076718430984346,0.0092165898617511,51.94375,0.5639995187101432,-181.18,-0.7730511584247131
Snapchat,2025-04-21,523.6199999999999,163361,1344,3,97.12,83975,33592,0.0082271778453853,0.0022321428571428,174.53999999999996,0.1854780184102976,-426.4999999999999,-4.3914744645799
Snapchat,2025-04-22,1305.28,375930,2671,3,29.62,248985,0,0.0071050461522091,0.0011231748408835,435.0933333333333,0.0226924491296886,-1275.66,-43.067521944632006
Snapchat,2025-04-23,3519.4,890271,9406,68,1904.3,442818,108554,0.0105653222445749,0.0072294280246651,51.75588235294118,0.5410865488435529,-1615.1,-0.8481331722942814
Snapchat,2025-04-24,53.82,13991,131,1,31.39,6803,2393,0.0093631620327353,0.0076335877862595,53.82,0.583240431066518,-22.43,-0.7145587766804715
Snapchat,2025-04-25,1359.73,464018,3983,20,952.32,248725,66592,0.008583718735049,0.0050213406979663,67.9865,0.7003743390231885,-407.41,-0.427807879704301
Snapchat,2025-04-26,2140.77,707962,4929,6,62.98,325419,58959,0.0069622380862249,0.0012172854534388,356.795,0.0294193210854038,-2077.79,-32.991267068910766
Snapchat,2025-04-27,4010.44,890736,6696,7,0.0,492127,26158,0.0075173788866734,0.0010454002389486,572.92,0.0,-4010.44,
Snapchat,2025-04-28,1347.59,245264,1877,5,313.77,111086,50550,0.0076529780155261,0.0026638252530633,269.518,0.2328378809578581,-1033.82,-3.2948337954552698
Snapchat,2025-04-29,75.46,25902,302,4,158.82,14513,0,0.0116593313257663,0.0132450331125827,18.865,2.104691227140207,83.36,0.5248709230575495
Snapchat,2025-04-30,1804.91,323757,3223,17,923.93,175652,2153,0.0099549971120315,0.0052745888923363,106.17117647058824,0.5118981001822805,-880.98,-0.9535137943350688
Snapchat,2025-05-01,2253.73,489676,4294,4,0.0,311365,0,0.0087690636257443,0.0009315323707498,563.4325,0.0,-2253.73,
Snapchat,2025-05-02,627.04,153747,1154,0,0.0,73824,11527,0.0075058375122766,0.0,,0.0,-627.04,
Snapchat,2025-05-03,1664.03,348574,2048,7,222.54,161178,12133,0.005875366493198,0.00341796875,237.71857142857144,0.1337355696712198,-1441.49,-6.477442257571672
Snapchat,2025-05-04,1247.31,420578,3151,2,0.0,345705,84964,0.0074920704363994,0.0006347191367819,623.655,0.0,-1247.31,
Snapchat,2025-05-05,91.54,24860,160,0,0.0,13798,0,0.0064360418342719,0.0,,0.0,-91.54,
Snapchat,2025-05-06,1242.0400000000002,173096,1462,17,183.26,96883,20577,0.0084461801543652,0.0116279069767441,73.06117647058825,0.1475475830085987,-1058.7800000000002,-5.777474626214123
Snapchat,2025-05-07,2146.96,680286,6970,36,1983.02,290512,83867,0.0102456907829942,0.0051649928263988,59.63777777777778,0.9236408689495844,-163.94000000000003,-0.0826718842976873
Snapchat,2025-05-08,616.46,204882,2109,7,163.37,88057,0,0.0102937300494919,0.0033191085822664,88.0657142857143,0.2650131395386562,-453.09,-2.7733978086552
Snapchat,2025-05-09,1018.21,218195,1761,4,195.14,118354,14894,0.0080707623914388,0.0022714366837024,254.5525,0.1916500525431885,-823.0699999999999,-4.21784359946705
Snapchat,2025-05-10,192.4,33972,317,1,0.0,22138,0,0.0093312139408924,0.0031545741324921,192.4,0.0,-192.4,
Snapchat,2025-05-11,939.99,298481,3745,34,1488.55,104873,41677,0.012546862279341,0.0090787716955941,27.646764705882354,1.5835806763901743,548.56,0.368519700379564
Snapchat,2025-05-12,619.26,143686,1792,16,729.14,57707,15420,0.0124716395473462,0.0089285714285714,38.70375,1.177437586797145,109.88,0.1506980826727377
Snapchat,2025-05-13,212.37,31478,244,0,0.0,19185,6441,0.0077514454539678,0.0,,0.0,-212.37,
Snapchat,2025-05-14,1953.57,459766,5369,12,186.99,196801,37845,0.0116776795152316,0.0022350530825107,162.7975,0.095717071822356,-1766.58,-9.447457083266483
Snapchat,2025-05-15,2659.04,541731,5033,8,0.0,246791,5629,0.0092905888715986,0.0015895092390224,332.38,0.0,-2659.04,
Snapchat,2025-05-16,1674.77,364953,2557,15,844.79,268412,69920,0.0070063816436637,0.0058662495111458,111.65133333333333,0.5044215026540958,-829.98,-0.9824690159684656
Snapchat,2025-05-17,126.86,48787,556,1,0.0,22897,11440,0.0113964785701108,0.0017985611510791,126.86,0.0,-126.86,
Snapchat,2025-05-18,1958.34,523327,4839,38,3184.66,232398,54126,0.0092466087169207,0.0078528621616036,51.53526315789473,1.626203825689104,1226.32,0.3850709337888503
Snapchat,2025-05-19,3088.52,818684,5201,4,0.0,432350,131361,0.0063528785221159,0.0007690828686791,772.13,0.0,-3088.52,
Snapchat,2025-05-20,932.95,198367,1456,0,0.0,104463,8779,0.0073399305328003,0.0,,0.0,-932.95,
Snapchat,2025-05-21,839.9200000000001,144739,1464,13,370.18,54886,21306,0.0101147582890582,0.008879781420765,64.60923076923078,0.4407324507095914,-469.74000000000007,-1.268950240423578
Snapchat,2025-05-22,1955.33,400393,3615,13,598.33,222457,29568,0.0090286293716423,0.0035961272475795,150.41,0.3059994988058282,-1357.0,-2.2679792087978203
Snapchat,2025-05-23,720.68,213078,1823,21,417.91,106458,36983,0.0085555524268108,0.0115194733955019,34.31809523809524,0.5798828883831937,-302.77,-0.724486133378
Snapchat,2025-05-24,872.08,240688,2715,29,1690.21,109959,44286,0.0112801635312105,0.0106813996316758,30.071724137931035,1.9381364095037152,818.13,0.4840404446784719
Snapchat,2025-05-25,494.56,89686,742,9,89.47,44638,8651,0.00827330910064,0.0121293800539083,54.95111111111111,0.1809082821093497,-405.09,-4.527662903766626
Snapchat,2025-05-26,725.53,239001,2112,9,581.49,103834,3181,0.0088367831096941,0.0042613636363636,80.61444444444444,0.8014692707400108,-144.03999999999996,-0.2477084730605856
Snapchat,2025-05-27,1859.84,409027,4825,69,3346.6400000000003,212346,6802,0.0117962872866583,0.014300518134715,26.95420289855073,1.7994236063317277,1486.8000000000002,0.4442664881791887
Snapchat,2025-05-28,580.75,114164,1013,2,20.32,61427,0,0.0088731999579552,0.0019743336623889,290.375,0.0349892380542402,-560.43,-27.580216535433067
Snapchat,2025-05-29,1220.38,192919,1275,5,144.75,110194,3534,0.0066089913383337,0.0039215686274509,244.076,0.1186105966993887,-1075.63,-7.4309499136442145
Snapchat,2025-05-31,33.81,7324,52,0,0.0,4573,0,0.0070999453850355,0.0,,0.0,-33.81,
Snapchat,2025-06-01,225.42,60616,512,0,0.0,32083,14756,0.0084466147551801,0.0,,0.0,-225.42,
Snapchat,2025-06-02,1315.61,347682,2092,1,0.0,171379,37559,0.0060169925391593,0.0004780114722753,1315.61,0.0,-1315.61,
Snapchat,2025-06-03,1126.53,218683,1711,22,512.64,96437,20720,0.0078241106990483,0.0128579777907656,51.20590909090909,0.4550611168810418,-613.89,-1.1975070224719102
Snapchat,2025-06-04,3075.75,646126,4424,3,43.77,318521,114758,0.006846961738113,0.0006781193490054,1025.25,0.0142306754450134,-3031.98,-69.27073337902672
Snapchat,2025-06-05,1157.05,256663,1992,1,0.0,128220,0,0.007761149834608,0.0005020080321285,1157.05,0.0,-1157.05,
Snapchat,2025-06-07,47.52,9599,99,0,0.0,5909,0,0.0103135743306594,0.0,,0.0,-47.52,
Snapchat,2025-06-08,281.54,35990,349,0,0.0,13304,0,0.0096971380939149,0.0,,0.0,-281.54,
Snapchat,2025-06-09,469.85,145051,888,0,0.0,83476,22998,0.00612198468125,0.0,,0.0,-469.85,
Snapchat,2025-06-10,228.24,53323,310,0,0.0,21953,14157,0.005813626390113,0.0,,0.0,-228.24,
Snapchat,2025-06-11,152.57,23852,186,1,30.62,12349,1425,0.0077980882106322,0.0053763440860215,152.57,0.2006947630595792,-121.95,-3.982691051600261
Snapchat,2025-06-12,2032.9,435805,3127,7,202.19,205986,14281,0.0071752274526451,0.0022385673169171,290.4142857142857,0.0994589010772787,-1830.71,-9.054404273208368
Snapchat,2025-06-13,3062.43,651926,4685,5,132.15,323359,142217,0.0071863984562665,0.0010672358591248,612.486,0.0431520067397458,-2930.28,-22.17389330306469
Snapchat,2025-06-14,572.96,210973,1825,26,496.3,91052,1834,0.0086503960222398,0.0142465753424657,22.03692307692308,0.8662035744205527,-76.66000000000008,-0.1544630263953255
Snapchat,2025-06-15,499.04,129961,1018,15,210.64,66570,3822,0.0078331191665191,0.0147347740667976,33.269333333333336,0.4220904135941006,-288.40000000000003,-1.369160653247247
Snapchat,2025-06-16,239.06,42918,375,4,161.38,17647,12452,0.0087375926184817,0.0106666666666666,59.765,0.6750606542290638,-77.68,-0.4813483703061099
Snapchat,2025-06-17,572.64,96703,829,0,0.0,40576,789,0.0085726399387816,0.0,,0.0,-572.64,
Snapchat,2025-06-18,615.23,218402,1203,0,0.0,101408,0,0.0055081913169293,0.0,,0.0,-615.23,
Snapchat,2025-06-19,437.88,132768,1090,1,0.0,71155,26157,0.0082098095926729,0.0009174311926605,437.88,0.0,-437.88,
Snapchat,2025-06-20,3054.4,689472,5708,22,1030.39,384035,31647,0.0082787988489742,0.0038542396636299,138.83636363636364,0.3373461236249345,-2024.01,-1.9643144828657115
Snapchat,2025-06-21,683.73,126517,1105,11,468.12,56376,25601,0.0087340041259277,0.0099547511312217,62.157272727272726,0.6846562239480497,-215.61,-0.4605870289669316
Snapchat,2025-06-22,2968.03,800517,4939,11,742.4,499532,191782,0.0061697627907964,0.0022271714922048,269.8209090909091,0.250132242598626,-2225.63,-2.997885237068965
Snapchat,2025-06-23,1004.59,307078,1936,1,0.0,224338,47037,0.0063045871081614,0.0005165289256198,1004.59,0.0,-1004.59,
Snapchat,2025-06-24,799.0699999999999,208805,2036,9,78.44,115338,0,0.0097507243600488,0.0044204322200392,88.78555555555555,0.0981641157845996,-720.6299999999999,-9.187021927587963
Snapchat,2025-06-25,854.99,210905,1623,12,88.93,109127,38675,0.0076954078850667,0.0073937153419593,71.24916666666667,0.1040129124317243,-766.06,-8.614190936691779
Snapchat,2025-06-26,598.8399999999999,123532,1205,8,95.76,63035,15974,0.0097545575235566,0.0066390041493775,74.85499999999999,0.1599091577048961,-503.0799999999999,-5.253550543024226
Snapchat,2025-06-27,1051.02,334241,2270,3,82.53999999999999,226391,22803,0.0067915067271818,0.0013215859030837,350.34,0.0785332343818385,-968.48,-11.733462563605526
Snapchat,2025-06-28,387.31,80254,881,12,326.98,36839,0,0.0109776459740324,0.0136208853575482,32.27583333333333,0.8442333014897626,-60.33000000000004,-0.1845066976573492
Snapchat,2025-06-29,1281.59,459155,2779,38,975.85,220032,79468,0.0060524223845977,0.0136739834472831,33.726052631578945,0.7614369650200142,-305.7399999999999,-0.3133063483117281
Snapchat,2025-06-30,2039.97,620787,3577,27,2116.82,269964,60858,0.0057620407643845,0.0075482247693597,75.55444444444444,1.0376721226292545,76.85000000000014,0.0363044566850276
Snapchat,2025-07-01,1214.49,249596,2377,28,1426.74,131491,12262,0.0095233897979134,0.0117795540597391,43.37464285714286,1.174764716053652,212.25,0.1487657176500273
Snapchat,2025-07-02,1003.37,217104,2556,12,766.36,93260,0,0.0117731594074729,0.0046948356807511,83.61416666666666,0.7637860410416896,-237.01,-0.3092671851349235
Snapchat,2025-07-03,3062.2200000000003,549126,4055,22,421.45,310084,26153,0.0073844618539278,0.0054254007398273,139.1918181818182,0.1376289097452175,-2640.7700000000004,-6.265915292442759
Snapchat,2025-07-04,3059.71,632635,5132,28,599.74,322647,111606,0.0081121025551858,0.0054559625876851,109.27535714285712,0.1960120403567658,-2459.97,-4.101727415213258
Snapchat,2025-07-05,2085.19,628238,4186,2,0.0,305243,121984,0.0066630799155733,0.0004777830864787,1042.595,0.0,-2085.19,
Snapchat,2025-07-06,363.64,91656,636,0,0.0,60446,10711,0.0069389892642052,0.0,,0.0,-363.64,
Snapchat,2025-07-07,1077.5,183961,1524,1,0.0,106296,0,0.008284364620762,0.0006561679790026,1077.5,0.0,-1077.5,
Snapchat,2025-07-09,2233.76,372471,2626,19,180.9,141615,45200,0.0070502133051969,0.0072353389185072,117.56631578947368,0.0809845283289162,-2052.86,-11.348037589828635
Snapchat,2025-07-10,317.63,92974,692,0,0.0,39431,15871,0.0074429410372792,0.0,,0.0,-317.63,
Snapchat,2025-07-11,1213.55,287696,2167,33,589.6400000000001,121436,23704,0.0075322562705077,0.015228426395939,36.77424242424242,0.4858802686333485,-623.9099999999999,-1.0581202089410484
Snapchat,2025-07-12,293.04,91000,1036,8,343.47,43351,16440,0.0113846153846153,0.0077220077220077,36.63,1.1720925470925472,50.43000000000001,0.1468250502227268
Snapchat,2025-07-13,339.22,68765,526,0,0.0,34597,4812,0.007649240165782,0.0,,0.0,-339.22,
Snapchat,2025-07-14,945.72,242449,1217,3,51.11,116757,42950,0.0050196123720865,0.0024650780608052,315.24,0.0540434800998181,-894.61,-17.503619643905303
Snapchat,2025-07-15,884.3,246204,2404,2,0.0,112233,34023,0.0097642605319166,0.0008319467554076,442.15,0.0,-884.3,
Snapchat,2025-07-16,2449.98,518227,4992,32,2309.37,198207,75555,0.0096328442941027,0.0064102564102564,76.561875,0.9426076947566918,-140.61000000000013,-0.0608867353434054
Snapchat,2025-07-17,798.3100000000001,252842,2147,26,660.3499999999999,96313,29694,0.0084914689806282,0.0121099208197484,30.70423076923077,0.8271849281607394,-137.96000000000015,-0.2089195123797988
Snapchat,2025-07-18,1139.88,235966,1960,4,152.91,118094,2165,0.0083062814134239,0.0020408163265306,284.97,0.1341456995473207,-986.97,-6.454581126152639
Snapchat,2025-07-19,1387.55,304205,2801,47,1060.79,154920,23483,0.0092076067125786,0.0167797215280257,29.522340425531915,0.7645057835753667,-326.76,-0.3080345780031863
Snapchat,2025-07-20,2564.09,735395,5016,28,1329.88,379299,73820,0.0068208241829221,0.0055821371610845,91.57464285714286,0.5186557414131329,-1234.2100000000005,-0.9280611784521916
Snapchat,2025-07-21,1805.01,349162,2771,5,97.79,142830,47796,0.0079361442539566,0.0018044027426921,361.002,0.0541769851690572,-1707.22,-17.458022292667962
Snapchat,2025-07-22,1558.29,429838,3350,18,617.39,225630,76730,0.0077936338806713,0.0053731343283582,86.57166666666666,0.3961971135026215,-940.9,-1.523996177456713
Snapchat,2025-07-23,1213.71,265168,2062,7,370.08,106986,38142,0.0077762022566825,0.0033947623666343,173.38714285714286,0.3049163309192476,-843.6300000000001,-2.2795881971465635
Snapchat,2025-07-24,847.16,247894,2844,55,1777.05,112277,0,0.01147264556625,0.0193389592123769,15.402909090909093,2.097655696680674,929.89,0.5232773416617428
Snapchat,2025-07-25,1439.44,346606,3038,44,1821.65,188850,65444,0.0087649954126587,0.0144832126398946,32.71454545454546,1.2655268715611627,382.21,0.2098152773584388
Snapchat,2025-07-26,1422.04,288907,2636,16,1497.98,117104,50032,0.0091240433772805,0.0060698027314112,88.8775,1.0534021546510648,75.94000000000005,0.0506949358469405
Snapchat,2025-07-27,1469.04,396650,3160,34,941.13,228795,31787,0.0079667212908105,0.010759493670886,43.20705882352941,0.6406428688122856,-527.91,-0.5609320710210066
Snapchat,2025-07-28,690.3299999999999,139846,1018,11,368.02,75442,23139,0.0072794359509746,0.0108055009823182,62.75727272727272,0.5331073544536671,-322.30999999999995,-0.8757947937612085
Snapchat,2025-07-29,1285.7199999999998,221253,1308,1,0.0,127768,43632,0.0059117842469932,0.0007645259938837,1285.7199999999998,0.0,-1285.7199999999998,
Snapchat,2025-07-30,2765.82,625942,5724,37,1097.46,308358,125585,0.0091446172329065,0.0064640111809923,74.75189189189189,0.3967937175955052,-1668.3599999999997,-1.5202011918429823
Snapchat,2025-07-31,959.6,308371,2369,4,36.77,179966,53562,0.0076823047562838,0.0016884761502743,239.9,0.0383180491871613,-922.83,-25.097361979874893
Snapchat,2025-08-01,1288.4,441547,3927,48,743.41,231008,4767,0.0088937304522508,0.0122230710466004,26.84166666666667,0.577002483700714,-544.9900000000001,-0.7330947929137356
Snapchat,2025-08-02,476.3,85488,843,7,607.0999999999999,29481,9015,0.0098610331274564,0.0083036773428232,68.04285714285713,1.2746168381272307,130.79999999999995,0.2154505023884038
Snapchat,2025-08-03,211.35,55070,375,1,0.0,25304,12206,0.0068095151625204,0.0026666666666666,211.35,0.0,-211.35,
Snapchat,2025-08-04,133.48,47895,274,0,0.0,31035,12080,0.00572084768765,0.0,,0.0,-133.48,
Snapchat,2025-08-05,3341.69,935528,7502,6,27.58,480033,114287,0.0080190010347098,0.0007997867235403,556.9483333333334,0.0082533089544511,-3314.11,-120.16352429296592
Snapchat,2025-08-06,483.69,88619,644,1,0.0,33148,19727,0.0072670646249675,0.0015527950310559,483.69,0.0,-483.69,
Snapchat,2025-08-07,367.65,82759,706,12,237.5,46535,20042,0.0085307942338597,0.0169971671388102,30.6375,0.6459948320413437,-130.14999999999998,-0.5479999999999999
Snapchat,2025-08-08,1150.96,222932,1611,14,334.64,126570,24968,0.0072264188182943,0.0086902545003103,82.21142857142857,0.2907485924793216,-816.32,-2.4393975615586903
Snapchat,2025-08-09,1984.29,372140,2560,3,25.94,216374,78480,0.0068791315096469,0.001171875,661.43,0.0130726859481225,-1958.35,-75.49537393986121
Snapchat,2025-08-10,3159.58,774597,5088,12,625.1,496105,25657,0.0065685769503367,0.0023584905660377,263.29833333333335,0.1978427512517486,-2534.48,-4.054519276915693
Snapchat,2025-08-11,574.72,124142,840,1,0.0,59155,29765,0.0067664448776401,0.0011904761904761,574.72,0.0,-574.72,
Snapchat,2025-08-12,1081.74,301613,2794,4,45.65,146365,47739,0.0092635264395102,0.0014316392269148,270.435,0.0422005287777099,-1036.09,-22.69638554216868
Snapchat,2025-08-13,1398.01,302300,2170,0,0.0,190541,4865,0.0071782997022825,0.0,,0.0,-1398.01,
Snapchat,2025-08-14,537.99,124465,937,6,185.04,67216,10613,0.0075282207849596,0.0064034151547491,89.665,0.3439469135114035,-352.95000000000005,-1.90742542153048
Snapchat,2025-08-15,1169.72,190818,1812,5,193.02,90698,18481,0.009495959500676,0.0027593818984547,233.944,0.1650138494682488,-976.7,-5.060097399233241
Snapchat,2025-08-16,1424.6799999999998,288103,2482,2,0.0,140213,36875,0.0086149745056455,0.0008058017727639,712.3399999999999,0.0,-1424.6799999999998,
Snapchat,2025-08-17,1471.0700000000002,286000,1851,1,0.0,165483,31132,0.0064720279720279,0.0005402485143165,1471.0700000000002,0.0,-1471.0700000000002,
Snapchat,2025-08-19,430.25,78897,622,0,0.0,31254,16658,0.0078836964650113,0.0,,0.0,-430.25,
Snapchat,2025-08-20,814.7900000000001,233357,1512,1,0.0,85789,32523,0.006479342809515,0.0006613756613756,814.7900000000001,0.0,-814.7900000000001,
Snapchat,2025-08-21,1989.87,595759,5023,40,2460.0600000000004,261632,115666,0.0084312616343185,0.0079633685048775,49.74675,1.2362918180584663,470.1900000000005,0.1911294846467161
Snapchat,2025-08-23,2303.74,606771,3250,3,30.11,322182,131539,0.0053562217047288,0.0009230769230769,767.9133333333333,0.0130700513078732,-2273.63,-75.51079375622716
Snapchat,2025-08-24,1059.89,188685,1535,5,69.55,80937,11826,0.0081352518748178,0.003257328990228,211.978,0.0656200171715932,-990.34,-14.239252336448596
Snapchat,2025-08-25,167.72,40748,286,1,43.83,24882,5585,0.0070187493864729,0.0034965034965034,167.72,0.2613284044836632,-123.89,-2.8266027834816336
Snapchat,2025-08-26,405.14,143782,1327,3,99.63,94284,23664,0.0092292498365581,0.0022607385079125,135.04666666666665,0.245914992348324,-305.51,-3.066445849643681
Snapchat,2025-08-27,487.75,74294,524,1,0.0,34987,0,0.0070530594664441,0.0019083969465648,487.75,0.0,-487.75,
Snapchat,2025-08-28,1693.96,360095,2968,4,0.0,170040,63520,0.0082422694011302,0.0013477088948787,423.49,0.0,-1693.96,
Snapchat,2025-08-29,1306.93,215011,2135,2,0.0,103303,1590,0.0099297245257219,0.0009367681498829,653.465,0.0,-1306.93,
Snapchat,2025-08-30,1553.08,360134,3285,32,2130.94,154853,42248,0.0091216047360149,0.0097412480974124,48.53375,1.3720735570608082,577.8600000000001,0.2711761006879593
Snapchat,2025-08-31,1617.44,337344,2521,17,339.58,156360,40328,0.0074730838550559,0.006743355811186,95.1435294117647,0.2099490552972598,-1277.86,-3.7630602508981688
Snapchat,2025-09-01,1486.86,302283,3270,23,869.62,150076,18774,0.0108176774744196,0.0070336391437308,64.64608695652173,0.5848701289966776,-617.2399999999999,-0.7097812837791218
Snapchat,2025-09-02,2125.12,398291,3651,51,1526.38,183577,95452,0.009166664574394,0.0139687756778964,41.66901960784313,0.7182559102544799,-598.7399999999998,-0.3922614290019521
Snapchat,2025-09-03,1161.43,266624,2760,4,0.0,121865,28271,0.0103516562650024,0.0014492753623188,290.3575,0.0,-1161.43,
Snapchat,2025-09-04,1024.81,239464,2517,11,82.19,139329,11385,0.0105109745097384,0.0043702820818434,93.16454545454545,0.0802002322381709,-942.62,-11.468791823822848
Snapchat,2025-09-05,607.62,102539,881,2,116.92,75928,15883,0.0085918528559865,0.0022701475595913,303.81,0.1924228958888779,-490.7,-4.196886760177899
Snapchat,2025-09-06,241.08,39794,328,1,0.0,15900,8981,0.0082424486103432,0.0030487804878048,241.08,0.0,-241.08,
Snapchat,2025-09-07,413.69,117845,669,1,39.92,77867,20613,0.0056769485340913,0.0014947683109118,413.69,0.096497377263168,-373.77,-9.362975951903806
Snapchat,2025-09-09,719.6600000000001,142698,1661,3,85.81,58658,32944,0.0116399669231523,0.0018061408789885,239.88666666666668,0.1192368618514298,-633.8500000000001,-7.386668220487124
Snapchat,2025-09-10,3433.46,886708,6063,3,0.0,416408,142494,0.0068376511771631,0.0004948045522018,1144.486666666667,0.0,-3433.46,
Snapchat,2025-09-11,2030.5,362914,3032,14,203.24,161520,19960,0.00835459640576,0.0046174142480211,145.03571428571428,0.1000935730115735,-1827.26,-8.990651446565636
Snapchat,2025-09-12,511.72,103585,990,5,140.34,54979,2041,0.0095573683448375,0.005050505050505,102.344,0.2742515438130227,-371.38,-2.6462875872880147
Snapchat,2025-09-13,1042.34,327110,3683,90,1050.45,132352,50148,0.0112592094402494,0.0244366005973391,11.581555555555555,1.0077805706391387,8.1099999999999,0.0077205007377789
Snapchat,2025-09-14,195.24,41801,339,0,0.0,25539,0,0.008109853831248,0.0,,0.0,-195.24,
Snapchat,2025-09-15,1679.92,581231,6164,112,2438.24,243128,38710,0.0106050778434047,0.018170019467878,14.999285714285715,1.4514024477356062,758.3199999999997,0.3110112212087406
Snapchat,2025-09-16,3965.0,811307,7004,111,1453.45,365102,53942,0.0086329835684888,0.0158480868075385,35.72072072072072,0.3665699873896595,-2511.55,-1.7279920189893014
Snapchat,2025-09-17,1631.37,330779,3291,8,398.96,156268,71749,0.0099492410340438,0.002430872075357,203.92125,0.2445551898097917,-1232.41,-3.089056547022257
Snapchat,2025-09-18,106.41,27966,278,3,67.88,16358,4476,0.0099406422083959,0.0107913669064748,35.47,0.6379099708673996,-38.53,-0.5676193282262817
Snapchat,2025-09-19,647.9,113802,953,1,0.0,85297,2656,0.0083741937751533,0.0010493179433368,647.9,0.0,-647.9,
Snapchat,2025-09-20,38.68,8709,63,0,0.0,4887,1197,0.0072338959696865,0.0,,0.0,-38.68,
Snapchat,2025-09-21,54.82,9684,77,0,0.0,6548,0,0.0079512598099958,0.0,,0.0,-54.82,
Snapchat,2025-09-22,537.35,111686,1108,14,601.9599999999999,64382,3650,0.009920670451086,0.0126353790613718,38.38214285714286,1.1202382060109797,64.6099999999999,0.1073327131370853
Snapchat,2025-09-23,302.17,82781,811,7,156.76,40485,8924,0.0097969340790761,0.0086313193588162,43.167142857142856,0.5187808187444153,-145.41000000000005,-0.9275963255932638
Snapchat,2025-09-24,3903.72,1084518,10595,26,1310.59,565712,165329,0.0097693168762528,0.0024539877300613,150.14307692307693,0.3357284846249218,-2593.13,-1.9785974255869496
Snapchat,2025-09-25,2533.05,615338,4972,17,1017.6,292964,56779,0.0080801120684891,0.0034191472244569,149.0029411764706,0.4017291407591639,-1515.4499999999998,-1.4892393867924527
Snapchat,2025-09-26,1642.58,570290,5632,4,0.0,252588,4756,0.0098756772869943,0.0007102272727272,410.645,0.0,-1642.58,
Snapchat,2025-09-27,1773.4499999999998,445730,5807,126,2364.17,203447,23513,0.0130280663181746,0.0216979507490959,14.075,1.3330908680819873,590.7200000000003,0.2498635884898295
Snapchat,2025-09-28,240.13,43936,388,2,53.18,20991,5982,0.0088310269482884,0.0051546391752577,120.065,0.2214633740057469,-186.95,-3.515419330575404
Snapchat,2025-09-29,1621.06,418551,5253,56,2511.06,246393,24736,0.0125504418816344,0.0106605749095754,28.9475,1.5490234784647083,890.0,0.3544319928635716
Snapchat,2025-09-30,3517.36,1080805,8704,10,233.34,596436,82779,0.0080532566004043,0.0011488970588235,351.736,0.0663395273728023,-3284.02,-14.073969315162426
Snapchat,2025-10-01,3874.11,599072,6344,43,708.86,302367,7478,0.0105897120880294,0.0067780580075662,90.09558139534884,0.1829736378161693,-3165.25,-4.465268177073047
Snapchat,2025-10-02,5011.139999999999,1506402,15801,22,0.0,727681,274095,0.0104892319580032,0.0013923169419656,227.77909090909088,0.0,-5011.139999999999,
Snapchat,2025-10-03,1102.59,245162,1996,11,252.2,122385,9351,0.0081415553797081,0.0055110220440881,100.23545454545456,0.2287341622906066,-850.3900000000001,-3.3718873909595564
Snapchat,2025-10-04,1142.2,257147,2339,2,43.03,118719,14635,0.0090959645650153,0.0008550662676357,571.1,0.0376729119243565,-1099.17,-25.544271438531258
Snapchat,2025-10-05,600.03,232725,3602,67,2111.23,117513,0,0.0154774948974111,0.0186007773459189,8.955671641791044,3.5185407396296853,1511.2,0.7157912685969791
Snapchat,2025-10-06,3801.87,862261,9256,10,0.0,393005,173264,0.0107345687674613,0.0010803802938634,380.187,0.0,-3801.87,
Snapchat,2025-10-07,3930.18,1225776,13183,114,3563.36,668583,240195,0.0107548198039446,0.0086475005689145,34.47526315789474,0.906665852454595,-366.82000000000016,-0.1029421669435589
Snapchat,2025-10-08,2513.2,553957,5352,30,431.79,337241,104212,0.0096613997115299,0.0056053811659192,83.77333333333333,0.1718088492758236,-2081.41,-4.8204219643808335
Snapchat,2025-10-09,111.91,29571,375,5,337.37,15740,5983,0.0126813432078725,0.0133333333333333,22.382,3.0146546331873827,225.46,0.6682870438983906
Snapchat,2025-10-10,3400.34,875439,9629,57,1999.26,417121,121103,0.0109990530465286,0.0059196178211652,59.65508771929825,0.587958851173706,-1401.0800000000004,-0.7007992957394239
Snapchat,2025-10-11,2294.45,649596,6886,17,720.44,349167,97020,0.0106004347317409,0.0024687772291606,134.96764705882353,0.3139924600666827,-1574.0099999999998,-2.184789850646826
Snapchat,2025-10-12,1582.5700000000002,245418,3158,66,1974.38,106938,23590,0.0128678418045946,0.0208993033565547,23.97833333333333,1.247578306172871,391.81,0.1984471074463882
Snapchat,2025-10-13,2423.59,486101,4990,49,1559.3200000000002,246702,47742,0.0102653563765554,0.0098196392785571,49.46102040816327,0.6433926530477515,-864.27,-0.554260831644563
Snapchat,2025-10-14,1117.76,222625,3366,14,184.34,101126,8007,0.0151195957327344,0.0041592394533571,79.84,0.1649191239622101,-933.42,-5.0635781707714
Snapchat,2025-10-15,2534.9,543937,5262,26,1183.59,270211,60980,0.0096739144422975,0.0049410870391486,97.49615384615385,0.4669178271332202,-1351.3100000000002,-1.141704475367315
Snapchat,2025-10-16,5791.06,1536562,16936,59,1958.58,745929,50995,0.0110220088743571,0.0034837033538025,98.15355932203389,0.3382075129596309,-3832.48,-1.956764594757426
Snapchat,2025-10-17,2183.26,487273,6079,60,1022.02,208808,34804,0.012475552718907,0.0098700444151998,36.38766666666666,0.4681164863552669,-1161.2399999999998,-1.136220426214751
Snapchat,2025-10-18,3607.65,973746,11576,82,3135.7900000000004,552479,125137,0.0118881104518016,0.0070836212854181,43.99573170731707,0.8692057156320598,-471.8599999999992,-0.1504756377180867
Snapchat,2025-10-19,1553.54,473081,4774,5,0.0,276141,0,0.0100912951481881,0.0010473397570171,310.708,0.0,-1553.54,
Snapchat,2025-10-20,95.5,16359,174,0,0.0,8080,0,0.0106363469649734,0.0,,0.0,-95.5,
Snapchat,2025-10-22,1639.6,371613,4058,91,1226.54,182251,23374,0.0109199624340375,0.0224248398225726,18.017582417582418,0.7480727006586972,-413.06,-0.3367684706572961
Snapchat,2025-10-23,4066.31,706061,8446,129,3109.55,348167,81504,0.0119621392485918,0.0152735022495856,31.52178294573644,0.7647105114956804,-956.7599999999998,-0.3076843916322296
Snapchat,2025-10-24,2066.59,447990,5615,48,3857.95,269282,92050,0.0125337619143284,0.0085485307212822,43.05395833333333,1.866819252972288,1791.36,0.4643295014191475
Snapchat,2025-10-25,1880.87,557962,9117,22,265.5,322135,74970,0.016339822425183,0.0024130744762531,85.49409090909091,0.1411580811007672,-1615.37,-6.084256120527307
Snapchat,2025-10-26,626.64,198882,2596,10,195.34,75366,4311,0.0130529660803893,0.0038520801232665,62.664,0.3117260308949317,-431.3,-2.207945121326917
Snapchat,2025-10-27,101.14,16699,221,2,65.17,6481,3102,0.0132343254087071,0.0090497737556561,50.57,0.6443543602926637,-35.97,-0.5519410771827528
Snapchat,2025-10-28,638.34,187436,2476,60,2267.19,70797,0,0.0132098422928359,0.024232633279483,10.639,3.55169658802519,1628.85,0.7184444179799664
Snapchat,2025-10-29,835.8,254863,2840,15,777.39,144954,34451,0.011143241663168,0.005281690140845,55.72,0.9301148600143576,-58.40999999999997,-0.0751360321074363
Snapchat,2025-10-30,847.62,250249,2129,3,0.0,164212,37771,0.0085075265036024,0.0014091122592766,282.54,0.0,-847.62,
Snapchat,2025-10-31,1173.1,242279,3565,61,4508.139999999999,113642,26953,0.0147144407893379,0.0171107994389901,19.231147540983606,3.8429289915608216,3335.0399999999995,0.7397818168912235
Snapchat,2025-11-01,3162.06,991268,9712,38,1157.88,548671,143189,0.0097975522260377,0.0039126853377265,83.2121052631579,0.3661790098859604,-2004.18,-1.730904756969634
Snapchat,2025-11-02,120.8,26607,339,0,0.0,15985,1706,0.0127410080054121,0.0,,0.0,-120.8,
Snapchat,2025-11-03,2729.87,756117,6895,58,1954.36,373484,55785,0.0091189591028901,0.008411892675852,47.06672413793103,0.7159168751625535,-775.51,-0.3968102089686649
Snapchat,2025-11-04,5099.13,1101829,14334,180,7700.39,507187,0,0.0130092782092321,0.0125575554625366,28.3285,1.5101380039340044,2601.26,0.3378088642263573
Snapchat,2025-11-05,3354.4300000000003,769763,9640,16,0.0,327591,97476,0.0125233351044412,0.0016597510373443,209.651875,0.0,-3354.4300000000003,
Snapchat,2025-11-06,1011.09,312256,3830,2,0.0,184644,54371,0.0122655769624923,0.0005221932114882,505.545,0.0,-1011.09,
Snapchat,2025-11-07,2380.58,847093,9170,45,1229.68,412830,153665,0.0108252576753674,0.0049073064340239,52.901777777777774,0.5165463878550606,-1150.9,-0.9359345520785894
Snapchat,2025-11-08,762.57,142851,1433,12,404.43,67560,0,0.0100314313515481,0.0083740404745289,63.54750000000001,0.5303513120107006,-358.14000000000004,-0.8855426155329724
Snapchat,2025-11-09,2418.1,646074,5230,19,86.87,449346,30086,0.0080950479356853,0.0036328871892925,127.26842105263158,0.035924899714652,-2331.23,-26.835846667434097
Snapchat,2025-11-10,2528.34,616125,7716,73,667.18,270093,69984,0.0125234327449786,0.0094608605495075,34.63479452054795,0.2638806489633514,-1861.1600000000003,-2.7895920141491057
Snapchat,2025-11-11,2805.67,583721,7643,74,1524.02,267083,75246,0.0130935840924003,0.0096820620175323,37.91445945945946,0.5431928915374937,-1281.65,-0.840966653980919
Snapchat,2025-11-12,478.43,71182,672,1,0.0,31393,12906,0.0094405889129274,0.0014880952380952,478.43,0.0,-478.43,
Snapchat,2025-11-13,2098.07,535670,5058,4,0.0,229924,103780,0.0094423805701271,0.0007908264136022,524.5175,0.0,-2098.07,
Snapchat,2025-11-14,659.52,101019,995,1,0.0,60233,0,0.009849632247399,0.0010050251256281,659.52,0.0,-659.52,
Snapchat,2025-11-15,887.33,116502,1576,21,917.53,50620,28911,0.0135276647611199,0.0133248730964467,42.25380952380952,1.034034688334667,30.19999999999993,0.0329144551131842
Snapchat,2025-11-16,2604.13,801008,9021,11,0.0,303972,81420,0.0112620598046461,0.0012193770092007,236.7390909090909,0.0,-2604.13,
Snapchat,2025-11-17,3388.51,852232,13076,252,18711.22,359410,0,0.0153432398689558,0.019271948608137,13.446468253968254,5.5219609798997205,15322.71,0.8189049137362502
Snapchat,2025-11-18,867.9,257411,2206,2,0.0,109540,53127,0.0085699523330393,0.0009066183136899,433.95,0.0,-867.9,
Snapchat,2025-11-19,1920.08,638117,7039,165,4736.12,331824,12011,0.0110308924538916,0.0234408296633044,11.636848484848484,2.46662639056706,2816.04,0.5945879749668506
Snapchat,2025-11-21,1871.62,550501,4452,12,42.58,368637,91003,0.0080871787698841,0.0026954177897574,155.96833333333333,0.0227503446212372,-1829.04,-42.95537811178957
Snapchat,2025-11-22,265.29,64061,640,1,0.0,33321,7775,0.0099904778258222,0.0015625,265.29,0.0,-265.29,
Snapchat,2025-11-23,420.64,103815,966,2,0.0,46245,6835,0.0093050137263401,0.0020703933747412,210.32,0.0,-420.64,
Snapchat,2025-11-24,2361.4,580430,6423,69,3570.06,244739,93093,0.0110659338766087,0.0107426436244745,34.2231884057971,1.5118404336410602,1208.66,0.3385545340974661
Snapchat,2025-11-25,1282.32,276443,3166,12,304.12,164248,21049,0.0114526321881906,0.0037902716361339,106.86,0.237163890448562,-978.2,-3.216493489412074
Snapchat,2025-11-26,3713.94,761889,6805,6,0.0,386760,102246,0.0089317472755217,0.0008817046289493,618.99,0.0,-3713.94,
Snapchat,2025-11-27,46.95,13287,134,0,0.0,7464,0,0.0100850455332279,0.0,,0.0,-46.95,
Snapchat,2025-11-28,2564.38,382612,6382,97,3888.12,186453,62337,0.0166800832174631,0.0151989971795675,26.436907216494845,1.5162027468627894,1323.7399999999998,0.3404575990452969
Snapchat,2025-11-29,924.44,238469,2866,7,151.38,120753,50927,0.0120183336198835,0.0024424284717376,132.06285714285715,0.1637531911211111,-773.0600000000001,-5.106751222090105
Snapchat,2025-11-30,2216.59,345238,3646,12,650.05,199948,36226,0.0105608304995394,0.0032912781130005,184.7158333333333,0.2932657821247953,-1566.5399999999995,-2.409876163372048
Snapchat,2025-12-01,162.78,43447,371,0,0.0,24636,8008,0.0085391396414021,0.0,,0.0,-162.78,
Snapchat,2025-12-02,3636.19,1102887,11022,14,255.34,465854,5370,0.0099937708940263,0.0012701868989294,259.7278571428571,0.0702218530934852,-3380.8499999999995,-13.24058118586982
Snapchat,2025-12-03,110.06,29342,255,0,0.0,14601,8123,0.0086906141367323,0.0,,0.0,-110.06,
Snapchat,2025-12-04,234.63,74798,992,16,630.4,33735,4045,0.0132623866948314,0.0161290322580645,14.664375,2.686783446277117,395.77,0.6278077411167513
Snapchat,2025-12-05,2904.4300000000003,800455,7746,16,205.95,438048,13489,0.0096769962084064,0.0020655822359927,181.526875,0.0709089218882878,-2698.4800000000005,-13.102597717892696
Snapchat,2025-12-06,720.18,135813,1607,16,418.12,62028,6858,0.0118324460839536,0.0099564405724953,45.01125,0.580577077952734,-302.06,-0.7224241844446572
Snapchat,2025-12-07,169.69,47828,443,0,0.0,22486,2583,0.0092623567784561,0.0,,0.0,-169.69,
Snapchat,2025-12-08,2847.8,748675,6077,6,0.0,314888,22061,0.0081170067118576,0.0009873292743129,474.63333333333327,0.0,-2847.8,
Snapchat,2025-12-09,846.8899999999999,250468,3185,47,1877.57,118806,11135,0.0127161952824312,0.014756671899529,18.018936170212765,2.2170175583605904,1030.6800000000003,0.5489435813311888
Snapchat,2025-12-10,1391.35,248989,2575,33,468.45,123737,34496,0.0103418223295005,0.0128155339805825,42.16212121212121,0.3366873899450174,-922.9,-1.970114206425445
Snapchat,2025-12-11,4201.42,644972,4349,2,0.0,312573,71981,0.0067429283751852,0.0004598758335249,2100.71,0.0,-4201.42,
Snapchat,2025-12-12,984.07,283829,2544,1,0.0,115755,38370,0.0089631433010721,0.0003930817610062,984.07,0.0,-984.07,
Snapchat,2025-12-13,2767.7000000000003,549245,4327,2,0.0,241497,104993,0.0078780871924186,0.0004622140050843,1383.85,0.0,-2767.7000000000003,
Snapchat,2025-12-14,632.59,212301,1624,36,697.21,86754,0,0.007649516488382,0.022167487684729,17.571944444444444,1.1021514725177446,64.62,0.0926836964472684
Snapchat,2025-12-15,2417.22,601649,5117,36,1448.23,350475,54112,0.0085049588713685,0.0070353722884502,67.145,0.5991304060035909,-968.9899999999998,-0.6690857115237219
Snapchat,2025-12-16,2173.2200000000003,406892,4517,47,2678.43,158246,17525,0.0111012258781199,0.0104051361523134,46.238723404255325,1.232470711662878,505.2099999999996,0.1886216925587003
Snapchat,2025-12-17,496.58,159436,2113,41,431.74,83035,15070,0.0132529667076444,0.0194036914339801,12.111707317073172,0.8694268798582302,-64.84000000000003,-0.1501829804975217
Snapchat,2025-12-18,1195.64,286634,3023,17,918.51,133337,47888,0.0105465506534465,0.0056235527621567,70.33176470588235,0.7682161854738886,-277.1299999999999,-0.3017169110842559
Snapchat,2025-12-20,1020.09,228058,2794,49,1925.63,110962,0,0.012251269413921,0.0175375805297065,20.81816326530612,1.8877059867266608,905.54,0.470256487487212
Snapchat,2025-12-21,4996.08,1280719,11863,51,2385.09,605482,184676,0.0092627656808402,0.0042990811767681,97.96235294117646,0.4773922755440266,-2610.99,-1.0947134070412436
Snapchat,2025-12-22,1835.69,320001,3964,10,334.6,128565,58856,0.0123874612891834,0.0025227043390514,183.569,0.1822747849582446,-1501.09,-4.486222355050807
Snapchat,2025-12-23,501.49,72807,805,4,154.21,45437,4774,0.011056629170272,0.0049689440993788,125.3725,0.3075036391553171,-347.28,-2.251994034109331
Snapchat,2025-12-24,896.67,125380,1633,36,1011.85,69743,0,0.0130244058063487,0.0220453153704837,24.9075,1.128453054077866,115.17999999999996,0.113831101447843
Snapchat,2025-12-25,550.95,175311,2618,19,1067.11,85717,14939,0.0149334611062625,0.007257448433919,28.997368421052634,1.9368545240039927,516.1599999999999,0.4836989626186615
Snapchat,2025-12-26,849.0699999999999,122139,1245,7,438.7,48636,11122,0.0101933043499619,0.0056224899598393,121.29571428571428,0.5166829590022024,-410.37,-0.9354228402097104
Snapchat,2025-12-27,2668.45,680396,8114,106,2236.16,444710,75570,0.0119254081446686,0.013063840276066,25.174056603773582,0.8379995877756751,-432.29,-0.1933180094447624
Snapchat,2025-12-28,3436.6,842138,9790,79,2409.29,393482,17019,0.0116251730713968,0.0080694586312563,43.50126582278481,0.7010679159634523,-1027.31,-0.4263953280842074
Snapchat,2025-12-29,937.19,268041,3409,40,3168.9300000000003,95405,53999,0.0127182035584108,0.0117336462305661,23.42975,3.3813100865352816,2231.74,0.7042566418317855
Snapchat,2025-12-30,1695.38,416277,3716,39,1042.71,160338,79135,0.0089267482950054,0.0104951560818083,43.47128205128205,0.6150302587030636,-652.6700000000001,-0.6259362622397407
Snapchat,2025-12-31,5066.530000000001,813870,10704,120,6220.12,461704,145839,0.0131519775885583,0.0112107623318385,42.22108333333334,1.2276883784365231,1153.5899999999992,0.1854610521983497
TikTok,2023-01-01,1173.49,142031,1297,2,0.0,79787,30887,0.0091318092529095,0.0015420200462606,586.745,0.0,-1173.49,
TikTok,2023-01-02,79.42,18929,141,0,0.0,11066,2309,0.0074488879497067,0.0,,0.0,-79.42,
TikTok,2023-01-03,2768.9700000000003,488830,3536,27,680.29,250641,79156,0.0072335985925577,0.0076357466063348,102.55444444444446,0.245683412965832,-2088.6800000000003,-3.0702788516662016
TikTok,2023-01-04,288.89,64319,557,0,0.0,29753,10758,0.0086599605093362,0.0,,0.0,-288.89,
TikTok,2023-01-05,2039.57,270339,2120,9,178.98000000000002,133508,34993,0.0078420057779306,0.0042452830188679,226.6188888888889,0.0877537912403104,-1860.59,-10.39551905240809
TikTok,2023-01-06,2390.06,475512,3630,4,161.8,249072,85349,0.0076338767475899,0.0011019283746556,597.515,0.067697045262462,-2228.26,-13.7716934487021
TikTok,2023-01-07,4766.87,757987,5923,29,582.4300000000001,390857,127910,0.0078141181840849,0.0048961674826945,164.3748275862069,0.1221828998902844,-4184.44,-7.184451350376868
TikTok,2023-01-08,623.3000000000001,98870,843,3,294.26,57061,20434,0.0085263477293415,0.0035587188612099,207.76666666666668,0.4721001123054708,-329.0400000000001,-1.11819479371984
TikTok,2023-01-09,2231.25,447753,3702,23,1154.78,230907,85696,0.0082679513035088,0.0062128579146407,97.0108695652174,0.5175484593837535,-1076.47,-0.9321862172881415
TikTok,2023-01-10,1761.74,305724,3156,15,1042.77,156655,60167,0.0103230364642618,0.0047528517110266,117.44933333333331,0.5918977828737498,-718.97,-0.689480901828783
TikTok,2023-01-11,332.67,36820,311,5,49.32,20482,3620,0.0084464964693101,0.0160771704180064,66.53399999999999,0.1482550275047344,-283.35,-5.745133819951337
TikTok,2023-01-12,504.47,128287,728,2,69.31,60146,21857,0.0056747760879902,0.0027472527472527,252.235,0.137391718040716,-435.16,-6.278459096811427
TikTok,2023-01-13,2065.66,476148,4246,9,120.61,219528,136830,0.0089173954316725,0.002119642016015,229.51777777777767,0.0583881180833244,-1945.05,-16.1267722411077
TikTok,2023-01-14,2194.51,437594,3393,33,1326.81,196761,63529,0.0077537626201456,0.0097259062776304,66.50030303030303,0.6046042168866853,-867.7000000000003,-0.6539745705865951
TikTok,2023-01-15,483.05,141794,1360,2,0.0,82085,20083,0.0095913790428367,0.0014705882352941,241.525,0.0,-483.05,
TikTok,2023-01-16,1479.28,308946,2948,28,569.28,142519,44468,0.0095421206294951,0.0094979647218453,52.83142857142857,0.3848358660970201,-910.0,-1.5985103991006184
TikTok,2023-01-17,2934.32,453227,3877,5,145.77,210976,61911,0.0085542123483375,0.0012896569512509,586.864,0.0496776084407971,-2788.55,-19.12979351032448
TikTok,2023-01-18,3315.88,482432,5440,44,1940.91,225498,99676,0.0112762005837092,0.0080882352941176,75.36090909090909,0.5853378288719736,-1374.9700000000005,-0.7084151248641103
TikTok,2023-01-19,1693.37,225355,1908,20,451.34,109009,42732,0.0084666415211555,0.010482180293501,84.66850000000001,0.2665335986819183,-1242.0300000000002,-2.7518722027739626
TikTok,2023-01-20,2011.35,413817,3885,26,1039.88,203196,93272,0.0093882078309977,0.0066924066924066,77.3596153846154,0.5170059910010689,-971.47,-0.934213563103435
TikTok,2023-01-21,1203.65,211092,2330,23,1365.1899999999998,124664,41601,0.0110378413203721,0.0098712446351931,52.332608695652176,1.1342084493000455,161.53999999999974,0.118327851800848
TikTok,2023-01-22,370.4,43994,328,1,42.82,20123,8381,0.0074555621221075,0.0030487804878048,370.4,0.1156047516198704,-327.58000000000004,-7.650163475011678
TikTok,2023-01-23,812.15,183582,1317,3,95.71,100295,34659,0.0071739059384907,0.0022779043280182,270.71666666666664,0.1178476882349319,-716.4399999999999,-7.485529202800126
TikTok,2023-01-24,2183.25,389820,4266,79,1771.83,190795,87727,0.010943512390334,0.0185185185185185,27.63607594936709,0.811556166265888,-411.4200000000001,-0.2322006061529605
TikTok,2023-01-25,3643.65,512100,4620,22,792.85,267217,80451,0.0090216754540128,0.0047619047619047,165.62045454545455,0.2175977385314176,-2850.8,-3.5956359967206915
TikTok,2023-01-26,1216.62,195975,1700,8,370.89,101820,35715,0.0086745758387549,0.0047058823529411,152.0775,0.3048527888740938,-845.7300000000001,-2.280271778694492
TikTok,2023-01-27,1155.94,185086,1201,2,86.81,91110,34142,0.0064888754416865,0.0016652789342214,577.97,0.075099053584096,-1069.13,-12.315747033751872
TikTok,2023-01-28,2881.72,512380,4449,37,486.73,222356,114478,0.0086830087044771,0.0083164756124971,77.88432432432433,0.1689025998362089,-2394.99,-4.92057198035872
TikTok,2023-01-29,877.1099999999999,187274,1664,16,870.74,78358,26142,0.0088853765071499,0.0096153846153846,54.819375,0.9927375129687268,-6.369999999999891,-0.0073156166019706
TikTok,2023-01-30,1259.05,306722,3015,12,584.01,138204,62510,0.0098297481106669,0.0039800995024875,104.92083333333332,0.4638497279695008,-675.04,-1.15587061865379
TikTok,2023-01-31,644.16,160278,1736,43,467.57,73121,35629,0.0108311808233194,0.0247695852534562,14.980465116279069,0.7258600347739692,-176.58999999999995,-0.3776760698932779
TikTok,2023-02-01,1426.27,302507,2597,43,2183.96,134271,54093,0.0085849253075135,0.0165575664227955,33.16906976744186,1.5312388257482803,757.69,0.3469340097803989
TikTok,2023-02-02,2173.01,490507,5235,77,1937.1,244722,101067,0.0106726305638859,0.0147086914995224,28.22090909090909,0.8914363026401165,-235.9100000000003,-0.1217851427391463
TikTok,2023-02-03,4466.969999999999,918268,7293,2,0.0,495866,168884,0.0079421258281895,0.0002742355683532,2233.485,0.0,-4466.969999999999,
TikTok,2023-02-04,2260.81,518541,3479,14,1135.96,293076,105872,0.0067092091078622,0.0040241448692152,161.48642857142858,0.5024570839654814,-1124.85,-0.9902197260466916
TikTok,2023-02-05,109.85,14372,118,0,0.0,6393,3588,0.0082104091288616,0.0,,0.0,-109.85,
TikTok,2023-02-06,743.5699999999999,111675,1091,6,161.25,51108,28296,0.0097694201925229,0.0054995417048579,123.92833333333331,0.2168592062616835,-582.3199999999999,-3.611286821705426
TikTok,2023-02-07,2018.14,333504,2700,0,0.0,152645,45158,0.0080958549222797,0.0,,0.0,-2018.14,
TikTok,2023-02-08,1678.21,339982,3616,44,902.23,167685,68725,0.0106358571924396,0.0121681415929203,38.14113636363636,0.5376144820969962,-775.98,-0.8600689402923867
TikTok,2023-02-09,2617.36,479534,4606,21,1239.36,262230,50941,0.0096051583412229,0.0045592705167173,124.63619047619048,0.473515297857383,-1378.0,-1.1118641879679834
TikTok,2023-02-10,2368.84,300768,3133,36,1197.3,144908,44048,0.0104166666666666,0.0114905841046919,65.8011111111111,0.505437260431266,-1171.5399999999995,-0.978484924413263
TikTok,2023-02-11,823.97,210812,1728,2,0.0,114467,49081,0.0081968768381306,0.0011574074074074,411.985,0.0,-823.97,
TikTok,2023-02-12,2890.39,494335,4463,12,614.62,254330,123790,0.0090282905317244,0.0026887743670177,240.8658333333333,0.2126425845647127,-2275.77,-3.702726888158537
TikTok,2023-02-13,1310.54,309162,2408,1,0.0,131337,31196,0.0077887968120273,0.0004152823920265,1310.54,0.0,-1310.54,
TikTok,2023-02-14,1910.01,314235,3495,7,35.6,149854,11556,0.0111222492720416,0.002002861230329,272.85857142857145,0.018638645870964,-1874.41,-52.65196629213483
TikTok,2023-02-16,1773.24,352480,4128,39,2189.02,160947,65997,0.0117113027689514,0.0094476744186046,45.46769230769231,1.2344747467911843,415.78,0.1899388767576358
TikTok,2023-02-17,777.3599999999999,182214,1614,8,75.52,85933,29626,0.0088577167506338,0.0049566294919454,97.17,0.097149325923639,-701.8399999999999,-9.29343220338983
TikTok,2023-02-18,3597.45,688980,4820,3,70.59,345690,144020,0.0069958489361084,0.0006224066390041,1199.15,0.019622232414627,-3526.86,-49.96260093497662
TikTok,2023-02-19,2359.92,364888,2912,52,736.22,170368,23853,0.0079805310122558,0.0178571428571428,45.38307692307693,0.3119682023119428,-1623.7,-2.205454891201
TikTok,2023-02-20,493.71,103115,921,2,89.28,63455,18366,0.0089317752024438,0.002171552660152,246.855,0.1808349030807559,-404.43,-4.529905913978494
TikTok,2023-02-21,1800.11,337772,2934,1,0.0,179099,47053,0.0086863327925346,0.0003408316291751,1800.11,0.0,-1800.11,
TikTok,2023-02-22,4385.56,904338,7353,6,0.0,475246,58342,0.0081308094982185,0.0008159934720522,730.9266666666666,0.0,-4385.56,
TikTok,2023-02-23,1704.95,300683,2499,2,0.0,210860,40292,0.0083110784447408,0.0008003201280512,852.475,0.0,-1704.95,
TikTok,2023-02-24,1225.91,345254,3672,14,961.58,197979,67503,0.0106356479577354,0.0038126361655773,87.56500000000001,0.7843805825876287,-264.3300000000001,-0.2748913246947733
TikTok,2023-02-25,365.33,55490,539,3,130.03,30103,8025,0.0097134618850243,0.0055658627087198,121.77666666666666,0.355924780335587,-235.3,-1.8095824040606008
TikTok,2023-02-26,1505.8,253221,2190,20,755.6700000000001,117749,15073,0.0086485718009169,0.0091324200913242,75.28999999999999,0.5018395537255944,-750.1299999999999,-0.9926687575264332
TikTok,2023-02-27,1723.1799999999998,373704,3095,20,1205.07,167652,81313,0.008281955772483,0.0064620355411954,86.15899999999999,0.6993291472742256,-518.1099999999999,-0.4299418291053631
TikTok,2023-02-28,2132.32,490195,4625,28,1118.59,221008,113247,0.0094350207570456,0.006054054054054,76.15428571428572,0.5245882419149095,-1013.7300000000002,-0.906256984239087
TikTok,2023-03-01,88.87,14911,97,0,0.0,6280,3326,0.0065052645697806,0.0,,0.0,-88.87,
TikTok,2023-03-02,4733.79,1108477,11036,62,2686.9,506902,169350,0.0099560026955904,0.0056179775280898,76.35145161290322,0.5676001681527908,-2046.8900000000003,-0.7618035654471699
TikTok,2023-03-03,1126.86,305973,3771,9,124.28,121330,1409,0.0123246168779598,0.0023866348448687,125.20666666666664,0.1102887670163108,-1002.58,-8.06710653363373
TikTok,2023-03-04,137.2,31914,332,0,0.0,19412,8754,0.0104029579494892,0.0,,0.0,-137.2,
TikTok,2023-03-05,6505.28,1258446,12682,68,1989.35,742531,199399,0.0100775082919727,0.0053619302949061,95.66588235294115,0.3058054380441733,-4515.93,-2.270053032397517
TikTok,2023-03-06,2000.97,255530,2075,2,22.84,168075,38545,0.0081203772551168,0.0009638554216867,1000.485,0.0114144639849672,-1978.13,-86.60814360770578
TikTok,2023-03-07,1278.53,340967,3101,7,179.91,129337,80498,0.0090947217765942,0.0022573363431151,182.64714285714285,0.1407162913658655,-1098.62,-6.1064976932910895
TikTok,2023-03-08,2274.37,637002,5284,6,64.65,364518,28768,0.0082951073936973,0.0011355034065102,379.06166666666667,0.0284254540817896,-2209.72,-34.17973704563031
TikTok,2023-03-09,978.93,124296,1157,1,21.98,57651,23611,0.0093084250498809,0.0008643042350907,978.93,0.0224530865332557,-956.95,-43.53730664240218
TikTok,2023-03-10,1060.28,268443,1801,8,179.07999999999998,144249,44559,0.0067090592788785,0.0044419766796224,132.535,0.1688987814539555,-881.2,-4.92070582979674
TikTok,2023-03-11,791.9399999999999,175637,1412,6,223.32,78581,31391,0.0080393083461912,0.0042492917847025,131.98999999999998,0.2819910599287825,-568.6199999999999,-2.5462117141321867
TikTok,2023-03-12,3935.15,1023205,12415,95,2390.61,494703,199444,0.0121334434448619,0.0076520338300443,41.42263157894737,0.6075016200144848,-1544.54,-0.6460861453771213
TikTok,2023-03-13,30.97,3830,49,0,0.0,1872,0,0.0127937336814621,0.0,,0.0,-30.97,
TikTok,2023-03-14,1948.5,520274,5413,45,3362.37,264499,108148,0.0104041332067333,0.008313319785701,43.3,1.7256197074672823,1413.87,0.420498041559971
TikTok,2023-03-15,1929.1,400752,3444,25,214.48,184432,82820,0.0085938435740807,0.0072590011614401,77.164,0.1111813799180965,-1714.62,-7.994311823946289
TikTok,2023-03-16,1539.85,333771,3829,45,2689.07,191640,76629,0.0114719373462643,0.0117524157743536,34.218888888888884,1.7463194466993537,1149.2199999999998,0.4273670822998285
TikTok,2023-03-17,880.84,165028,1202,0,0.0,90488,22746,0.0072836124778825,0.0,,0.0,-880.84,
TikTok,2023-03-18,6551.34,1103890,7933,13,505.66,482965,241197,0.0071864044424716,0.0016387243161477,503.9492307692308,0.0771842096426074,-6045.68,-11.956017877625284
TikTok,2023-03-19,2463.19,389056,3894,50,1637.04,185428,81806,0.0100088419147886,0.0128402670775552,49.2638,0.6646015938681141,-826.1500000000001,-0.5046608512925769
TikTok,2023-03-20,3069.37,347645,2247,12,301.78,164920,78560,0.0064634900545096,0.0053404539385847,255.78083333333333,0.0983198506533914,-2767.59,-9.170886075949369
TikTok,2023-03-21,1565.19,212288,1883,0,0.0,86767,15688,0.0088700256255652,0.0,,0.0,-1565.19,
TikTok,2023-03-22,2027.65,410072,4283,47,1769.89,258289,42788,0.010444507306034,0.0109736166238617,43.14148936170213,0.8728774689911966,-257.7600000000002,-0.1456361694794593
TikTok,2023-03-23,1485.8,263603,3169,5,12.77,126084,12475,0.0120218662154831,0.0015777847901546,297.16,0.0085946964598196,-1473.03,-115.35082223962412
TikTok,2023-03-24,2099.57,461191,5088,68,1332.18,258618,53847,0.0110323054873143,0.0133647798742138,30.87602941176471,0.6345013502764851,-767.3900000000001,-0.5760407752706092
TikTok,2023-03-25,1459.64,222894,2111,28,2533.49,116508,37350,0.0094708695613161,0.0132638559924206,52.13,1.7356951029020853,1073.8499999999997,0.4238619453796935
TikTok,2023-03-26,2231.09,373865,3212,32,1894.61,164809,49009,0.0085913364449734,0.0099626400996264,69.7215625,0.8491858239694499,-336.48000000000025,-0.1775985559033258
TikTok,2023-03-27,538.57,81890,636,1,39.89,41950,15972,0.0077665160581267,0.0015723270440251,538.57,0.0740665094602373,-498.68000000000006,-12.501378791677114
TikTok,2023-03-28,554.54,104377,869,2,23.33,51402,6414,0.0083255889707502,0.002301495972382,277.27,0.042070905615465,-531.2099999999999,-22.76939562794685
TikTok,2023-03-29,1257.53,215977,2844,48,1484.98,121187,38305,0.013168068822143,0.0168776371308016,26.198541666666667,1.1808704364905809,227.45000000000005,0.1531670460208218
TikTok,2023-03-30,3048.3,616728,5552,18,864.77,283259,136547,0.0090023478745897,0.0032420749279538,169.35000000000002,0.2836892694288619,-2183.53,-2.524983521630029
TikTok,2023-03-31,3688.7,1018791,7565,17,550.64,558755,255676,0.0074254680302436,0.0022471910112359,216.9823529411765,0.1492775232466722,-3138.06,-5.698932151678047
TikTok,2023-04-01,2236.28,430594,3916,46,3291.53,193963,82037,0.009094413763313,0.0117466802860061,48.61478260869565,1.4718774035451734,1055.25,0.320595589285226
TikTok,2023-04-02,1358.06,255101,2352,10,327.55,125093,30044,0.0092198776171006,0.0042517006802721,135.80599999999998,0.2411896381603169,-1030.51,-3.146115096931766
TikTok,2023-04-03,1099.1,211825,2071,5,246.45,103844,50747,0.0097769385105629,0.0024142926122646,219.82,0.2242289145664635,-852.6499999999999,-3.459728139582065
TikTok,2023-04-04,717.01,112061,1299,20,265.41,54643,12496,0.0115919008397212,0.0153964588144726,35.8505,0.3701622013639977,-451.6,-1.7015184054858523
TikTok,2023-04-05,895.33,234739,2347,1,0.0,151327,44545,0.0099983385802955,0.0004260758414997,895.33,0.0,-895.33,
TikTok,2023-04-06,2635.38,591930,5017,36,1722.15,277391,94958,0.0084756643522038,0.0071756029499701,73.205,0.6534731234205314,-913.23,-0.5302848183956101
TikTok,2023-04-07,701.21,154261,1613,11,475.31000000000006,74658,20335,0.0104563045747142,0.0068195908245505,63.74636363636364,0.6778425863863893,-225.9,-0.4752687719593527
TikTok,2023-04-08,2207.48,377927,3592,25,564.9300000000001,174040,71174,0.0095044810241131,0.0069599109131403,88.2992,0.2559162483918314,-1642.55,-2.9075283663462725
TikTok,2023-04-09,1169.9299999999998,263570,2977,26,915.76,134531,50184,0.0112949121675456,0.0087336244541484,44.997307692307686,0.7827476857589771,-254.16999999999985,-0.2775508866952038
TikTok,2023-04-10,1285.91,242313,2364,3,42.7,115708,21179,0.009755976773842,0.0012690355329949,428.6366666666667,0.0332060564114129,-1243.21,-29.114988290398124
TikTok,2023-04-11,630.3499999999999,139124,1475,13,1065.38,91192,3571,0.010602052844944,0.0088135593220338,48.48846153846153,1.690140398191481,435.0300000000002,0.4083331768946293
TikTok,2023-04-12,346.09,68640,530,3,59.01,32066,13745,0.0077214452214452,0.0056603773584905,115.36333333333332,0.1705047819931232,-287.08,-4.864938146076936
TikTok,2023-04-13,209.06,27471,245,0,0.0,13161,3807,0.0089184958683702,0.0,,0.0,-209.06,
TikTok,2023-04-14,3622.88,662200,6598,80,2214.32,275568,123055,0.0099637571730595,0.0121248863291906,45.286,0.611204345713907,-1408.5600000000004,-0.6361140214603132
TikTok,2023-04-15,950.75,248451,1949,1,0.0,111027,52129,0.0078446051736559,0.0005130836326321,950.75,0.0,-950.75,
TikTok,2023-04-16,4203.78,804888,4975,8,84.92,522967,102676,0.0061809841866197,0.001608040201005,525.4725,0.0202008668388926,-4118.86,-48.502826189354685
TikTok,2023-04-17,844.5600000000001,166177,1564,5,52.64,71210,12943,0.0094116514319069,0.0031969309462915,168.912,0.0623283129676991,-791.9200000000001,-15.04407294832827
TikTok,2023-04-18,1003.82,192896,1344,0,0.0,102992,15512,0.0069674850696748,0.0,,0.0,-1003.82,
TikTok,2023-04-19,449.4,75353,563,1,50.34,35596,17904,0.0074715008028877,0.0017761989342806,449.4,0.1120160213618157,-399.06,-7.927294398092966
TikTok,2023-04-20,597.83,121857,993,1,0.0,86294,24573,0.0081488958369236,0.0010070493454179,597.83,0.0,-597.83,
TikTok,2023-04-21,3746.69,592972,5712,33,1230.0,283787,104448,0.0096328325789413,0.0057773109243697,113.5360606060606,0.3282897704373727,-2516.69,-2.046089430894309
TikTok,2023-04-22,1865.77,231349,2133,21,1902.39,135097,27902,0.0092198366969383,0.0098452883263009,88.84619047619047,1.0196272852495216,36.61999999999989,0.0192494704030193
TikTok,2023-04-23,1905.93,287677,2913,37,1928.93,140870,42127,0.0101259398561581,0.0127016821146584,51.51162162162162,1.0120675995445794,23.0,0.0119237089992897
TikTok,2023-04-24,2667.23,569400,4890,9,291.32,336783,78896,0.0085879873551106,0.001840490797546,296.3588888888889,0.1092219268679491,-2375.91,-8.155670740079637
TikTok,2023-04-25,227.45,27496,213,0,0.0,12995,6478,0.0077465813209194,0.0,,0.0,-227.45,
TikTok,2023-04-26,4896.7,1102945,9938,26,1285.9,502412,123176,0.0090104220972033,0.0026162205675186,188.33461538461532,0.2626054281454857,-3610.8,-2.807994400808772
TikTok,2023-04-27,2369.94,381857,4686,20,584.33,203034,40794,0.0122716095292216,0.0042680324370465,118.497,0.2465589846156443,-1785.61,-3.055824619649856
TikTok,2023-04-28,1845.42,485551,4170,50,488.38,203781,5527,0.0085881812621125,0.0119904076738609,36.9084,0.26464436280088,-1357.04,-2.778655964617716
TikTok,2023-04-29,708.73,174163,1911,12,196.82,90179,25675,0.0109724798034025,0.0062794348508634,59.060833333333335,0.2777080129245269,-511.91,-2.600904379636216
TikTok,2023-04-30,1829.93,289010,1503,0,0.0,151122,64794,0.0052005120930071,0.0,,0.0,-1829.93,
TikTok,2023-05-01,1787.0300000000002,275974,2184,15,309.76,151092,24428,0.0079137889801213,0.0068681318681318,119.13533333333336,0.1733378846465923,-1477.2700000000002,-4.769079287190084
TikTok,2023-05-02,1982.32,340190,3113,19,200.27,168497,84853,0.009150768688086,0.0061034371988435,104.33263157894736,0.1010280883005771,-1782.05,-8.898237379537624
TikTok,2023-05-03,1680.55,284855,3122,9,151.43,109789,20745,0.0109599620859735,0.0028827674567584,186.72777777777776,0.0901074053137365,-1529.12,-10.097867001254704
TikTok,2023-05-04,345.56,97060,1040,2,0.0,49265,19325,0.0107150216361013,0.0019230769230769,172.78,0.0,-345.56,
TikTok,2023-05-05,1339.42,295266,2764,4,0.0,123832,9179,0.0093610507135938,0.0014471780028943,334.855,0.0,-1339.42,
TikTok,2023-05-06,329.02,80032,983,8,253.73,41550,11116,0.0122825869652139,0.0081383519837232,41.1275,0.771168925901161,-75.28999999999999,-0.2967327474086627
TikTok,2023-05-07,1067.68,188464,1971,24,1124.02,84633,26651,0.0104582307496391,0.0121765601217656,44.48666666666667,1.0527686198111792,56.33999999999992,0.0501236632800127
TikTok,2023-05-08,839.52,222836,1530,1,0.0,104224,53662,0.0068660360085444,0.0006535947712418,839.52,0.0,-839.52,
TikTok,2023-05-09,1621.19,428137,3608,5,123.24,198926,109418,0.0084272090475712,0.0013858093126385,324.238,0.0760182335198218,-1497.95,-12.154738721194418
TikTok,2023-05-10,2710.6,605692,6191,53,923.65,382560,137860,0.0102213666351875,0.008560814084962,51.14339622641509,0.340754814432229,-1786.9499999999998,-1.9346613977155849
TikTok,2023-05-11,2599.21,576944,6573,80,3873.78,340633,46127,0.0113927868215979,0.012171002586338,32.490125,1.4903682272690546,1274.5699999999997,0.3290248800912803
TikTok,2023-05-12,25.15,3902,43,0,0.0,2289,0,0.0110199897488467,0.0,,0.0,-25.15,
TikTok,2023-05-13,1007.93,131656,1396,13,1099.66,66211,7795,0.0106033906544327,0.0093123209169054,77.53307692307692,1.0910083041481056,91.73000000000012,0.0834166924322064
TikTok,2023-05-14,317.89,49754,516,10,421.66,22467,2354,0.0103710254451903,0.0193798449612403,31.789,1.3264336720249144,103.77000000000004,0.2460987525494475
TikTok,2023-05-15,1606.38,241613,2396,37,688.26,124545,62286,0.0099166849465881,0.0154424040066777,43.41567567567568,0.4284540395174242,-918.12,-1.3339726266236598
TikTok,2023-05-16,1685.71,251818,3093,37,1395.44,105456,27500,0.0122826803485056,0.0119624959586162,45.55972972972973,0.8278054944207486,-290.27,-0.2080132431347818
TikTok,2023-05-17,640.52,88581,828,3,43.2,37612,16958,0.009347376977004,0.0036231884057971,213.50666666666663,0.0674452007743708,-597.3199999999999,-13.826851851851847
TikTok,2023-05-18,1107.47,330653,2138,3,25.06,222002,86214,0.0064659930501159,0.0014031805425631,369.1566666666667,0.0226281524555969,-1082.41,-43.1927374301676
TikTok,2023-05-19,3267.62,627233,5206,14,873.6899999999999,377274,109110,0.0082999459530987,0.0026892047637341,233.40142857142857,0.2673780916997692,-2393.93,-2.7400222046721376
TikTok,2023-05-20,4378.780000000001,806368,8306,106,3140.88,420555,148586,0.0103005079566649,0.0127618588971827,41.30924528301888,0.7172956850995025,-1237.9000000000003,-0.3941252133160135
TikTok,2023-05-21,5176.62,728731,5423,11,441.34,375216,172895,0.007441703454361,0.0020283975659229,470.60181818181815,0.0852564028265547,-4735.28,-10.72932433044818
TikTok,2023-05-22,1417.8200000000002,423100,3782,42,1769.3200000000002,178643,42784,0.0089387851571732,0.0111052353252247,33.75761904761905,1.24791581441932,351.5,0.1986638934731987
TikTok,2023-05-23,866.8199999999999,201379,1784,20,591.08,93198,8262,0.0088589177620307,0.0112107623318385,43.341,0.6818947416995456,-275.7399999999999,-0.4665019963456721
TikTok,2023-05-24,708.88,161428,1238,3,67.78,110453,42148,0.0076690536957652,0.0024232633279483,236.2933333333333,0.095615619004627,-641.1,-9.458542342874004
TikTok,2023-05-25,1403.56,231151,1979,17,734.64,100566,43671,0.0085615030867268,0.0085901970692268,82.56235294117647,0.5234118954658155,-668.92,-0.9105412174670586
TikTok,2023-05-26,735.82,147128,1485,2,0.0,77998,25779,0.010093252134196,0.0013468013468013,367.91,0.0,-735.82,
TikTok,2023-05-27,1258.45,342772,3007,49,2059.44,149541,81350,0.0087725951944732,0.0162953109411373,25.68265306122449,1.6364893321149032,800.99,0.3889358272151653
TikTok,2023-05-28,898.96,200271,2108,10,281.63,101573,34779,0.0105257376255174,0.0047438330170777,89.896,0.3132842395657204,-617.33,-2.1919894897560632
TikTok,2023-05-29,1830.16,436418,4179,92,1996.62,194516,96103,0.0095756820296138,0.0220148360851878,19.89304347826087,1.0909537963893867,166.4599999999998,0.0833708968156183
TikTok,2023-05-30,1213.13,368689,4173,43,3375.86,247673,69227,0.0113184825150736,0.0103043374071411,28.212325581395348,2.782768540881852,2162.7300000000005,0.6406456428880346
TikTok,2023-05-31,1119.68,312743,3072,13,314.45,183781,41896,0.0098227618204084,0.0042317708333333,86.12923076923077,0.2808391683338096,-805.23,-2.5607568770869773
TikTok,2023-06-01,1169.59,257467,2333,29,1052.87,99572,47932,0.0090613554358422,0.012430347192456,40.330689655172414,0.9002043451123898,-116.72000000000004,-0.1108588904613105
TikTok,2023-06-02,1301.29,240551,2154,2,41.21,133980,37364,0.0089544420933606,0.000928505106778,650.645,0.0316685750293939,-1260.08,-30.5770444066974
TikTok,2023-06-03,3566.69,726076,5586,44,1338.79,364996,113583,0.007693409505341,0.0078768349445041,81.06113636363636,0.3753592266218818,-2227.9,-1.664114610954668
TikTok,2023-06-04,2626.84,462687,3554,2,0.0,229133,64185,0.0076812186207954,0.0005627462014631,1313.42,0.0,-2626.84,
TikTok,2023-06-05,771.3499999999999,164648,1509,11,149.22,91544,21489,0.009165006559448,0.0072895957587806,70.12272727272726,0.1934530368833863,-622.1299999999999,-4.169213242192734
TikTok,2023-06-06,2067.74,397456,3912,59,1924.37,233290,10983,0.0098425989291896,0.015081799591002,35.046440677966096,0.9306634296381558,-143.36999999999966,-0.0745023046503529
TikTok,2023-06-07,2203.81,639179,5547,7,215.95,315575,172504,0.0086783201575771,0.0012619433928249,314.83,0.0979893910999587,-1987.86,-9.20518638573744
TikTok,2023-06-08,619.09,106026,1045,3,166.11,63972,4754,0.0098560730386886,0.0028708133971291,206.3633333333333,0.2683131693291767,-452.98,-2.7269881403888987
TikTok,2023-06-09,2495.19,555538,3954,24,1397.86,240657,95345,0.0071174249106271,0.0060698027314112,103.96625,0.5602218668718614,-1097.3300000000002,-0.7850070822543032
TikTok,2023-06-10,2625.09,368597,2784,9,496.22,199960,28449,0.0075529643485975,0.0032327586206896,291.6766666666667,0.1890297094575805,-2128.8700000000003,-4.29017371327234
TikTok,2023-06-11,1827.67,505177,4459,34,510.75,201100,86462,0.0088266092874378,0.0076250280331912,53.755,0.2794541684220893,-1316.92,-2.578404307391092
TikTok,2023-06-12,1838.03,279965,2294,2,59.88,121410,56276,0.0081938813780293,0.000871839581517,919.015,0.0325783583510606,-1778.15,-29.69522378089512
TikTok,2023-06-13,1237.29,261668,2222,1,0.0,111328,33942,0.0084916764755338,0.0004500450045004,1237.29,0.0,-1237.29,
TikTok,2023-06-14,854.26,172456,1576,3,43.89,85168,29817,0.009138562879807,0.0019035532994923,284.75333333333333,0.0513778006695853,-810.37,-18.46365914786968
TikTok,2023-06-15,2757.89,523792,3795,16,316.87,335418,45080,0.0072452423862907,0.0042160737812911,172.368125,0.1148958080271512,-2441.02,-7.703537728405971
TikTok,2023-06-16,1749.61,384901,4317,58,882.9699999999999,242838,60863,0.0112158710941255,0.0134352559647903,30.16568965517241,0.5046667543052451,-866.64,-0.9815056004167751
TikTok,2023-06-17,2844.1800000000003,593446,5126,33,1311.35,256178,110378,0.008637685652949,0.0064377682403433,86.18727272727274,0.4610643489511914,-1532.8300000000004,-1.1688946505509592
TikTok,2023-06-18,222.68,36457,278,0,0.0,16112,5899,0.0076254217297089,0.0,,0.0,-222.68,
TikTok,2023-06-19,1514.27,390026,2764,15,611.25,190645,54820,0.0070867070400434,0.0054269175108538,100.95133333333334,0.4036598493003229,-903.02,-1.4773333333333334
TikTok,2023-06-20,1526.95,209346,2303,14,854.1500000000001,90756,40526,0.0110009266955184,0.0060790273556231,109.06785714285716,0.5593830839254724,-672.8,-0.7876836621202363
TikTok,2023-06-21,2129.34,304374,2592,7,269.33,193424,51023,0.0085158390664117,0.0027006172839506,304.1914285714286,0.1264852019874703,-1860.01,-6.90606319385141
TikTok,2023-06-22,1059.06,175887,1576,12,124.01,78822,29493,0.0089602983733874,0.0076142131979695,88.255,0.1170944044718901,-935.05,-7.540117732440932
TikTok,2023-06-23,2469.9300000000003,529254,3922,3,0.0,284346,107900,0.0074104305305203,0.0007649158592554,823.3100000000001,0.0,-2469.9300000000003,
TikTok,2023-06-24,1596.01,406631,3775,7,186.95,198198,62265,0.0092836011027196,0.0018543046357615,228.00142857142856,0.1171358575447522,-1409.06,-7.537095480074886
TikTok,2023-06-25,1085.85,320492,3300,50,946.71,151640,73734,0.0102966688716098,0.0151515151515151,21.717,0.8718607542478244,-139.13999999999987,-0.1469721456412205
TikTok,2023-06-26,1431.43,392134,3996,43,667.5799999999999,217929,88664,0.010190394099976,0.0107607607607607,33.28906976744186,0.4663727880511096,-763.8500000000001,-1.1442074358129366
TikTok,2023-06-27,1731.14,298771,2468,1,0.0,151241,61163,0.0082605072112085,0.0004051863857374,1731.14,0.0,-1731.14,
TikTok,2023-06-28,364.67,56342,525,1,37.21,18934,0,0.0093180930744382,0.0019047619047619,364.67,0.1020374585241451,-327.46000000000004,-8.800322493953239
TikTok,2023-06-29,44.62,11873,82,0,0.0,7465,3201,0.0069064263454897,0.0,,0.0,-44.62,
TikTok,2023-06-30,495.51,86656,849,9,550.74,42996,1533,0.0097973596750369,0.0106007067137809,55.056666666666665,1.1114609190530969,55.23000000000002,0.1002832552565639
TikTok,2023-07-01,2055.06,475228,3242,4,152.57,287329,68767,0.0068219886033651,0.001233806292412,513.765,0.0742411413778673,-1902.49,-12.469620502064627
TikTok,2023-07-02,2328.05,681434,4554,35,1222.09,362228,125002,0.006682965628366,0.007685551163812,66.5157142857143,0.5249414746246858,-1105.9600000000005,-0.9049742653978023
TikTok,2023-07-03,565.0899999999999,61983,572,1,0.0,33942,9491,0.0092283368020263,0.0017482517482517,565.0899999999999,0.0,-565.0899999999999,
TikTok,2023-07-04,2000.16,341905,3234,13,553.9,160808,16802,0.0094587677863734,0.0040197897340754,153.85846153846154,0.2769278457723382,-1446.2599999999998,-2.6110489257988805
TikTok,2023-07-05,1687.65,249413,1947,0,0.0,113863,32715,0.007806329261105,0.0,,0.0,-1687.65,
TikTok,2023-07-06,2654.59,433485,3521,1,0.0,224235,96872,0.0081225417257805,0.000284010224368,2654.59,0.0,-2654.59,
TikTok,2023-07-07,1221.6,275443,3206,32,1474.18,103034,72385,0.0116394317517598,0.0099812850904553,38.175,1.2067616240995416,252.58,0.1713359291267009
TikTok,2023-07-08,2353.85,419955,3075,6,55.61,216070,67902,0.00732221309426,0.0019512195121951,392.3083333333333,0.0236251247955477,-2298.24,-41.32781873763711
TikTok,2023-07-09,1821.63,408730,3988,28,1068.19,155695,80909,0.0097570523328358,0.0070210631895687,65.05821428571429,0.5863924068005029,-753.44,-0.705342682481581
TikTok,2023-07-10,1887.64,337676,2836,26,936.18,164059,65111,0.0083985832573235,0.0091678420310296,72.60153846153845,0.4959526180839567,-951.46,-1.016321647546412
TikTok,2023-07-11,3729.28,609853,6216,25,1037.68,265501,62722,0.0101926201887995,0.004021879021879,149.1712,0.2782521022824781,-2691.6000000000004,-2.5938632333667413
TikTok,2023-07-12,216.01,34374,346,0,0.0,18745,7468,0.0100657473671961,0.0,,0.0,-216.01,
TikTok,2023-07-13,3691.65,682799,6489,24,1192.13,291665,110920,0.0095035288569549,0.0036985668053629,153.81875,0.3229260628716157,-2499.52,-2.09668408646708
TikTok,2023-07-14,236.99,42773,364,0,0.0,21295,10144,0.0085100413812451,0.0,,0.0,-236.99,
TikTok,2023-07-15,151.55,28747,263,0,0.0,10928,4675,0.0091487807423383,0.0,,0.0,-151.55,
TikTok,2023-07-16,944.36,225804,1954,6,253.81,118393,13583,0.0086535225239588,0.0030706243602865,157.39333333333337,0.2687640306662713,-690.5500000000001,-2.720735983609788
TikTok,2023-07-17,2362.16,631955,6581,72,1472.19,297934,123171,0.0104137161664991,0.0109405865370004,32.80777777777777,0.6232388999898398,-889.9699999999998,-0.6045211555573667
TikTok,2023-07-18,1717.04,267601,2038,6,144.01999999999998,138493,56962,0.0076158160843943,0.0029440628066732,286.17333333333335,0.0838769044401994,-1573.02,-10.922233023191223
TikTok,2023-07-19,2810.16,582792,5249,42,2539.07,236462,76410,0.0090066438798061,0.0080015240998285,66.90857142857142,0.9035321832208844,-271.0899999999997,-0.1067674384715662
TikTok,2023-07-20,303.03,43341,351,0,0.0,21204,6804,0.0080985671765764,0.0,,0.0,-303.03,
TikTok,2023-07-21,2842.29,624434,6359,68,1765.85,274185,67738,0.0101836222883443,0.0106935052681239,41.798382352941175,0.6212772095739703,-1076.44,-0.6095874508027296
TikTok,2023-07-22,859.61,218917,2175,25,811.25,119155,31329,0.0099352722721396,0.0114942528735632,34.3844,0.9437419294796476,-48.360000000000014,-0.0596117103235747
TikTok,2023-07-23,1803.92,315008,2409,16,864.6500000000001,168723,38390,0.0076474248273059,0.0066417600664176,112.745,0.4793172646237084,-939.2699999999998,-1.0863008153588154
TikTok,2023-07-24,1711.89,322435,2460,8,205.28,150543,85466,0.0076294446942794,0.0032520325203252,213.98625,0.1199142468266068,-1506.61,-7.339292673421667
TikTok,2023-07-25,3539.84,817291,7342,59,2778.73,387846,131477,0.0089833364126119,0.008035957504767,59.99728813559322,0.7849874570602061,-761.1100000000001,-0.2739057051242834
TikTok,2023-07-26,3197.67,598651,4700,14,158.07999999999998,259688,121520,0.0078509849645285,0.0029787234042553,228.405,0.0494359955842848,-3039.59,-19.22817560728745
TikTok,2023-07-27,1400.1899999999998,231858,1780,8,342.93,108156,30827,0.0076771127155414,0.0044943820224719,175.02374999999998,0.2449167612966812,-1057.2599999999998,-3.0830198582801147
TikTok,2023-07-28,1246.1,219669,1737,1,0.0,131915,45306,0.0079073515152342,0.0005757052389176,1246.1,0.0,-1246.1,
TikTok,2023-07-29,421.83,75810,612,4,106.75,37605,13235,0.0080728136129798,0.0065359477124183,105.4575,0.2530640305336273,-315.08,-2.9515690866510536
TikTok,2023-07-30,233.23,26610,227,3,92.01,9412,5307,0.0085306275836151,0.013215859030837,77.74333333333334,0.3945032800240106,-141.22000000000003,-1.5348331703075755
TikTok,2023-07-31,1447.48,311494,3096,26,596.8399999999999,168152,25794,0.0099391962606021,0.0083979328165374,55.67230769230769,0.4123303948931936,-850.6400000000001,-1.4252395952013943
TikTok,2023-08-02,1924.74,288823,2511,33,507.75,130733,26855,0.008693905956243,0.013142174432497,58.32545454545455,0.2638018641478849,-1416.99,-2.7907237813884787
TikTok,2023-08-03,1382.7,297026,3446,47,2171.67,127501,61297,0.0116016779675853,0.0136390017411491,29.419148936170213,1.5706009980472988,788.97,0.3633010540275456
TikTok,2023-08-04,924.99,241488,2248,3,70.83,194088,39191,0.0093089511694162,0.0013345195729537,308.33,0.0765738007978464,-854.16,-12.059296908089792
TikTok,2023-08-05,1031.26,304597,3060,35,473.29,226235,0,0.0100460608607438,0.011437908496732,29.46457142857143,0.4589434284273607,-557.97,-1.17891778824822
TikTok,2023-08-06,902.63,185254,1526,8,307.4,107586,31389,0.0082373390048258,0.0052424639580602,112.82875,0.3405603624962609,-595.23,-1.936337020169161
TikTok,2023-08-07,1435.05,215936,1738,9,184.08,148861,32276,0.0080486810906935,0.0051783659378596,159.45,0.1282742761576251,-1250.97,-6.795795306388526
TikTok,2023-08-08,4903.86,1017702,8283,33,1831.52,474312,191631,0.0081389247540046,0.0039840637450199,148.60181818181815,0.3734853768256027,-3072.34,-1.6774809993884858
TikTok,2023-08-09,2433.99,481666,5025,76,1644.98,238645,26984,0.0104325403910593,0.0151243781094527,32.02618421052631,0.6758367947279982,-789.0099999999998,-0.4796471689625404
TikTok,2023-08-10,2120.29,373125,2932,3,103.61,186559,46791,0.0078579564489112,0.0010231923601637,706.7633333333333,0.0488659570153139,-2016.68,-19.464144387607373
TikTok,2023-08-11,559.9,87834,619,0,0.0,42804,20338,0.0070473848395837,0.0,,0.0,-559.9,
TikTok,2023-08-12,156.82,28184,241,4,235.0,12957,1044,0.0085509508941243,0.0165975103734439,39.205,1.4985333503379672,78.18,0.3326808510638298
TikTok,2023-08-13,4696.9800000000005,996740,8848,47,1916.16,488852,176161,0.008876938820555,0.0053119349005424,99.93574468085107,0.4079557502906122,-2780.8200000000006,-1.4512462424849704
TikTok,2023-08-14,2760.19,411515,2933,13,453.09,216540,52425,0.007127322211827,0.0044323218547562,212.3223076923077,0.1641517431771001,-2307.1,-5.091924341742259
TikTok,2023-08-15,1643.34,330841,3079,23,510.82,198365,27276,0.0093065853385765,0.0074699577784995,71.4495652173913,0.3108425523628707,-1132.52,-2.217062761833914
TikTok,2023-08-16,553.33,89662,835,13,562.85,46321,18075,0.0093127523365528,0.0155688622754491,42.56384615384616,1.0172049229212223,9.519999999999982,0.016913920227414
TikTok,2023-08-17,630.6500000000001,99918,1140,24,307.6,62471,20001,0.0114093556716507,0.0210526315789473,26.277083333333337,0.4877507333703321,-323.0500000000001,-1.0502275682704816
TikTok,2023-08-18,202.93,36083,403,5,358.86,16450,5940,0.0111686943990244,0.0124069478908188,40.586,1.7683930419356428,155.93,0.4345148525887533
TikTok,2023-08-19,1279.28,341986,3082,25,701.9900000000001,146574,8068,0.0090120648213669,0.0081116158338741,51.1712,0.5487383528234633,-577.2899999999998,-0.8223621419108531
TikTok,2023-08-20,2568.56,488959,4090,10,460.85,236458,78415,0.0083647095155217,0.0024449877750611,256.856,0.1794195969726228,-2107.71,-4.573527178040577
TikTok,2023-08-21,2314.51,506202,3501,11,109.8,233836,39333,0.0069162113148505,0.0031419594401599,210.41000000000005,0.047439846879037,-2204.71,-20.07932604735884
TikTok,2023-08-22,1239.4,167717,1481,5,26.8,87032,27986,0.0088303511271964,0.0033760972316002,247.88,0.0216233661449088,-1212.6,-45.24626865671642
TikTok,2023-08-23,489.26,52702,477,3,140.5,25400,0,0.0090508899093013,0.0062893081761006,163.08666666666667,0.2871683767322078,-348.76,-2.4822775800711745
TikTok,2023-08-24,2995.45,744863,6736,8,0.0,456290,91940,0.0090432737295314,0.001187648456057,374.43125,0.0,-2995.45,
TikTok,2023-08-25,1710.47,378039,3390,17,688.5,193554,61693,0.0089673287676668,0.0050147492625368,100.61588235294118,0.4025209445357124,-1021.97,-1.4843427741466957
TikTok,2023-08-26,1726.4,289221,1878,2,34.92,146436,33767,0.0064933044281016,0.0010649627263045,863.2,0.0202270620945319,-1691.48,-48.43871706758304
TikTok,2023-08-27,292.89,47679,401,0,0.0,24927,4676,0.0084104112921831,0.0,,0.0,-292.89,
TikTok,2023-08-28,833.9100000000001,216860,1727,10,347.93,114102,28884,0.0079636631928433,0.005790387955993,83.391,0.4172272787231235,-485.9800000000001,-1.3967752134049956
TikTok,2023-08-29,2786.42,489433,4273,17,156.44,232397,76187,0.0087305106112583,0.0039784694593962,163.9070588235294,0.0561437256407863,-2629.98,-16.811429301968808
TikTok,2023-08-30,2274.62,554975,4721,69,1754.11,259928,75045,0.0085066894905175,0.0146155475534844,32.96550724637681,0.7711661728112829,-520.5099999999998,-0.2967373767893688
TikTok,2023-08-31,1860.36,353232,3367,27,970.86,152906,64120,0.0095319789826516,0.008019008019008,68.90222222222222,0.5218667354705542,-889.4999999999999,-0.916198010011742
TikTok,2023-09-01,2879.32,707888,6131,62,3654.81,420702,137461,0.0086609746174536,0.0101125428152014,46.44064516129032,1.2693309531417143,775.4900000000007,0.2121833966745195
TikTok,2023-09-02,1946.33,286609,3535,82,1879.92,140505,60735,0.0123338764658472,0.0231966053748231,23.735731707317072,0.9658793729737508,-66.40999999999985,-0.0353259713179283
TikTok,2023-09-03,559.48,93344,739,3,144.58,38046,9705,0.007916952348303,0.0040595399188092,186.4933333333333,0.2584185314935297,-414.9,-2.8696915202655964
TikTok,2023-09-04,1834.47,432064,4310,13,407.54,248123,105886,0.0099753740186639,0.0030162412993039,141.11307692307693,0.2221568082334407,-1426.93,-3.501325023310596
TikTok,2023-09-05,3993.97,705045,6694,42,2594.38,359540,137011,0.0094944294335822,0.0062742754705706,95.09452380952382,0.6495742331564834,-1399.59,-0.5394699311588896
TikTok,2023-09-06,309.86,51005,432,1,0.0,27712,10201,0.0084697578668757,0.0023148148148148,309.86,0.0,-309.86,
TikTok,2023-09-07,2664.6800000000003,635471,6386,38,1965.87,319002,128660,0.0100492390683445,0.0059505167554024,70.12315789473685,0.737750874401429,-698.8100000000004,-0.3554711145701396
TikTok,2023-09-08,765.91,155498,1970,39,2251.0,76910,29584,0.0126689732343824,0.0197969543147208,19.638717948717947,2.938987609510256,1485.09,0.6597467792092404
TikTok,2023-09-09,188.05,40460,379,0,0.0,24217,8096,0.0093672763222936,0.0,,0.0,-188.05,
TikTok,2023-09-10,5917.08,1146593,10558,34,1070.03,639462,156842,0.0092081497096179,0.0032203068763023,174.03176470588235,0.1808375076896036,-4847.05,-4.5298262665532745
TikTok,2023-09-11,1263.42,195343,1878,13,345.8,91214,46746,0.0096138586998254,0.0069222577209797,97.18615384615386,0.2737015402637286,-917.62,-2.6536148062463853
TikTok,2023-09-12,882.3199999999999,150731,1489,2,0.0,79755,36338,0.0098785253199408,0.0013431833445265,441.16,0.0,-882.3199999999999,
TikTok,2023-09-13,689.83,170920,1585,17,710.41,73053,45673,0.009273344254622,0.0107255520504731,40.57823529411765,1.0298334372236635,20.579999999999927,0.028969186807618
TikTok,2023-09-14,1796.99,514614,5050,10,175.21,285157,102044,0.0098131803643118,0.0019801980198019,179.699,0.0975019337892809,-1621.78,-9.256206837509271
TikTok,2023-09-15,1566.98,324582,2921,4,86.17,146218,48123,0.0089992667492344,0.0013693940431359,391.745,0.0549911294336877,-1480.81,-17.184751073459438
TikTok,2023-09-16,1803.77,282470,3903,80,2028.14,118542,57750,0.0138173965376854,0.0204970535485523,22.547125,1.1243894731589947,224.3700000000001,0.1106284576015463
TikTok,2023-09-17,910.84,235015,2146,22,564.9,119460,55655,0.0091313320426355,0.0102516309412861,41.40181818181818,0.6201967414694128,-345.93999999999994,-0.6123915737298636
TikTok,2023-09-18,2407.55,431999,3595,1,0.0,232562,58644,0.0083217785226354,0.0002781641168289,2407.55,0.0,-2407.55,
TikTok,2023-09-19,1878.54,559734,4139,2,0.0,386678,0,0.0073945838559029,0.0004832085044696,939.27,0.0,-1878.54,
TikTok,2023-09-20,430.3,83625,1198,28,893.69,56831,23402,0.0143258594917787,0.023372287145242,15.367857142857144,2.0768998373227983,463.39,0.5185131309514485
TikTok,2023-09-21,4666.030000000001,760208,7262,28,1171.4499999999998,410188,182583,0.0095526487487634,0.0038556871385293,166.6439285714286,0.2510592516550471,-3494.580000000001,-2.983123479448548
TikTok,2023-09-22,1997.93,439254,3981,5,67.31,197894,64360,0.0090630933355188,0.0012559658377292,399.586,0.0336898690144299,-1930.62,-28.68251374238597
TikTok,2023-09-23,4554.45,917503,7968,17,239.51,409868,194821,0.0086844402688601,0.0021335341365461,267.90882352941173,0.0525881280945009,-4314.94,-18.01569871821636
TikTok,2023-09-24,1169.05,269765,2394,17,1094.29,141840,17139,0.0088743906733638,0.0071010860484544,68.76764705882353,0.9360506394080664,-74.75999999999999,-0.0683182702939805
TikTok,2023-09-25,1714.77,358691,2754,6,124.82,213697,44084,0.0076779177620849,0.0021786492374727,285.795,0.0727911031800183,-1589.95,-12.737942637397854
TikTok,2023-09-26,836.98,153258,1281,0,0.0,73470,28390,0.0083584543710605,0.0,,0.0,-836.98,
TikTok,2023-09-27,2305.14,410718,4063,45,1798.5,207705,103922,0.0098924322771341,0.0110755599310854,51.22533333333333,0.780212915484526,-506.6399999999999,-0.2817014178482068
TikTok,2023-09-28,1111.63,220964,2636,11,125.73,105842,41880,0.0119295450842671,0.0041729893778452,101.05727272727272,0.1131041803477776,-985.9,-7.841406187862879
TikTok,2023-09-29,1001.04,159316,1935,7,237.25,80832,3483,0.0121456727510105,0.0036175710594315,143.00571428571428,0.2370035163430033,-763.79,-3.2193466807165434
TikTok,2023-09-30,1712.42,312743,2715,3,0.0,169308,66910,0.0086812494604195,0.0011049723756906,570.8066666666667,0.0,-1712.42,
TikTok,2023-10-01,4293.54,770102,9057,60,2094.17,381110,184049,0.0117607797408654,0.0066247101689301,71.559,0.4877490369252412,-2199.37,-1.0502346991887
TikTok,2023-10-02,2725.75,545466,7375,15,307.57,234473,82395,0.0135205494017958,0.0020338983050847,181.71666666666667,0.1128386682564431,-2418.18,-7.862210228565854
TikTok,2023-10-03,3947.65,948839,10847,73,4527.070000000001,520469,197024,0.0114318656800574,0.0067299714206693,54.077397260273976,1.1467759299836613,579.4200000000005,0.1279900686315874
TikTok,2023-10-04,2130.97,394946,4256,19,1036.0,184039,99888,0.0107761567404151,0.0044642857142857,112.15631578947368,0.4861635780888516,-1094.9699999999998,-1.0569208494208493
TikTok,2023-10-05,3657.79,566144,7759,133,7036.280000000001,311577,67076,0.0137049937825005,0.0171413841989947,27.50218045112782,1.9236424179627591,3378.4900000000007,0.480152864866094
TikTok,2023-10-06,3067.91,479668,6874,83,2799.79,230885,102245,0.0143307454322573,0.0120744835612452,36.96277108433735,0.9126049981909508,-268.1199999999999,-0.0957643251815314
TikTok,2023-10-07,3642.02,841674,9290,89,2512.76,347049,182004,0.0110375275938189,0.0095801937567276,40.921573033707865,0.6899358048555473,-1129.2599999999998,-0.4494102102866966
TikTok,2023-10-08,1767.06,410796,4431,33,315.29,181710,74657,0.0107863757193351,0.0074475287745429,53.54727272727273,0.1784263126322819,-1451.77,-4.6045545370928345
TikTok,2023-10-09,63.08,8643,106,0,0.0,3450,0,0.0122642600948744,0.0,,0.0,-63.08,
TikTok,2023-10-10,1657.31,310918,5011,205,7081.0,131994,51156,0.0161167896358525,0.0409099980043903,8.084439024390244,4.272586299485311,5423.6900000000005,0.7659497246151674
TikTok,2023-10-11,2606.82,532689,6078,39,3043.7000000000003,302847,9693,0.0114100347482302,0.006416584402764,66.84153846153845,1.1675911647140964,436.88000000000056,0.1435358281039526
TikTok,2023-10-12,1905.8,527108,6779,25,276.09000000000003,267488,140346,0.0128607420111248,0.0036878595663077,76.232,0.1448682967782558,-1629.71,-5.902821543699518
TikTok,2023-10-13,447.83,100228,1242,14,551.41,51416,3136,0.0123917468172566,0.0112721417069243,31.98785714285714,1.2312931246231829,103.57999999999998,0.1878457046480839
TikTok,2023-10-14,2353.16,328164,6032,77,4513.38,145998,61786,0.0183810533757511,0.0127652519893899,30.56051948051948,1.9180081252443524,2160.2200000000003,0.4786257749181323
TikTok,2023-10-15,2325.05,657690,6090,26,1169.91,291388,74030,0.0092596816129179,0.0042692939244663,89.42500000000001,0.5031762757790155,-1155.14,-0.9873750972297014
TikTok,2023-10-16,5513.85,722654,8160,46,2277.26,373632,112202,0.0112917108325699,0.0056372549019607,119.8663043478261,0.4130072453911513,-3236.5900000000006,-1.4212650290261106
TikTok,2023-10-17,5943.6,1448402,18861,92,3494.98,811821,133828,0.0130219372798435,0.0048777901489846,64.60434782608696,0.5880240931422034,-2448.6200000000003,-0.7006105900462951
TikTok,2023-10-18,2902.31,712518,8892,222,2086.3,346731,84273,0.0124796847237543,0.024966261808367,13.073468468468468,0.7188411989070775,-816.0099999999998,-0.3911278339644345
TikTok,2023-10-19,2297.2200000000003,531442,7483,165,5005.06,320566,63557,0.0140805581794438,0.0220499799545636,13.922545454545457,2.178746484881726,2707.8399999999992,0.5410204872668858
TikTok,2023-10-20,750.17,109212,1210,20,322.29,60411,15334,0.0110793685675566,0.0165289256198347,37.5085,0.4296226188730555,-427.88,-1.3276241893946443
TikTok,2023-10-21,2406.99,529464,6934,71,5048.57,260038,117527,0.0130962633909009,0.0102394000576867,33.901267605633805,2.097461975330184,2641.5799999999995,0.5232333116110106
TikTok,2023-10-22,61.41,8746,83,0,0.0,5227,2556,0.0094900525954722,0.0,,0.0,-61.41,
TikTok,2023-10-23,3253.04,542628,5941,125,4283.1,238337,108333,0.0109485688169427,0.0210402289176906,26.02432,1.3166453532695572,1030.0600000000004,0.240494034694497
TikTok,2023-10-24,2123.34,331368,4375,79,2916.96,151902,48391,0.0132028439680355,0.0180571428571428,26.877721518987343,1.3737602079742293,793.6199999999999,0.2720709231528714
TikTok,2023-10-25,1520.4300000000003,464387,5790,12,111.55,264610,119081,0.0124680492778652,0.0020725388601036,126.70250000000004,0.0733674026426734,-1408.8800000000003,-12.630031376064547
TikTok,2023-10-26,588.25,185732,2304,5,0.0,102676,33098,0.012404970602804,0.0021701388888888,117.65,0.0,-588.25,
TikTok,2023-10-27,60.55,16280,182,0,0.0,11753,3957,0.0111793611793611,0.0,,0.0,-60.55,
TikTok,2023-10-28,2887.91,617597,6752,78,2354.54,265215,117226,0.010932695592757,0.0115521327014218,37.02448717948717,0.8153093413575908,-533.3699999999999,-0.2265283240038393
TikTok,2023-10-29,3819.62,568926,5508,1,0.0,298910,57564,0.0096813996899421,0.0001815541031227,3819.62,0.0,-3819.62,
TikTok,2023-10-30,2478.23,330236,4073,55,2745.57,174692,41798,0.0123336038469458,0.0135035600294623,45.05872727272728,1.1078753787985778,267.3399999999997,0.0973714019311107
TikTok,2023-10-31,2330.14,339981,4559,22,220.84,147229,47533,0.0134095728878966,0.0048256196534327,105.91545454545454,0.0947754212193258,-2109.3,-9.551258829922114
TikTok,2023-11-01,1404.27,231318,4122,103,7491.34,125058,32216,0.0178196249319119,0.0249878699660359,13.63368932038835,5.334686349491195,6087.07,0.8125475549100695
TikTok,2023-11-02,2692.13,369323,5324,95,3694.28,184337,58651,0.0144155657784649,0.0178437265214124,28.33821052631579,1.3722517114700998,1002.1499999999996,0.2712707212230799
TikTok,2023-11-03,1317.79,278214,2875,7,0.0,168870,59027,0.010333771844695,0.0024347826086956,188.25571428571428,0.0,-1317.79,
TikTok,2023-11-04,2510.78,439006,4800,5,0.0,286190,89537,0.0109337913377038,0.0010416666666666,502.156,0.0,-2510.78,
TikTok,2023-11-05,3039.05,634689,5904,17,361.7,343780,99731,0.0093021936728066,0.0028794037940379,178.76764705882354,0.11901745611293,-2677.3500000000004,-7.402128836051978
TikTok,2023-11-06,2591.03,571874,6880,102,2128.11,318737,69626,0.0120306221300496,0.0148255813953488,25.402254901960788,0.8213374603921992,-462.9200000000001,-0.2175263496717745
TikTok,2023-11-07,6542.89,1276002,16399,132,4430.419999999999,558591,310326,0.0128518607337606,0.0080492712970303,49.56734848484849,0.677135027487853,-2112.470000000001,-0.4768103249804762
TikTok,2023-11-08,3866.6,979570,13690,85,3031.15,440086,173847,0.0139755198709637,0.006208911614317,45.48941176470588,0.7839316195106812,-835.4499999999998,-0.2756214638008676
TikTok,2023-11-09,2397.25,364243,3568,13,512.46,176798,79353,0.009795658392886,0.0036434977578475,184.40384615384616,0.2137699447283345,-1884.79,-3.677926082035671
TikTok,2023-11-10,1924.65,302940,2636,3,0.0,159977,61404,0.0087013930151185,0.0011380880121396,641.5500000000001,0.0,-1924.65,
TikTok,2023-11-11,316.88,61125,923,26,423.12,23275,1391,0.0151002044989775,0.028169014084507,12.187692307692307,1.3352688714970968,106.24,0.251087162034411
TikTok,2023-11-12,680.03,121316,1064,3,75.12,52907,19422,0.0087704836954729,0.0028195488721804,226.67666666666665,0.1104657147478787,-604.91,-8.052582534611288
TikTok,2023-11-13,1220.84,203029,1642,2,37.3,118746,42385,0.0080875145915115,0.0012180267965895,610.4200000000001,0.0305527341830215,-1183.5400000000002,-31.73029490616623
TikTok,2023-11-14,2720.13,440973,4803,18,757.41,208376,40396,0.01089182330891,0.0037476577139287,151.11833333333334,0.2784462507306636,-1962.7200000000005,-2.591357388996713
TikTok,2023-11-15,1270.9,198806,2079,11,1009.4,102767,26954,0.0104574308622476,0.0052910052910052,115.53636363636365,0.7942403021480839,-261.5000000000001,-0.2590647909649298
TikTok,2023-11-16,2107.85,448766,6117,8,0.0,238465,113273,0.0136307117740648,0.0013078306359326,263.48125,0.0,-2107.85,
TikTok,2023-11-17,2824.3,610636,7945,202,2731.06,293027,47290,0.0130110245711029,0.0254247954688483,13.981683168316833,0.9669865099316644,-93.24000000000024,-0.0341405901005471
TikTok,2023-11-18,3620.59,822780,10807,205,6770.9800000000005,320582,72247,0.0131347383261625,0.0189691866382899,17.661414634146343,1.8701316636238845,3150.3900000000003,0.4652782905871824
TikTok,2023-11-19,1825.23,479802,5386,119,2295.65,257555,79420,0.0112254638371661,0.0220943186037875,15.338067226890756,1.2577319022808084,470.4200000000001,0.2049179970814366
TikTok,2023-11-20,2148.43,536191,7684,223,8848.12,245429,15067,0.0143307142417534,0.0290213430504945,9.63421524663677,4.118412049729338,6699.6900000000005,0.7571879676134591
TikTok,2023-11-21,2514.4300000000003,373676,5562,92,5438.76,167750,52552,0.0148845523929821,0.0165408126573175,27.33076086956522,2.1630190540201952,2924.33,0.5376832219108767
TikTok,2023-11-22,327.09000000000003,63833,750,6,265.68,37447,3173,0.0117494086130998,0.008,54.51500000000001,0.8122535082087499,-61.410000000000025,-0.2311427280939477
TikTok,2023-11-23,2927.59,588415,7936,85,6799.07,273338,100793,0.0134870796971525,0.0107106854838709,34.44223529411765,2.3224119497607245,3871.48,0.5694131697423324
TikTok,2023-11-24,1711.37,407715,5975,17,71.26,179006,92303,0.0146548446831732,0.0028451882845188,100.66882352941175,0.041639154595441,-1640.11,-23.015857423519503
TikTok,2023-11-25,1585.89,380442,4288,102,3965.29,223285,0,0.011271100456837,0.0237873134328358,15.547941176470587,2.50035626682809,2379.4,0.6000569945703844
TikTok,2023-11-26,2161.41,355127,4633,90,892.97,174415,15000,0.0130460370515336,0.0194258579753939,24.015666666666664,0.4131423468939257,-1268.4399999999998,-1.420473252180924
TikTok,2023-11-27,2103.49,420972,5203,16,204.44,179057,56777,0.0123594918426878,0.0030751489525273,131.468125,0.0971908590009936,-1899.05,-9.289033457249069
TikTok,2023-11-28,35.92,3880,48,1,35.14,1477,0,0.0123711340206185,0.0208333333333333,35.92,0.9782850779510022,-0.7800000000000011,-0.0221969265793967
TikTok,2023-11-29,2482.83,442344,6218,11,0.0,334801,9466,0.0140569330656683,0.0017690575747828,225.7118181818182,0.0,-2482.83,
TikTok,2023-11-30,2163.66,257433,3189,34,2248.61,131039,38994,0.0123876892239922,0.0106616494198808,63.63705882352941,1.0392621761274878,84.95000000000027,0.0377788945170573
TikTok,2023-12-01,1345.43,260197,2546,2,0.0,171605,0,0.009784893753579,0.0007855459544383,672.715,0.0,-1345.43,
TikTok,2023-12-02,4069.23,679737,9307,119,5439.16,271972,154364,0.0136920603115616,0.0127860749973138,34.19521008403361,1.3366558292355066,1369.9300000000003,0.2518642584516727
TikTok,2023-12-03,2299.78,585717,5053,62,6285.8,262940,128106,0.0086270331917974,0.0122699386503067,37.09322580645161,2.7332179599787803,3986.02,0.6341308982150243
TikTok,2023-12-04,1383.93,179604,1996,5,62.68,104789,14031,0.0111133382330014,0.00250501002004,276.786,0.0452913080863916,-1321.25,-21.07929164007658
TikTok,2023-12-05,1171.22,162951,2007,15,863.66,83831,22957,0.0123165859675608,0.007473841554559,78.08133333333333,0.73740202523864,-307.56000000000006,-0.356112359030174
TikTok,2023-12-06,3374.62,516564,5282,47,2433.9300000000003,232208,63743,0.0102252576641035,0.0088981446421809,71.8004255319149,0.7212456513622275,-940.6899999999996,-0.386490162001372
TikTok,2023-12-07,4433.61,628250,6763,22,367.0,350807,39987,0.0107648229208117,0.0032529942333284,201.52772727272725,0.0827767891176716,-4066.61,-11.080681198910082
TikTok,2023-12-08,1167.17,189230,1983,27,610.03,90165,33486,0.0104793108915076,0.0136157337367624,43.22851851851852,0.5226573678213113,-557.1400000000001,-0.9132993459338068
TikTok,2023-12-09,3567.05,817219,8420,71,3872.43,469341,57906,0.0103032357299573,0.0084323040380047,50.24014084507042,1.0856113595267798,305.3800000000001,0.0788600439517306
TikTok,2023-12-10,1179.5700000000002,213699,2475,6,0.0,117178,43456,0.0115817107239622,0.0024242424242424,196.59500000000003,0.0,-1179.5700000000002,
TikTok,2023-12-11,967.2,159161,1371,1,0.0,74994,21467,0.0086139192390095,0.0007293946024799,967.2,0.0,-967.2,
TikTok,2023-12-12,997.73,256269,2487,7,466.34,162908,5279,0.0097046462896409,0.0028146361077603,142.53285714285715,0.4674010002706142,-531.3900000000001,-1.1394905004932026
TikTok,2023-12-13,1743.34,383095,4781,26,1080.88,168238,93313,0.0124799331758441,0.0054381928466847,67.05153846153847,0.6200052772264734,-662.46,-0.612889497446525
TikTok,2023-12-14,2626.3,463126,4335,8,221.48,265469,71560,0.0093603036754576,0.0018454440599769,328.2875,0.0843315691276701,-2404.82,-10.857955571609176
TikTok,2023-12-15,4470.219999999999,694616,7649,61,2305.62,406878,50403,0.0110118396351365,0.0079748986795659,73.2822950819672,0.5157732729037945,-2164.5999999999995,-0.9388364084281016
TikTok,2023-12-16,676.67,160095,1985,3,0.0,83769,23958,0.0123988881601549,0.0015113350125944,225.55666666666664,0.0,-676.67,
TikTok,2023-12-17,2579.69,628752,5621,17,1132.86,376066,100896,0.0089399318014097,0.0030243728873865,151.7464705882353,0.4391457888350926,-1446.83,-1.2771481030312657
TikTok,2023-12-18,1463.33,343529,3655,16,1304.53,166536,66143,0.0106395675474268,0.0043775649794801,91.458125,0.891480390615924,-158.79999999999995,-0.121729665090109
TikTok,2023-12-19,1105.56,236036,2512,3,90.48,123415,40839,0.0106424443728922,0.0011942675159235,368.52,0.0818408770215999,-1015.08,-11.218832891246684
TikTok,2023-12-20,2822.74,349519,3853,5,179.69,150047,64166,0.0110237211710951,0.0012976901116013,564.548,0.0636580060508583,-2643.05,-14.708943179920976
TikTok,2023-12-21,3614.37,637809,8433,102,2866.32,331075,90370,0.0132218265969906,0.0120953397367484,35.435,0.7930344707376389,-748.0500000000002,-0.2609792346981496
TikTok,2023-12-22,2052.92,452139,5162,10,219.23,199130,99612,0.0114168430504778,0.0019372336303758,205.292,0.1067893537010696,-1833.69,-8.364229348173152
TikTok,2023-12-23,2023.74,464201,4584,68,2269.66,212876,119956,0.0098750325828681,0.0148342059336823,29.760882352941177,1.121517586251198,245.91999999999985,0.1083510305508313
TikTok,2023-12-24,6714.87,1665719,14235,15,42.49,1017993,337040,0.0085458591755272,0.0010537407797681,447.658,0.006327747223699,-6672.38,-157.0341256766298
TikTok,2023-12-25,4612.85,794615,8134,10,0.0,395869,95279,0.0102364037930318,0.0012294074256208,461.285,0.0,-4612.85,
TikTok,2023-12-26,2884.04,580645,5539,8,132.86,288444,131348,0.0095393915387198,0.0014443040259974,360.505,0.0460673222285405,-2751.18,-20.70736113201866
TikTok,2023-12-27,1117.52,223040,2195,8,59.19,103442,43325,0.0098412840746054,0.0036446469248291,139.69,0.0529654950246975,-1058.33,-17.880216252745395
TikTok,2023-12-28,1224.52,217866,2425,4,0.0,101264,36084,0.0111306950143666,0.0016494845360824,306.13,0.0,-1224.52,
TikTok,2023-12-29,4693.67,846412,7635,71,1268.08,492794,116402,0.0090204297670637,0.0092992796332678,66.10802816901409,0.2701681200425253,-3425.59,-2.701398965364961
TikTok,2023-12-30,446.9,75316,562,0,0.0,44330,18882,0.007461893887089,0.0,,0.0,-446.9,
TikTok,2023-12-31,502.72,119388,1164,6,135.81,65612,28859,0.0097497235903105,0.0051546391752577,83.78666666666668,0.2701503819223424,-366.91,-2.701641999852736
TikTok,2024-01-01,2990.55,679792,6123,75,739.9000000000001,304883,111498,0.00900716689811,0.012248897599216,39.874,0.2474126832856832,-2250.65,-3.041829977023922
TikTok,2024-01-02,1780.2199999999998,346113,2474,0,0.0,180295,55808,0.0071479545697503,0.0,,0.0,-1780.2199999999998,
TikTok,2024-01-03,212.46,28033,275,0,0.0,12054,1749,0.009809866942532,0.0,,0.0,-212.46,
TikTok,2024-01-04,3855.37,646317,6285,105,3036.68,303321,102768,0.0097243303208796,0.0167064439140811,36.71780952380952,0.7876494344252303,-818.69,-0.2696003530171108
TikTok,2024-01-05,1803.74,257145,2767,60,2214.53,133203,47748,0.0107604658850065,0.0216841344416335,30.06233333333333,1.2277434663532438,410.7900000000002,0.1854975999422
TikTok,2024-01-06,611.59,107483,828,0,0.0,49660,13939,0.0077035438162314,0.0,,0.0,-611.59,
TikTok,2024-01-07,2391.58,497528,4301,6,102.19,236480,52681,0.0086447395925455,0.0013950244129272,398.5966666666666,0.0427290745030481,-2289.39,-22.403268421567667
TikTok,2024-01-08,795.5199999999999,204311,2067,5,109.94,112458,45450,0.0101169295828418,0.0024189646831156,159.10399999999998,0.1381989139179404,-685.5799999999999,-6.235946880116426
TikTok,2024-01-09,2738.19,570377,5942,66,2557.3,321966,91714,0.0104176711192772,0.0111073712554695,41.48772727272728,0.9339381124027184,-180.8900000000004,-0.0707347593164667
TikTok,2024-01-10,1480.35,279217,2876,61,1340.69,127879,11383,0.0103002324357041,0.0212100139082058,24.268032786885243,0.9056574458742864,-139.65999999999983,-0.1041702406969544
TikTok,2024-01-11,4493.75,1156105,9041,9,196.53,586078,231529,0.007820223941597,0.0009954651034177,499.30555555555554,0.0437340751043115,-4297.22,-21.86546583218847
TikTok,2024-01-12,3721.17,588334,4279,27,1538.64,324740,122355,0.0072730795772469,0.0063098854872633,137.82111111111112,0.4134828561984536,-2182.53,-1.4184799563250663
TikTok,2024-01-13,322.56,83532,694,4,70.36,44796,18711,0.0083081932672508,0.0057636887608069,80.64,0.2181299603174603,-252.2,-3.5844229675952244
TikTok,2024-01-14,1083.62,300685,1944,0,0.0,153837,48558,0.0064652377072351,0.0,,0.0,-1083.62,
TikTok,2024-01-15,3007.05,632169,5469,30,1965.92,312333,47884,0.0086511676466261,0.0054854635216675,100.235,0.6537703064465173,-1041.13,-0.5295891999674454
TikTok,2024-01-16,1518.33,267000,2245,3,22.5,144213,58848,0.0084082397003745,0.0013363028953229,506.11,0.0148189128845507,-1495.83,-66.48133333333332
TikTok,2024-01-17,1557.91,237631,2526,28,2310.48,135630,50384,0.0106299262301635,0.0110847189231987,55.63964285714286,1.483063848360945,752.5699999999999,0.3257201966690903
TikTok,2024-01-18,564.88,148076,1426,6,37.41,101905,33658,0.0096301899024825,0.0042075736325385,94.14666666666666,0.0662264551763206,-527.47,-14.099705960973004
TikTok,2024-01-19,1123.6,292812,3094,66,1882.51,133639,52391,0.0105665068371514,0.0213316095669036,17.024242424242424,1.675427198291207,758.9100000000001,0.4031373007314702
TikTok,2024-01-20,1748.51,233391,2170,23,1763.0400000000002,110990,26967,0.0092977021393284,0.0105990783410138,76.02217391304347,1.0083099324567777,14.5300000000002,0.0082414465922498
TikTok,2024-01-21,2320.99,489982,4464,24,197.04,247621,95474,0.0091105387544848,0.0053763440860215,96.70791666666666,0.0848948078190772,-2123.95,-10.779283394234673
TikTok,2024-01-22,1434.77,232177,2430,44,3110.91,107927,22709,0.0104661529781158,0.0181069958847736,32.60840909090909,2.168229054134112,1676.14,0.538794114905285
TikTok,2024-01-23,1483.35,345766,2318,2,0.0,130788,93943,0.0067039558545374,0.0008628127696289,741.6750000000001,0.0,-1483.35,
TikTok,2024-01-24,2254.66,606047,4998,6,121.57,275621,81459,0.0082468851425714,0.0012004801920768,375.7766666666666,0.0539194379640389,-2133.09,-17.546187381755367
TikTok,2024-01-25,1293.46,289810,2586,19,325.08000000000004,133163,65029,0.0089230875401124,0.0073472544470224,68.07684210526315,0.2513259010715445,-968.38,-2.978897502153316
TikTok,2024-01-26,1777.66,380010,3713,38,932.82,194229,26379,0.0097707955053814,0.0102343118771882,46.78052631578947,0.5247460144234556,-844.8399999999999,-0.9056838403979331
TikTok,2024-01-27,409.2000000000001,64003,550,2,148.38,29225,4078,0.0085933471868506,0.0036363636363636,204.6,0.3626099706744867,-260.82000000000005,-1.7577840679336842
TikTok,2024-01-28,1034.05,181856,1467,4,40.69,99619,31239,0.0080668221010029,0.0027266530334014,258.5125,0.0393501281369372,-993.36,-24.41287785696732
TikTok,2024-01-29,2563.31,482304,3788,15,526.21,236174,89951,0.0078539676220806,0.0039598732840549,170.88733333333332,0.2052853537028295,-2037.1,-3.871268124893103
TikTok,2024-01-30,2077.58,354064,2855,4,198.7,161949,76806,0.0080635139409824,0.001401050788091,519.395,0.0956401197547146,-1878.88,-9.455863110216407
TikTok,2024-01-31,552.41,85047,817,1,0.0,44605,20197,0.0096064529025127,0.0012239902080783,552.41,0.0,-552.41,
TikTok,2024-02-01,248.64,47791,369,0,0.0,25530,2287,0.0077211190391496,0.0,,0.0,-248.64,
TikTok,2024-02-02,171.64,34558,360,2,181.17,17148,845,0.0104172695179119,0.0055555555555555,85.82,1.0555231880680491,9.53,0.052602528012364
TikTok,2024-02-03,1046.58,184855,1700,11,263.37,102560,40392,0.0091963971761651,0.0064705882352941,95.14363636363636,0.2516482256492576,-783.2099999999999,-2.973801116300262
TikTok,2024-02-04,3273.68,938111,6230,33,2002.61,566513,6244,0.0066410051688979,0.0052969502407704,99.20242424242424,0.6117305295569513,-1271.0699999999997,-0.6347067077463908
TikTok,2024-02-05,2359.15,427967,3595,25,758.8299999999999,198101,85936,0.0084001803877401,0.0069541029207232,94.366,0.3216539855456414,-1600.3200000000002,-2.1089308540779887
TikTok,2024-02-06,383.5,50808,382,3,32.12,25901,2440,0.0075185010234608,0.0078534031413612,127.83333333333331,0.0837548891786179,-351.38,-10.939601494396015
TikTok,2024-02-07,151.09,30983,345,2,149.01,16660,5946,0.0111351386244069,0.0057971014492753,75.545,0.986233370838573,-2.0800000000000125,-0.0139587947117643
TikTok,2024-02-08,2860.4700000000003,415555,4161,33,1316.17,241881,85516,0.0100131149907954,0.0079307858687815,86.6809090909091,0.4601236859676906,-1544.3000000000002,-1.173328673347668
TikTok,2024-02-09,1068.0,216584,1345,0,0.0,138654,47910,0.0062100616850736,0.0,,0.0,-1068.0,
TikTok,2024-02-10,1493.56,257465,2283,21,1180.73,120316,40698,0.0088672246713145,0.0091984231274638,71.12190476190476,0.7905474169099334,-312.8299999999999,-0.2649462620582181
TikTok,2024-02-11,3245.66,536229,4426,31,1904.27,228967,59996,0.0082539362846843,0.0070040668775417,104.69870967741934,0.5867127179063735,-1341.39,-0.7044116643123086
TikTok,2024-02-12,1154.48,299608,3290,3,35.74,152698,7123,0.0109810151931857,0.0009118541033434,384.82666666666665,0.0309576605917815,-1118.74,-31.30218242865137
TikTok,2024-02-13,45.11,7310,67,0,0.0,2978,1540,0.0091655266757865,0.0,,0.0,-45.11,
TikTok,2024-02-14,1483.09,349912,3307,9,263.08,218115,76816,0.0094509476668419,0.0027214998488055,164.78777777777776,0.1773864027132541,-1220.01,-4.637410673559374
TikTok,2024-02-15,2595.34,587190,5639,20,671.15,266547,76105,0.0096033651799247,0.0035467281432878,129.767,0.2585981027533964,-1924.19,-2.8670043954406617
TikTok,2024-02-16,359.39,60620,695,16,655.48,30679,16621,0.0114648630814912,0.0230215827338129,22.461875,1.8238682211525088,296.09000000000003,0.4517147739061452
TikTok,2024-02-17,2367.43,366069,3408,22,685.55,211156,81902,0.0093097202986322,0.0064553990610328,107.61045454545454,0.2895756157521025,-1681.88,-2.453329443512508
TikTok,2024-02-18,718.4,132058,1082,4,170.35,69671,17230,0.008193369580033,0.0036968576709796,179.6,0.2371241648106904,-548.05,-3.2171998825946577
TikTok,2024-02-20,2388.68,447353,4082,44,615.11,201882,86138,0.009124785124946,0.0107790298873101,54.28818181818181,0.2575104241673225,-1773.5699999999997,-2.8833379395555263
TikTok,2024-02-21,433.0,93008,783,5,289.5,53547,14473,0.0084186306554274,0.0063856960408684,86.6,0.6685912240184757,-143.5,-0.4956822107081174
TikTok,2024-02-22,3145.87,729830,6826,52,1884.66,400742,62274,0.0093528629954921,0.007617931438617,60.4975,0.5990902357694373,-1261.21,-0.6691976271582143
TikTok,2024-02-23,783.0699999999999,183592,1624,15,932.96,93279,6224,0.0088457013377489,0.0092364532019704,52.20466666666666,1.1914132836144915,149.8900000000001,0.1606606928485681
TikTok,2024-02-24,2872.91,410817,3513,5,108.04,219042,40436,0.0085512527475737,0.0014232849416453,574.582,0.0376064687024654,-2764.87,-25.591169937060343
TikTok,2024-02-25,2479.4,475521,3206,14,503.28,185478,67004,0.006742078688428,0.0043668122270742,177.1,0.2029845930467048,-1976.12,-3.926482276267684
TikTok,2024-02-26,1838.2,280264,2515,20,528.08,162202,34501,0.0089736819570119,0.0079522862823061,91.91,0.2872810357958873,-1310.12,-2.480911983032873
TikTok,2024-02-27,1445.42,154250,1999,35,2845.12,67690,18613,0.0129594813614262,0.0175087543771885,41.297714285714285,1.9683690553610715,1399.6999999999998,0.4919651895174896
TikTok,2024-02-28,1199.22,291731,3101,71,2577.05,124904,46785,0.0106296554017228,0.0228958400515962,16.89042253521127,2.1489384766765065,1377.8300000000002,0.5346539648047186
TikTok,2024-02-29,1467.17,209752,1985,1,0.0,90986,31692,0.0094635569625081,0.0005037783375314,1467.17,0.0,-1467.17,
TikTok,2024-03-01,1761.69,454317,3465,3,0.0,233833,70632,0.0076268332463896,0.0008658008658008,587.23,0.0,-1761.69,
TikTok,2024-03-02,983.21,237391,2081,8,198.54,136682,43572,0.0087661284547434,0.0038443056222969,122.90125,0.2019304116109478,-784.6700000000001,-3.952201067794903
TikTok,2024-03-03,2271.1800000000003,399209,3791,6,250.72,187806,84505,0.0094962788915079,0.0015826958586125,378.53,0.110391954842857,-2020.4600000000005,-8.058631142310148
TikTok,2024-03-04,1814.44,397711,3580,14,995.93,211669,98439,0.0090015111475418,0.0039106145251396,129.60285714285715,0.5488911179206807,-818.5100000000001,-0.8218549496450556
TikTok,2024-03-05,1754.27,240938,3156,21,163.36,104046,31133,0.0130988055018303,0.0066539923954372,83.53666666666666,0.0931213553215867,-1590.91,-9.738675318315376
TikTok,2024-03-06,2250.12,418890,3993,18,1255.38,255367,68153,0.0095323354579961,0.0045078888054094,125.00666666666666,0.5579169110980747,-994.74,-0.7923815896381973
TikTok,2024-03-07,3091.15,635354,5995,18,1198.36,321724,108147,0.0094356846734261,0.0030025020850708,171.73055555555555,0.3876744900765087,-1892.79,-1.5794836276244204
TikTok,2024-03-08,1872.66,254321,2524,49,1025.8000000000002,110713,20105,0.0099244655376473,0.0194136291600633,38.21755102040816,0.5477769589781382,-846.8599999999997,-0.8255605381165915
TikTok,2024-03-09,1705.53,411678,2878,1,47.05,186402,105599,0.0069909006553665,0.0003474635163307,1705.53,0.0275867325699342,-1658.48,-35.24930924548353
TikTok,2024-03-10,1103.47,169810,1609,3,145.1,97841,21591,0.0094752959189682,0.0018645121193287,367.8233333333333,0.1314942862062403,-958.37,-6.604893177119228
TikTok,2024-03-11,620.46,167773,1795,2,0.0,80508,10638,0.0106989801696339,0.0011142061281337,310.23,0.0,-620.46,
TikTok,2024-03-12,902.6,108479,809,1,0.0,61854,12760,0.0074576646171148,0.0012360939431396,902.6,0.0,-902.6,
TikTok,2024-03-13,109.91,26624,238,2,97.77,10449,5997,0.0089393028846153,0.0084033613445378,54.955,0.8895459921754164,-12.139999999999986,-0.1241689679860896
TikTok,2024-03-14,2376.33,468748,5001,55,646.7,206460,72356,0.0106688455204075,0.010997800439912,43.206,0.2721423371333106,-1729.63,-2.674547703726612
TikTok,2024-03-15,933.42,168957,1455,4,313.48,87705,33363,0.0086116585876879,0.0027491408934707,233.355,0.3358402434059694,-619.94,-1.977606226872528
TikTok,2024-03-16,1388.38,309932,2708,3,0.0,140400,61715,0.0087374004620368,0.0011078286558345,462.79333333333335,0.0,-1388.38,
TikTok,2024-03-17,2390.8,506091,5088,44,2611.29,223204,64208,0.0100535279228439,0.0086477987421383,54.33636363636364,1.0922243600468462,220.48999999999972,0.0844371938773555
TikTok,2024-03-18,3518.69,492965,5774,61,873.59,257889,32711,0.0117127990830992,0.0105645999307239,57.68344262295082,0.2482713737214702,-2645.1,-3.027850593527856
TikTok,2024-03-19,284.96000000000004,47517,495,3,141.37,32751,3300,0.0104173243260306,0.006060606060606,94.98666666666668,0.4961047164514317,-143.59000000000003,-1.0157034731555494
TikTok,2024-03-20,113.28,28961,284,4,41.23,13037,2621,0.0098062912192258,0.0140845070422535,28.32,0.3639653954802259,-72.05000000000001,-1.7475139461557123
TikTok,2024-03-21,1985.82,416391,4764,39,1204.14,188731,5734,0.0114411694777264,0.0081863979848866,50.918461538461536,0.6063691573254374,-781.6799999999998,-0.6491603966316207
TikTok,2024-03-22,177.58,41998,374,0,0.0,22842,6164,0.0089051859612362,0.0,,0.0,-177.58,
TikTok,2024-03-23,2549.52,487109,5052,84,1984.69,212617,102287,0.0103713953139851,0.0166270783847981,30.35142857142857,0.7784563368790989,-564.8299999999999,-0.2845935637303558
TikTok,2024-03-24,2884.28,477614,3630,17,556.5600000000001,264900,35452,0.0076002797237936,0.0046831955922865,169.6635294117647,0.192963235192145,-2327.72,-4.182334339514157
TikTok,2024-03-25,1344.28,200376,2090,6,24.83,117917,39440,0.0104303908651734,0.0028708133971291,224.04666666666665,0.0184708542863093,-1319.45,-53.139347563431336
TikTok,2024-03-26,2320.08,415140,3393,19,917.53,214867,68251,0.0081731464084405,0.0055997642204538,122.10947368421051,0.3954734319506224,-1402.55,-1.528614868178697
TikTok,2024-03-27,4124.69,831835,8066,8,235.96,475664,102536,0.0096966345489189,0.0009918175055789,515.58625,0.0572067234143656,-3888.73,-16.480462790303438
TikTok,2024-03-28,973.47,141219,1132,3,237.3,83200,29073,0.0080159185378738,0.0026501766784452,324.49,0.2437671422848162,-736.1700000000001,-3.1022756005056893
TikTok,2024-03-29,964.5,194321,1591,6,520.38,97232,30879,0.0081874835967291,0.0037712130735386,160.75,0.5395334370139969,-444.12,-0.8534532457050616
TikTok,2024-03-30,1276.28,279654,2904,7,218.42,136849,12338,0.0103842605505374,0.0024104683195592,182.32571428571427,0.1711379947973798,-1057.86,-4.84323779873638
TikTok,2024-03-31,4141.43,790666,6466,33,365.53,344645,159868,0.0081779158329813,0.0051036189297865,125.4978787878788,0.0882617839731686,-3775.900000000001,-10.329931879736275
TikTok,2024-04-01,688.25,118825,1197,8,152.28,71156,23657,0.0100736377025036,0.0066833751044277,86.03125,0.221256810751907,-535.97,-3.519634883110061
TikTok,2024-04-02,1771.24,446593,4203,4,16.68,200892,98716,0.0094112536470567,0.0009517011658339,442.81,0.0094171315010952,-1754.56,-105.189448441247
TikTok,2024-04-03,1316.75,381817,3618,43,2877.09,149145,90609,0.0094757436153969,0.0118850193477059,30.62209302325581,2.1849933548509584,1560.3399999999997,0.54233270422545
TikTok,2024-04-04,1814.42,323975,2862,1,56.4,160164,81024,0.0088340149702909,0.0003494060097833,1814.42,0.0310843134445167,-1758.0199999999998,-31.17056737588652
TikTok,2024-04-05,988.08,296295,3385,2,0.0,182234,2747,0.0114244249818592,0.0005908419497784,494.04,0.0,-988.08,
TikTok,2024-04-06,791.3,105634,942,13,348.74,41298,21125,0.0089175833538444,0.0138004246284501,60.86923076923077,0.440717806141792,-442.56,-1.2690256351436595
TikTok,2024-04-07,1603.11,335664,2638,3,8.32,151612,90346,0.0078590495257161,0.0011372251705837,534.37,0.0051899121083394,-1594.7900000000002,-191.68149038461544
TikTok,2024-04-08,1982.19,260747,1844,0,0.0,160281,53878,0.0070719893229835,0.0,,0.0,-1982.19,
TikTok,2024-04-09,1243.33,214526,2541,34,2460.58,108685,21418,0.011844718122745,0.0133805588351042,36.5685294117647,1.9790240724505963,1217.25,0.4947004364824554
TikTok,2024-04-10,598.5999999999999,137438,1318,20,560.3199999999999,64379,33871,0.0095897786638338,0.015174506828528,29.93,0.936050785165386,-38.27999999999997,-0.0683181039406053
TikTok,2024-04-11,557.68,72180,750,2,127.23,34121,10822,0.0103906899418121,0.0026666666666666,278.84,0.2281415865729451,-430.44999999999993,-3.3832429458461046
TikTok,2024-04-12,478.39,101866,997,12,245.0,46473,15940,0.0097873677183751,0.0120361083249749,39.865833333333335,0.5121344509709651,-233.39,-0.9526122448979591
TikTok,2024-04-13,2687.33,419802,3386,21,985.29,185248,33969,0.0080657071667119,0.0062020082693443,127.96809523809524,0.366642727167858,-1702.04,-1.7274508012869307
TikTok,2024-04-14,3485.01,646195,4482,11,593.9200000000001,351720,121949,0.0069359868151254,0.002454261490406,316.8190909090909,0.1704213187336622,-2891.09,-4.867810479525861
TikTok,2024-04-15,1038.0,268371,1938,1,0.0,130887,9073,0.0072213465687425,0.000515995872033,1038.0,0.0,-1038.0,
TikTok,2024-04-16,1065.19,171720,1773,24,355.64,71835,33512,0.0103249475890985,0.0135363790186125,44.38291666666667,0.3338747077986086,-709.5500000000001,-1.9951355303115512
TikTok,2024-04-17,427.71,100555,930,1,0.0,53653,18218,0.009248669882154,0.0010752688172043,427.71,0.0,-427.71,
TikTok,2024-04-18,2239.03,567786,5023,14,484.52,309950,41736,0.0088466429253275,0.0027871789767071,159.93071428571426,0.2163972791789301,-1754.5099999999998,-3.6211301907042017
TikTok,2024-04-19,468.56,119080,1266,1,0.0,66269,5968,0.0106315082297615,0.0007898894154818,468.56,0.0,-468.56,
TikTok,2024-04-20,1687.01,380754,3336,8,308.35,218726,49268,0.0087615625837154,0.0023980815347721,210.87625,0.1827789995317159,-1378.66,-4.471088049294632
TikTok,2024-04-21,1050.32,213589,1597,0,0.0,97980,43029,0.0074769768106035,0.0,,0.0,-1050.32,
TikTok,2024-04-22,3665.53,635515,5817,28,1627.6,288793,106748,0.0091532064546076,0.0048134777376654,130.9117857142857,0.4440285579438716,-2037.9300000000003,-1.2521073973949377
TikTok,2024-04-23,1061.3,142493,1428,10,256.84,71502,16262,0.0100215449179959,0.0070028011204481,106.13,0.2420050880995006,-804.46,-3.1321445257748017
TikTok,2024-04-24,3305.68,525492,5016,27,391.48,264884,85734,0.009545340366742,0.0053827751196172,122.43259259259258,0.1184264659616175,-2914.2,-7.444058444875856
TikTok,2024-04-25,1962.8,287988,2320,4,46.29,129872,60313,0.0080558912176896,0.0017241379310344,490.7,0.0235836560016303,-1916.51,-41.40224670555195
TikTok,2024-04-26,239.69,35152,348,3,304.57,16969,7611,0.0098998634501593,0.0086206896551724,79.89666666666666,1.2706829654971004,64.88,0.2130216370620875
TikTok,2024-04-27,3338.52,615950,6384,38,1102.19,335589,107361,0.0103644776361717,0.0059523809523809,87.85578947368421,0.3301432970298216,-2236.33,-2.0289877425852167
TikTok,2024-04-28,280.18,65485,695,7,386.14,25009,11404,0.0106131175078262,0.0100719424460431,40.02571428571429,1.378185452209294,105.95999999999998,0.2744082457139897
TikTok,2024-04-29,1887.8,404718,4389,76,2339.15,209560,57806,0.0108445880835544,0.0173160173160173,24.839473684210525,1.2390878271003285,451.35000000000014,0.1929547057691897
TikTok,2024-04-30,321.41,71932,829,6,276.67,35308,14843,0.0115247733970972,0.0072376357056694,53.56833333333333,0.860800846271118,-44.73999999999995,-0.1617088950735531
TikTok,2024-05-01,2390.39,410949,3726,22,585.07,213591,46267,0.009066818510326,0.0059044551798174,108.6540909090909,0.2447592233903254,-1805.32,-3.085647871194899
TikTok,2024-05-02,3558.58,580550,5066,1,0.0,297866,102183,0.0087262079062957,0.0001973943939992,3558.58,0.0,-3558.58,
TikTok,2024-05-03,2149.62,406375,3719,9,120.21,206365,60831,0.009151645647493,0.0024200053777897,238.84666666666664,0.0559215117090462,-2029.41,-16.8822061392563
TikTok,2024-05-04,2337.62,616240,6472,62,5094.74,323508,154479,0.0105024016616902,0.0095797280593325,37.70354838709677,2.179456027925839,2757.12,0.5411699124979881
TikTok,2024-05-05,1854.62,369062,3892,12,236.35,192585,68496,0.0105456535758219,0.0030832476875642,154.55166666666665,0.1274385049228413,-1618.27,-6.846921937804104
TikTok,2024-05-06,4492.49,644433,5551,28,933.33,364424,88374,0.0086137736583942,0.0050441361916771,160.44607142857143,0.2077533839808213,-3559.16,-3.813399333569048
TikTok,2024-05-07,3049.4500000000003,574258,5874,115,4056.97,237216,122608,0.0102288518401136,0.0195778004766768,26.51695652173913,1.3303940054763974,1007.52,0.248342975176055
TikTok,2024-05-08,1243.02,179248,1773,3,0.0,110426,33635,0.0098913237525662,0.0016920473773265,414.34,0.0,-1243.02,
TikTok,2024-05-09,3491.83,720333,7656,13,153.54,349971,129217,0.0106284176901516,0.0016980146290491,268.6023076923077,0.043971212802456,-3338.29,-21.74215188224567
TikTok,2024-05-10,793.93,193540,1888,4,41.67,119498,2530,0.0097550893872067,0.0021186440677966,198.4825,0.0524857355182446,-752.26,-18.05279577633789
TikTok,2024-05-11,2869.1,470325,3649,2,15.16,228386,0,0.0077584648912985,0.0005480953685941,1434.55,0.0052838869331846,-2853.94,-188.25461741424803
TikTok,2024-05-12,1493.74,296816,2659,8,250.03,151309,39037,0.0089584119454476,0.0030086498683715,186.7175,0.1673852209889271,-1243.71,-4.974243090829101
TikTok,2024-05-13,3506.08,578230,5948,52,2684.42,307920,74633,0.0102865641699669,0.0087424344317417,67.42461538461538,0.7656471044585407,-821.6599999999999,-0.3060847408378718
TikTok,2024-05-14,1164.78,156187,1892,17,1488.5200000000002,58238,23984,0.0121136842374845,0.0089852008456659,68.5164705882353,1.2779408987104863,323.74000000000024,0.2174911993120684
TikTok,2024-05-15,1595.4,360397,2923,2,0.0,160318,87705,0.0081105003648754,0.0006842285323297,797.7,0.0,-1595.4,
TikTok,2024-05-16,998.3,146240,1338,6,208.97,71674,29846,0.0091493435448577,0.0044843049327354,166.38333333333333,0.2093258539517179,-789.3299999999999,-3.77724075226109
TikTok,2024-05-17,1741.67,335676,3532,39,1509.89,129125,72981,0.0105220510253935,0.0110419026047565,44.65820512820513,0.8669208288596576,-231.7800000000002,-0.153507871434343
TikTok,2024-05-18,1350.91,386141,3317,9,82.71,178023,95433,0.0085901264046035,0.0027132951462164,150.1011111111111,0.0612253962144036,-1268.1999999999998,-15.333091524604038
TikTok,2024-05-19,1680.19,284743,2293,2,0.0,226692,48557,0.0080528757511159,0.0008722197993894,840.095,0.0,-1680.19,
TikTok,2024-05-20,632.78,148582,850,0,0.0,80925,4852,0.0057207467930166,0.0,,0.0,-632.78,
TikTok,2024-05-21,479.62,139911,1354,14,144.66,67255,25178,0.009677580747761,0.0103397341211226,34.25857142857143,0.3016137775739126,-334.96000000000004,-2.3154984100649805
TikTok,2024-05-22,3489.54,601853,6580,104,6359.36,306626,119119,0.0109329022203096,0.01580547112462,33.55326923076923,1.822406391673401,2869.82,0.4512749710662708
TikTok,2024-05-23,1898.44,373823,3497,9,93.0,208668,35075,0.0093546946014557,0.0025736345438947,210.9377777777778,0.0489875898105813,-1805.44,-19.41333333333333
TikTok,2024-05-25,1917.68,298519,3226,22,1364.83,164023,55121,0.0108066823217282,0.0068195908245505,87.16727272727272,0.7117089399691294,-552.8499999999999,-0.4050687631426624
TikTok,2024-05-26,2899.33,426999,3816,25,533.03,197229,61545,0.0089367890791313,0.0065513626834381,115.9732,0.1838459230235951,-2366.3,-4.439337373130969
TikTok,2024-05-27,2203.81,424438,4703,10,133.82,212865,56167,0.011080534730632,0.0021263023601956,220.381,0.0607221130678234,-2069.99,-15.468465102376326
TikTok,2024-05-28,1120.85,329376,2864,29,1423.63,161270,64718,0.0086952297678033,0.0101256983240223,38.650000000000006,1.2701342730963108,302.78,0.2126816658822868
TikTok,2024-05-29,3073.66,515463,6172,88,1612.06,262668,63922,0.0119737013131883,0.0142579390797148,34.92795454545455,0.5244757064867291,-1461.6,-0.9066660049874072
TikTok,2024-05-30,1877.78,568265,3448,2,37.61,315419,137541,0.0060675917045744,0.0005800464037122,938.89,0.0200289703799167,-1840.17,-48.92767880882744
TikTok,2024-05-31,1841.06,322529,3387,13,376.08,159379,57530,0.0105013812711415,0.0038382049010924,141.62,0.2042736249769154,-1464.98,-3.895394596894278
TikTok,2024-06-01,649.97,182946,1437,1,0.0,96342,39488,0.0078547768193893,0.0006958942240779,649.97,0.0,-649.97,
TikTok,2024-06-02,1363.5300000000002,177183,1653,12,287.58000000000004,90722,43367,0.0093293374646551,0.0072595281306715,113.6275,0.210908450859167,-1075.9500000000005,-3.741393699144586
TikTok,2024-06-03,2137.52,469104,4145,34,509.15,240476,55773,0.0088359937242061,0.0082026537997587,62.868235294117646,0.2381966016692241,-1628.37,-3.198212707453598
TikTok,2024-06-04,3668.21,599393,6038,49,1616.65,314918,73677,0.0100735243821666,0.0081152699569393,74.86142857142858,0.4407190428028929,-2051.5600000000004,-1.269019268239879
TikTok,2024-06-05,1088.2199999999998,214523,2520,42,1091.59,101096,28531,0.0117469921640103,0.0166666666666666,25.91,1.0030968002793557,3.3700000000003456,0.0030872397145451
TikTok,2024-06-06,736.43,163075,1453,12,531.21,82863,7451,0.0089100107312586,0.0082587749483826,61.369166666666665,0.7213312874271826,-205.2199999999999,-0.3863255586302966
TikTok,2024-06-07,2836.5,353973,2315,9,197.5,189872,59924,0.0065400468397307,0.0038876889848812,315.1666666666667,0.0696280627533932,-2639.0,-13.362025316455696
TikTok,2024-06-08,1010.75,209439,1805,16,739.72,88118,24799,0.0086182611643485,0.0088642659279778,63.171875,0.7318525847143211,-271.03,-0.3663953928513491
TikTok,2024-06-09,3041.94,663551,4459,15,891.57,319080,118939,0.0067199054782526,0.0033639829558196,202.796,0.293092565928322,-2150.37,-2.411891382617181
TikTok,2024-06-10,190.83,24133,171,0,0.0,12356,3020,0.0070857332283595,0.0,,0.0,-190.83,
TikTok,2024-06-11,1218.32,209203,1603,3,23.95,90852,51516,0.0076624140189194,0.0018714909544603,406.1066666666666,0.0196582178737934,-1194.37,-49.86931106471816
TikTok,2024-06-12,655.97,115562,878,3,139.14,54592,18939,0.0075976532078018,0.0034168564920273,218.65666666666667,0.2121133588426299,-516.83,-3.71446025585741
TikTok,2024-06-13,2161.19,456118,3472,3,0.0,232167,29627,0.0076120652988919,0.0008640552995391,720.3966666666666,0.0,-2161.19,
TikTok,2024-06-14,458.39,99364,755,3,40.6,51724,16071,0.007598325349221,0.0039735099337748,152.79666666666665,0.0885708676018237,-417.79,-10.290394088669949
TikTok,2024-06-15,811.4,193229,1645,14,719.7,105034,0,0.0085132148901044,0.0085106382978723,57.957142857142856,0.8869854572344097,-91.69999999999992,-0.1274142003612615
TikTok,2024-06-16,1594.5,283499,1885,3,175.2,117811,42773,0.0066490534358145,0.0015915119363395,531.5,0.1098777046095954,-1419.3,-8.101027397260275
TikTok,2024-06-17,849.75,163869,1387,9,659.9,62636,8540,0.0084640780135352,0.0064888248017303,94.41666666666669,0.7765813474551339,-189.85,-0.2876951053189878
TikTok,2024-06-18,1308.51,312942,2773,16,689.29,138147,72248,0.0088610669069667,0.0057699242697439,81.781875,0.5267747285079977,-619.22,-0.8983446735046208
TikTok,2024-06-19,1078.63,216370,1923,11,430.03,113338,40123,0.0088875537274113,0.0057202288091523,98.05727272727272,0.3986816609958928,-648.6000000000001,-1.5082668651024351
TikTok,2024-06-20,1998.55,552220,3812,7,108.36,264069,80606,0.0069030458875086,0.0018363064008394,285.50714285714287,0.0542193089990242,-1890.1900000000005,-17.443613879660393
TikTok,2024-06-21,1553.6,372252,3226,33,550.43,166260,87205,0.0086661723778515,0.0102293862368257,47.07878787878788,0.354293254376931,-1003.17,-1.82252057482332
TikTok,2024-06-22,2550.81,398681,3325,6,127.27,169958,35596,0.0083400011538046,0.0018045112781954,425.135,0.0498939552534293,-2423.54,-19.042508053744008
TikTok,2024-06-23,1499.5700000000002,171480,1756,22,663.53,106021,38298,0.0102402612549568,0.0125284738041002,68.16227272727274,0.4424801776509265,-836.0400000000002,-1.259988244691273
TikTok,2024-06-24,1078.17,217601,2250,26,489.59,88995,2086,0.0103400260109098,0.0115555555555555,41.46807692307693,0.4540935102998599,-588.5800000000002,-1.2021895872056214
TikTok,2024-06-25,2958.9,613179,5658,31,1434.98,267305,116350,0.0092273218750152,0.0054789678331565,95.4483870967742,0.4849707661631011,-1523.92,-1.0619799579088212
TikTok,2024-06-26,340.29,86832,682,3,162.46,55426,14193,0.0078542472821079,0.0043988269794721,113.43,0.4774163213729467,-177.82999999999996,-1.0946079034839342
TikTok,2024-06-27,410.84,98976,873,3,118.89,42797,19575,0.0088203200775945,0.0034364261168384,136.9466666666667,0.2893827280693213,-291.95000000000005,-2.4556312557826567
TikTok,2024-06-28,1567.71,235361,1630,1,0.0,135592,48903,0.0069255314176945,0.0006134969325153,1567.71,0.0,-1567.71,
TikTok,2024-06-29,2028.84,377032,3274,31,1045.69,162027,25006,0.0086836130620212,0.0094685400122174,65.44645161290322,0.515412748171369,-983.15,-0.9401926001013684
TikTok,2024-06-30,2833.4300000000003,719375,5691,25,831.99,425392,173819,0.0079110338835794,0.0043929010718678,113.3372,0.2936335113272605,-2001.4400000000005,-2.405605836608613
TikTok,2024-07-01,1839.54,256908,1967,11,316.77,131281,33598,0.0076564373238669,0.005592272496187,167.23090909090908,0.1722006588603672,-1522.77,-4.807178710105124
TikTok,2024-07-02,3767.79,722365,6845,59,1005.57,367618,51944,0.0094758190111647,0.0086194302410518,63.86084745762712,0.26688589332208,-2762.2200000000003,-2.746919657507682
TikTok,2024-07-03,1842.59,245917,1906,2,75.43,137643,41462,0.0077505825136123,0.0010493179433368,921.295,0.0409369420218279,-1767.16,-23.427813867161603
TikTok,2024-07-04,623.86,136077,1499,14,888.46,57527,28070,0.0110158219243516,0.0093395597064709,44.56142857142857,1.4241336197223735,264.6,0.2978186975215541
TikTok,2024-07-05,2452.42,406658,3751,21,1184.48,206929,54756,0.0092239670681506,0.0055985070647827,116.78190476190476,0.4829841544270557,-1267.94,-1.0704612994731866
TikTok,2024-07-06,4085.59,617881,5161,35,1147.81,306633,94257,0.0083527410617902,0.00678163146677,116.73114285714286,0.2809410635917945,-2937.78,-2.559465416750159
TikTok,2024-07-07,314.41,88838,757,5,244.47,48798,18238,0.008521128345978,0.0066050198150594,62.88199999999999,0.7775516045927293,-69.93999999999997,-0.2860882725896836
TikTok,2024-07-08,2648.67,492743,3791,3,0.0,269775,79906,0.0076936658663847,0.0007913479293062,882.89,0.0,-2648.67,
TikTok,2024-07-09,2004.86,386240,2938,18,500.8,194385,50382,0.0076066694283347,0.0061266167460857,111.38111111111112,0.2497930030027034,-1504.0600000000002,-3.0033146964856234
TikTok,2024-07-10,1577.64,330628,2946,8,487.92,154226,21694,0.0089103161256759,0.0027155465037338,197.205,0.3092720772799878,-1089.72,-2.233398917855386
TikTok,2024-07-11,909.24,197894,1289,0,0.0,117458,35556,0.0065135880825088,0.0,,0.0,-909.24,
TikTok,2024-07-12,1435.48,256376,1746,16,212.02,132256,48888,0.0068103098573969,0.0091638029782359,89.7175,0.1476997241340875,-1223.46,-5.770493349683992
TikTok,2024-07-13,2178.76,499524,4015,1,0.0,188958,73669,0.008037651844556,0.0002490660024906,2178.76,0.0,-2178.76,
TikTok,2024-07-14,38.57,4032,38,0,0.0,2237,969,0.0094246031746031,0.0,,0.0,-38.57,
TikTok,2024-07-15,3183.1800000000003,597376,5246,76,2470.38,295808,62620,0.0087817388043711,0.0144872283644681,41.883947368421055,0.7760729836201534,-712.8000000000002,-0.2885386053967406
TikTok,2024-07-16,1997.93,348122,3162,32,1572.02,135074,80278,0.0090830226185073,0.0101201771030993,62.4353125,0.7868243632159284,-425.9100000000001,-0.2709316675360365
TikTok,2024-07-17,1788.49,454947,4510,64,2634.9100000000003,219345,21905,0.0099132426414505,0.014190687361419,27.94515625,1.4732595653316487,846.4200000000003,0.3212329832897519
TikTok,2024-07-18,1428.84,406447,3721,5,0.0,219429,56699,0.0091549451712031,0.0013437248051599,285.76800000000003,0.0,-1428.84,
TikTok,2024-07-19,256.27,40247,410,1,0.0,18841,5467,0.0101870946902874,0.0024390243902439,256.27,0.0,-256.27,
TikTok,2024-07-20,2115.89,492276,5409,42,1294.53,247889,59318,0.0109877385856714,0.0077648363838047,50.37833333333333,0.6118134685640558,-821.3599999999999,-0.6344851027013665
TikTok,2024-07-21,1354.18,338007,2458,5,408.14,153277,45119,0.0072720387447597,0.0020341741253051,270.836,0.3013927247485563,-946.04,-2.317930122016956
TikTok,2024-07-22,2387.03,382715,2343,2,39.12,206012,83228,0.006122049044328,0.0008536064874093,1193.515,0.0163885665450371,-2347.91,-60.01814928425358
TikTok,2024-07-23,1656.37,397464,3409,4,39.68,159623,26760,0.0085768774027333,0.0011733646230566,414.0925,0.0239560001690443,-1616.6899999999998,-40.74319556451613
TikTok,2024-07-24,2339.86,386925,3736,33,2112.31,172479,80622,0.0096556180138269,0.0088329764453961,70.90484848484849,0.9027505919157556,-227.55000000000013,-0.1077256652669353
TikTok,2024-07-25,2071.27,327059,3041,25,445.3,190101,40155,0.0092980165658184,0.0082209799408089,82.85079999999999,0.2149888715618919,-1625.97,-3.6514035481697737
TikTok,2024-07-26,3354.48,657200,4466,3,34.75,356231,108174,0.0067954960438222,0.0006717420510523,1118.16,0.0103592807230927,-3319.73,-95.53179856115108
TikTok,2024-07-27,2030.15,495567,4550,22,631.05,279194,70516,0.0091814023129062,0.0048351648351648,92.27954545454546,0.3108391005590719,-1399.1,-2.217098486649236
TikTok,2024-07-28,2015.67,350853,3341,36,589.26,164472,29428,0.0095225065768284,0.0107752170008979,55.990833333333335,0.2923395198618821,-1426.41,-2.420680175134915
TikTok,2024-07-29,1777.17,267828,2043,1,0.0,164987,43205,0.0076280299296563,0.0004894762604013,1777.17,0.0,-1777.17,
TikTok,2024-07-30,1311.7199999999998,237687,2081,24,1371.62,157668,69214,0.0087552116859567,0.0115329168668909,54.655,1.045665233433965,59.90000000000009,0.0436709875913154
TikTok,2024-07-31,2662.08,489979,5479,68,2106.24,221161,29718,0.0111821118864277,0.0124110239094725,39.14823529411765,0.7912008654886405,-555.8399999999997,-0.2639015496809478
TikTok,2024-08-01,308.1,61002,549,3,61.75,26102,7208,0.0089997049277072,0.0054644808743169,102.7,0.20042194092827,-246.35,-3.989473684210527
TikTok,2024-08-02,945.33,219396,1797,8,294.12,114990,33535,0.0081906689274189,0.0044518642181413,118.16625,0.3111294468598267,-651.21,-2.2140962872297023
TikTok,2024-08-03,411.94,54185,415,2,76.8,25849,11926,0.0076589462028236,0.0048192771084337,205.97,0.1864349177064621,-335.14,-4.363802083333334
TikTok,2024-08-04,528.9000000000001,66864,599,13,309.43,34274,18203,0.0089584828906436,0.021702838063439,40.68461538461539,0.5850444318396671,-219.47000000000008,-0.7092718870180658
TikTok,2024-08-05,1323.6,357338,3105,5,144.33,156115,53805,0.0086892521926019,0.001610305958132,264.72,0.1090435176790571,-1179.27,-8.170650592392434
TikTok,2024-08-06,778.49,173698,1431,2,0.0,114246,30818,0.0082384368271367,0.0013976240391334,389.245,0.0,-778.49,
TikTok,2024-08-07,1435.12,346812,2924,3,0.0,140794,73090,0.0084310808161193,0.0010259917920656,478.3733333333333,0.0,-1435.12,
TikTok,2024-08-08,4052.07,693666,6434,33,1203.91,364793,115853,0.009275357304524,0.0051290021759403,122.79,0.29710987223814,-2848.16,-2.3657582377420234
TikTok,2024-08-09,854.75,164324,1405,10,210.79,75826,18790,0.0085501813490421,0.0071174377224199,85.475,0.2466101199181047,-643.96,-3.054983632999668
TikTok,2024-08-10,872.74,167219,1437,2,32.15,77347,26278,0.0085935210711701,0.0013917884481558,436.37,0.0368380044457685,-840.59,-26.14587869362364
TikTok,2024-08-11,1752.86,420084,3814,29,1955.11,208800,68556,0.0090791365536416,0.007603565810173,60.44344827586207,1.1153828600116382,202.25000000000023,0.1034468648822829
TikTok,2024-08-12,1346.94,310759,2345,1,0.0,205406,95411,0.0075460405008382,0.0004264392324093,1346.94,0.0,-1346.94,
TikTok,2024-08-13,2384.14,656550,6007,20,1089.34,331655,43089,0.0091493412535222,0.0033294489761944,119.207,0.4569110874361405,-1294.8,-1.1886096168322104
TikTok,2024-08-14,1151.87,296370,2182,14,210.8,132175,80628,0.0073624185983736,0.0064161319890009,82.27642857142857,0.183006762915954,-941.07,-4.464278937381404
TikTok,2024-08-15,3469.5200000000004,641904,4034,7,321.29,313508,132836,0.0062844288242478,0.0017352503718393,495.6457142857144,0.092603587816182,-3148.2300000000005,-9.798717669395252
TikTok,2024-08-17,458.99,67547,451,2,175.78,43876,11591,0.006676832427791,0.0044345898004434,229.495,0.3829713065644131,-283.21000000000004,-1.6111616793719423
TikTok,2024-08-18,1048.39,232669,1968,40,661.96,148713,60597,0.0084583678960239,0.0203252032520325,26.209750000000003,0.6314062514903804,-386.43000000000006,-0.5837663907184725
TikTok,2024-08-19,1313.37,159968,708,0,0.0,66785,3070,0.0044258851770354,0.0,,0.0,-1313.37,
TikTok,2024-08-20,389.19,53685,459,1,0.0,32601,11572,0.0085498742665549,0.0021786492374727,389.19,0.0,-389.19,
TikTok,2024-08-21,141.78,21724,195,2,135.13,9128,4142,0.0089762474682378,0.0102564102564102,70.89,0.95309634645225,-6.650000000000006,-0.0492118700510619
TikTok,2024-08-22,354.98,92042,816,8,147.9,41375,6657,0.0088655179157341,0.0098039215686274,44.3725,0.4166431911656995,-207.08,-1.400135226504395
TikTok,2024-08-23,549.85,83247,695,11,193.71,37401,8318,0.0083486492005717,0.0158273381294964,49.98636363636364,0.3522960807492952,-356.14,-1.8385215012131533
TikTok,2024-08-24,530.96,133888,884,8,348.87,75974,0,0.006602533460803,0.0090497737556561,66.37,0.6570551453970167,-182.09000000000003,-0.521942270759882
TikTok,2024-08-25,1022.26,164932,1375,6,200.09,77883,27247,0.0083367690927169,0.0043636363636363,170.3766666666667,0.1957329837810341,-822.17,-4.109000949572692
TikTok,2024-08-26,1603.29,203020,1454,1,0.0,109870,24622,0.0071618559747808,0.0006877579092159,1603.29,0.0,-1603.29,
TikTok,2024-08-27,4044.05,678067,4965,7,24.23,329916,96052,0.007322285260896,0.001409869083585,577.7214285714286,0.0059915184035805,-4019.82,-165.9026000825423
TikTok,2024-08-28,2101.07,415662,4009,51,1199.72,207206,60200,0.0096448556760059,0.0127213769019705,41.19745098039215,0.5710042978101635,-901.3499999999996,-0.7513003034041273
TikTok,2024-08-29,3501.93,663015,5459,48,391.91,336269,96804,0.0082335995414885,0.0087928191976552,72.956875,0.1119125739235221,-3110.02,-7.935546426475466
TikTok,2024-08-30,979.39,170199,1320,10,198.48,69836,36384,0.0077556272363527,0.0075757575757575,97.939,0.202656755735713,-780.91,-3.934451833937928
TikTok,2024-08-31,4946.48,943964,7215,21,1523.64,545751,176945,0.0076432999563542,0.0029106029106029,235.54666666666665,0.3080251006776536,-3422.84,-2.246488671864745
TikTok,2024-09-01,3757.11,565310,5891,45,845.49,273941,50504,0.0104208310484512,0.0076387710066202,83.49133333333333,0.2250373292237917,-2911.62,-3.4437071993755097
TikTok,2024-09-02,2734.12,715182,4694,17,989.01,292876,144079,0.0065633642904882,0.0036216446527481,160.8305882352941,0.3617288195104823,-1745.11,-1.7645018756129869
TikTok,2024-09-03,4666.39,958464,8930,88,4024.45,470318,192173,0.0093169905181623,0.0098544232922732,53.027159090909095,0.8624332728297462,-641.9400000000005,-0.1595099951546175
TikTok,2024-09-04,2614.35,422295,4181,93,2268.1800000000003,222007,85077,0.0099006618596005,0.0222434824204735,28.111290322580643,0.867588501922084,-346.1699999999996,-0.1526201624209717
TikTok,2024-09-05,1953.56,516528,3816,2,0.0,234041,83103,0.0073877892389183,0.000524109014675,976.78,0.0,-1953.56,
TikTok,2024-09-06,1074.2,205094,2178,24,1683.1899999999998,78637,17894,0.0106195208050942,0.0110192837465564,44.75833333333333,1.566924222677341,608.9899999999998,0.3618070449563031
TikTok,2024-09-07,2689.81,568892,5422,15,452.46,310423,94138,0.0095308072533978,0.0027665068240501,179.32066666666665,0.1682126246835278,-2237.35,-4.944857003934049
TikTok,2024-09-08,1478.35,228204,2280,33,314.34,125951,53865,0.0099910606299626,0.0144736842105263,44.79848484848485,0.2126289444312916,-1164.01,-3.703028567792836
TikTok,2024-09-09,1890.42,232888,2092,9,672.55,110533,44495,0.0089828587132011,0.004302103250478,210.04666666666668,0.3557675014018048,-1217.87,-1.810824474016802
TikTok,2024-09-10,2125.6800000000003,361262,3616,44,983.51,167928,66189,0.0100093560905935,0.0121681415929203,48.3109090909091,0.4626801776372736,-1142.1700000000003,-1.161320169596649
TikTok,2024-09-11,1516.79,266800,3110,64,1107.24,132915,40706,0.0116566716641679,0.0205787781350482,23.69984375,0.7299889899063153,-409.55,-0.369883674722734
TikTok,2024-09-12,3728.2,530968,5305,4,0.0,277037,139289,0.0099911859095086,0.0007540056550424,932.05,0.0,-3728.2,
TikTok,2024-09-13,2602.9700000000003,505198,4543,21,1134.12,236253,98197,0.0089925138262621,0.0046224961479198,123.9509523809524,0.4357022939181011,-1468.8500000000004,-1.295145134553663
TikTok,2024-09-14,3060.58,579520,5218,70,1199.8200000000002,319350,91928,0.0090040033130866,0.0134151015714833,43.72257142857143,0.3920237340634782,-1860.76,-1.550865963227817
TikTok,2024-09-15,1057.01,302305,2784,5,0.0,117717,68726,0.0092092423214965,0.0017959770114942,211.402,0.0,-1057.01,
TikTok,2024-09-16,2045.63,508645,4221,4,0.0,254881,46326,0.0082985186131781,0.0009476427386875,511.4075,0.0,-2045.63,
TikTok,2024-09-17,962.94,244820,2530,2,0.0,128009,4425,0.0103341230291642,0.000790513833992,481.47,0.0,-962.94,
TikTok,2024-09-18,1722.91,406722,2658,2,0.0,250554,83696,0.0065351763612492,0.000752445447705,861.455,0.0,-1722.91,
TikTok,2024-09-19,3088.07,493480,5153,77,1814.59,230637,120357,0.0104421658425873,0.0149427517950708,40.1048051948052,0.5876129750944764,-1273.4800000000002,-0.7018004067034428
TikTok,2024-09-20,3315.08,593930,4970,12,159.57,366142,88758,0.0083679894937113,0.0024144869215291,276.25666666666666,0.0481345849873909,-3155.51,-19.77508303565833
TikTok,2024-09-21,1790.47,275366,2402,5,193.67,142651,23560,0.0087229360196974,0.0020815986677768,358.094,0.1081671293012449,-1596.8,-8.244952754685807
TikTok,2024-09-22,2453.16,468421,3364,6,314.49,328085,21849,0.0071815738406262,0.0017835909631391,408.86,0.1281979161571198,-2138.67,-6.800438805685396
TikTok,2024-09-23,198.54,47576,423,4,40.34,31136,9693,0.0088910374978981,0.0094562647754137,49.635000000000005,0.2031832376347335,-158.20000000000002,-3.9216658403569657
TikTok,2024-09-24,2278.11,528777,5210,35,1173.07,278320,47954,0.0098529247679078,0.0067178502879078,65.08885714285715,0.514931236858624,-1105.0400000000002,-0.9420068708602216
TikTok,2024-09-25,1395.66,156645,1407,11,450.26,68940,12486,0.0089820932682179,0.0078180525941719,126.8781818181818,0.322614390324291,-945.4,-2.0996757429040995
TikTok,2024-09-26,1905.9,421111,5445,93,5503.4400000000005,187977,26633,0.0129300825673041,0.0170798898071625,20.493548387096773,2.8875806705493474,3597.540000000001,0.6536893288561337
TikTok,2024-09-27,1660.85,284956,3357,18,974.13,133883,32193,0.011780766153371,0.0053619302949061,92.26944444444445,0.5865249721528134,-686.7199999999998,-0.7049572438996846
TikTok,2024-09-28,3064.51,609741,4527,5,72.98,337126,49576,0.0074244638297244,0.0011044842058758,612.902,0.0238145739449373,-2991.53,-40.99109345026034
TikTok,2024-09-29,2197.79,271911,2625,4,110.52,134968,21066,0.0096538941050564,0.0015238095238095,549.4475,0.0502868790921789,-2087.27,-18.88590300398118
TikTok,2024-09-30,718.57,130160,1220,8,334.59,73192,17105,0.0093730792870313,0.0065573770491803,89.82125,0.4656331324714363,-383.9800000000001,-1.1476134971158736
TikTok,2024-10-01,2336.06,305145,4482,53,4166.97,151097,28802,0.0146880991004276,0.0118250780901383,44.07660377358491,1.7837598349357466,1830.9100000000003,0.4393864126691577
TikTok,2024-10-02,2547.76,375727,2975,3,0.0,246763,91209,0.0079179830036169,0.0010084033613445,849.2533333333334,0.0,-2547.76,
TikTok,2024-10-03,521.52,93438,1282,29,1550.79,45424,13589,0.0137203279179776,0.0226209048361934,17.983448275862067,2.973596410492407,1029.27,0.6637068848780299
TikTok,2024-10-04,2506.74,521211,5151,14,287.09000000000003,256162,119436,0.0098827538175518,0.0027179188507086,179.05285714285714,0.1145272345755842,-2219.65,-7.7315475983141155
TikTok,2024-10-05,4701.7,860453,10209,140,3508.13,445442,204446,0.0118646805810427,0.0137133901459496,33.583571428571425,0.7461407575983156,-1193.5699999999997,-0.3402296950227043
TikTok,2024-10-06,3207.8,783341,7434,169,6015.3,341857,134702,0.009490119883933,0.0227333871401668,18.9810650887574,1.8752104245900616,2807.5,0.4667265140558243
TikTok,2024-10-07,1309.56,214699,2727,36,1900.48,97569,23294,0.0127015030344808,0.0132013201320132,36.376666666666665,1.4512355294908217,590.9200000000001,0.3109319750799798
TikTok,2024-10-08,2470.99,460281,5746,65,1789.64,209044,50725,0.0124836784485998,0.0113122171945701,38.01523076923077,0.7242603167151628,-681.3499999999999,-0.3807190272904047
TikTok,2024-10-09,1113.17,238260,3641,57,3247.33,96038,31214,0.0152816251154201,0.0156550398242241,19.52929824561404,2.9171914442537976,2134.16,0.6572045341865471
TikTok,2024-10-10,1733.48,277024,3617,11,453.55,149679,12629,0.01305663047245,0.0030411943599668,157.5890909090909,0.2616413226573136,-1279.93,-2.8220262374600376
TikTok,2024-10-11,4806.54,862828,9180,109,5950.4,411702,187173,0.0106394321927429,0.0118736383442265,44.09669724770642,1.2379799190269922,1143.8599999999997,0.192232454961011
TikTok,2024-10-12,727.9,173563,2777,9,60.93,88816,24224,0.0159999539072267,0.0032409074540871,80.87777777777778,0.083706553097953,-666.97,-10.946495978992289
TikTok,2024-10-13,1547.4,353455,3776,29,2671.12,183588,4193,0.0106831138334441,0.0076800847457627,53.358620689655176,1.726198785058808,1123.7199999999998,0.420692443619156
TikTok,2024-10-14,907.79,262524,2861,5,0.0,141125,62236,0.0108980512257926,0.0017476406850751,181.558,0.0,-907.79,
TikTok,2024-10-15,537.27,141380,1412,0,0.0,64295,31356,0.0099872683547885,0.0,,0.0,-537.27,
TikTok,2024-10-16,1147.95,189360,2210,24,1423.66,100564,23111,0.0116708914237431,0.0108597285067873,47.83125,1.2401759658521714,275.71000000000004,0.1936628127502353
TikTok,2024-10-17,88.61,14970,166,1,80.26,8104,0,0.0110888443553774,0.0060240963855421,88.61,0.9057668434713916,-8.349999999999994,-0.1040368801395464
TikTok,2024-10-18,1226.8300000000002,209315,2225,45,1744.22,99277,39033,0.0106299118553376,0.0202247191011235,27.26288888888889,1.4217291719309113,517.3899999999999,0.2966311589134397
TikTok,2024-10-19,1598.29,336440,4198,35,535.64,171117,14517,0.0124777077636428,0.0083373034778465,45.66542857142857,0.3351331735792628,-1062.65,-1.983888432529311
TikTok,2024-10-20,5694.05,1363820,14477,54,1121.99,624152,245385,0.0106150371749937,0.0037300545693168,105.44537037037036,0.1970460392866237,-4572.06,-4.074956104778118
TikTok,2024-10-21,1064.85,148625,1841,30,476.78,67180,11568,0.0123868797308662,0.0162954915806626,35.495,0.4477438136826784,-588.0699999999999,-1.233420026007802
TikTok,2024-10-22,5498.07,843374,9252,146,2802.08,400143,157340,0.0109702219892953,0.0157803718115002,37.658013698630135,0.5096479310012423,-2695.99,-0.9621388397190658
TikTok,2024-10-23,1191.5,178036,2087,9,660.18,87776,27989,0.01172234828911,0.0043124101581217,132.38888888888889,0.5540746957616449,-531.32,-0.8048108091732559
TikTok,2024-10-24,772.1899999999999,132321,1482,10,314.01,87841,19072,0.0112000362754211,0.0067476383265856,77.219,0.4066486227482873,-458.18,-1.4591255055571477
TikTok,2024-10-25,671.2,177769,2022,36,785.23,79567,28099,0.0113743116066355,0.0178041543026706,18.64444444444445,1.1698897497020262,114.02999999999996,0.1452185983724513
TikTok,2024-10-26,5865.36,1012115,12716,143,6153.75,495244,162250,0.0125637896879307,0.0112456747404844,41.016503496503496,1.049168337493351,288.3900000000003,0.0468641072516758
TikTok,2024-10-27,3039.71,696168,6774,88,5599.73,294713,130523,0.0097304099010583,0.0129908473575435,34.54215909090909,1.8421921828069123,2560.0199999999995,0.4571684706226906
TikTok,2024-10-28,963.3,178625,2276,15,507.43,113527,0,0.0127417774667599,0.0065905096660808,64.22,0.526762171701443,-455.87,-0.8983899257040379
TikTok,2024-10-29,4113.77,758258,8200,81,4508.93,405263,93311,0.0108142611090156,0.0098780487804878,50.78728395061729,1.0960578739210018,395.1599999999999,0.0876394177776101
TikTok,2024-10-30,2610.73,423907,5099,46,1693.09,212490,59252,0.0120285817408063,0.0090213767405373,56.755,0.64851210197914,-917.64,-0.5419912703990927
TikTok,2024-10-31,3886.5,698804,9004,41,1712.07,377427,56060,0.0128848718667895,0.0045535317636605,94.79268292682929,0.4405171748359706,-2174.4300000000003,-1.2700590513238363
TikTok,2024-11-01,6044.389999999999,1273366,14574,34,838.42,596945,96653,0.0114452561164661,0.0023329216412789,177.7761764705882,0.1387104405903656,-5205.969999999999,-6.209262660718971
TikTok,2024-11-02,3794.96,558608,7864,56,3335.59,254513,59479,0.0140778506573482,0.0071210579857578,67.76714285714286,0.8789526108312078,-459.3699999999999,-0.1377177650730455
TikTok,2024-11-03,2269.24,559652,6795,25,637.5,280190,63136,0.0121414736300415,0.0036791758646063,90.7696,0.2809310606194145,-1631.7399999999998,-2.559592156862745
TikTok,2024-11-04,365.55,116582,1514,27,2573.98,74123,27002,0.0129865673946235,0.0178335535006605,13.53888888888889,7.041389686773355,2208.43,0.8579825795072222
TikTok,2024-11-05,460.31,108262,1142,0,0.0,58359,26369,0.0105484842326947,0.0,,0.0,-460.31,
TikTok,2024-11-06,3085.46,608233,7758,75,4464.26,318182,24311,0.0127549804104676,0.0096674400618716,41.13946666666666,1.4468701587445634,1378.8000000000002,0.308852978993159
TikTok,2024-11-07,5075.49,1355199,14510,134,4639.01,600425,153246,0.0107069146302498,0.0092350103376981,37.87679104477612,0.9140023918872858,-436.4799999999996,-0.0940890405495999
TikTok,2024-11-08,3886.69,679747,7386,52,819.14,317368,180956,0.0108658074254097,0.0070403466016788,74.74403846153847,0.210755166992994,-3067.55,-3.7448421515247694
TikTok,2024-11-09,664.06,163140,2052,8,131.4,70521,18549,0.01257815373299,0.0038986354775828,83.0075,0.1978736861127006,-532.66,-4.0537290715372905
TikTok,2024-11-10,1044.68,228693,2664,2,0.0,93075,46837,0.011648804292217,0.0007507507507507,522.34,0.0,-1044.68,
TikTok,2024-11-11,393.88,77504,1046,22,1475.25,39021,10338,0.0134960776218001,0.0210325047801147,17.903636363636362,3.745430080227481,1081.37,0.7330079647517369
TikTok,2024-11-12,4038.45,803853,10223,120,6054.97,321499,111631,0.0127174993437854,0.0117382373080309,33.653749999999995,1.4993301885624437,2016.5200000000004,0.333035506369148
TikTok,2024-11-13,6487.4800000000005,1048361,12559,211,2544.2,516274,186961,0.0119796520473386,0.0168007006927303,30.74635071090048,0.3921707658443648,-3943.2800000000007,-1.5499095983020206
TikTok,2024-11-14,3002.12,483572,6852,66,2773.09,247037,93257,0.0141695548956515,0.009632224168126,45.486666666666665,0.9237105778583136,-229.0299999999997,-0.0825901791863948
TikTok,2024-11-15,1415.41,190096,2583,12,284.3,76896,28656,0.013587871391297,0.0046457607433217,117.95083333333332,0.2008605280448774,-1131.11,-3.978578965881111
TikTok,2024-11-16,2631.68,371461,4396,101,2353.25,213695,27142,0.0118343513854751,0.022975432211101,26.05623762376237,0.8942006626945526,-278.42999999999984,-0.1183172208647614
TikTok,2024-11-17,4595.14,777481,7800,7,89.57,383320,110770,0.0100323995055827,0.0008974358974358,656.4485714285714,0.0194923332042114,-4505.570000000001,-50.30222172602435
TikTok,2024-11-18,3132.51,416062,4297,6,0.0,230840,37905,0.0103277876854891,0.0013963230160577,522.085,0.0,-3132.51,
TikTok,2024-11-19,2325.66,342062,3888,11,79.59,226877,66311,0.0113663604843566,0.0028292181069958,211.42363636363635,0.0342225432780372,-2246.07,-28.220505088578964
TikTok,2024-11-20,1629.06,303537,3986,20,851.4,168525,26357,0.0131318422465794,0.0050175614651279,81.453,0.5226326838790468,-777.66,-0.9133897110641296
TikTok,2024-11-21,2795.78,697799,8753,109,928.17,343401,43959,0.0125437267751888,0.0124528733005826,25.64935779816513,0.3319896415311648,-1867.61,-2.01214217223138
TikTok,2024-11-22,1277.09,204817,2484,5,0.0,109360,11260,0.012127899539589,0.002012882447665,255.41800000000003,0.0,-1277.09,
TikTok,2024-11-23,574.4200000000001,58864,718,0,0.0,32450,14774,0.0121976080456645,0.0,,0.0,-574.4200000000001,
TikTok,2024-11-24,2573.53,512566,6343,32,573.95,329852,82755,0.0123749917083848,0.0050449314204635,80.4228125,0.2230205204524524,-1999.58,-3.4838923251154283
TikTok,2024-11-25,979.12,290102,3160,57,924.96,163470,43865,0.0108927204914133,0.0180379746835443,17.177543859649123,0.9446850232862162,-54.15999999999997,-0.0585538834111745
TikTok,2024-11-26,1489.92,198743,2677,25,557.55,100447,42968,0.0134696567929436,0.0093388121031004,59.5968,0.3742147229381443,-932.37,-1.6722625773473234
TikTok,2024-11-27,3786.66,711694,7522,25,1502.22,417455,180765,0.0105691491005966,0.0033235841531507,151.4664,0.3967137266086736,-2284.44,-1.5207093501617603
TikTok,2024-11-28,1460.07,238670,2652,4,74.1,121921,40302,0.0111115766539573,0.0015082956259426,365.0175,0.0507509913908237,-1385.97,-18.704048582995952
TikTok,2024-11-29,3552.5,671146,7223,12,186.57,352253,131196,0.010762188853096,0.001661359545895,296.0416666666667,0.0525179451090781,-3365.93,-18.04111057511926
TikTok,2024-11-30,5366.95,1027508,12934,128,8427.33,547611,157805,0.0125877365431704,0.0098963970929333,41.929296875,1.5702270377029786,3060.38,0.3631494198043746
TikTok,2024-12-01,2497.04,467921,5464,31,488.36,261111,16686,0.0116771848239339,0.0056734992679355,80.54967741935484,0.1955755614647743,-2008.68,-4.113113277090671
TikTok,2024-12-03,5128.81,1042872,12444,118,6311.48,609530,111299,0.0119324327434239,0.009482481517197,43.464491525423725,1.2305934515023953,1182.67,0.1873839416428476
TikTok,2024-12-04,116.43,28595,360,0,0.0,20276,4862,0.0125896135688057,0.0,,0.0,-116.43,
TikTok,2024-12-05,3820.34,729284,8354,14,121.45,412839,82167,0.0114550710011463,0.0016758439071103,272.88142857142856,0.0317903642084212,-3698.89,-30.456072457801568
TikTok,2024-12-06,3678.62,971117,12269,135,2418.25,507723,210435,0.0126339050804383,0.0110033417556443,27.24903703703704,0.6573796695499943,-1260.37,-0.5211909438643647
TikTok,2024-12-07,1654.15,312313,2961,17,287.3,188339,40685,0.0094808733546154,0.005741303613644,97.3029411764706,0.1736843696158147,-1366.85,-4.757570483814828
TikTok,2024-12-08,999.0,204081,2071,27,844.1,82597,23909,0.0101479314585875,0.0130371801062288,37.0,0.844944944944945,-154.89999999999998,-0.1835090629072384
TikTok,2024-12-09,3288.82,479210,4993,25,870.6800000000001,281808,81867,0.010419231652094,0.0050070098137392,131.55280000000002,0.2647393289994588,-2418.1400000000003,-2.7773005007580283
TikTok,2024-12-10,818.19,136549,1544,10,423.55,65147,22774,0.0113072962819207,0.0064766839378238,81.819,0.5176670455517667,-394.64,-0.9317435957974266
TikTok,2024-12-11,2319.07,359641,4000,113,2460.57,179049,80283,0.0111222024185229,0.02825,20.52274336283186,1.0610158382455035,141.49999999999957,0.0575070004104738
TikTok,2024-12-12,2060.96,240481,2219,3,0.0,99091,47004,0.0092273402056711,0.0013519603424966,686.9866666666667,0.0,-2060.96,
TikTok,2024-12-13,4461.14,633821,5917,7,88.22,301702,90033,0.0093354432876159,0.0011830319418624,637.3057142857143,0.0197752144070798,-4372.92,-49.5683518476536
TikTok,2024-12-14,2445.78,525106,5280,41,1043.22,293191,32783,0.0100551126820108,0.0077651515151515,59.65317073170732,0.4265387729068027,-1402.5600000000002,-1.344452752056134
TikTok,2024-12-15,3316.09,706602,7018,15,213.34,377267,94436,0.0099320409509172,0.0021373610715303,221.07266666666663,0.0643348039407856,-3102.75,-14.543686134808286
TikTok,2024-12-16,4872.38,1057714,11657,110,4004.97,598280,145609,0.0110209376069523,0.00943639015184,44.294363636363634,0.8219740660621708,-867.4100000000003,-0.2165833951315491
TikTok,2024-12-17,2897.13,613265,6476,94,3715.85,301541,104652,0.0105598721596699,0.0145151327980234,30.820531914893618,1.2825969148778271,818.7199999999998,0.2203318217904382
TikTok,2024-12-18,6052.6,1065782,11625,77,1847.43,548542,214613,0.0109074838944549,0.0066236559139784,78.60519480519481,0.3052291577173445,-4205.17,-2.2762269747703567
TikTok,2024-12-19,2582.61,530820,5383,35,2099.57,375728,76829,0.0101409140574959,0.0065019505851755,73.78885714285714,0.8129644042267318,-483.0400000000004,-0.2300661564034542
TikTok,2024-12-20,3880.21,831874,9099,42,998.83,432182,87024,0.0109379545460009,0.0046158918562479,92.38595238095238,0.2574164800358743,-2881.38,-2.884755163541344
TikTok,2024-12-21,4679.67,1041185,10419,111,3517.91,450050,240351,0.0100068671753818,0.0106536135905557,42.15918918918919,0.7517431784719862,-1161.7600000000002,-0.3302415354571323
TikTok,2024-12-22,1991.01,416007,2779,0,0.0,289464,76255,0.0066801760547298,0.0,,0.0,-1991.01,
TikTok,2024-12-23,4082.6,681495,6019,63,1881.0,385312,135262,0.008832053059817,0.0104668549592955,64.8031746031746,0.4607358056140694,-2201.6,-1.1704412546517808
TikTok,2024-12-24,720.38,85222,1038,1,0.0,42671,17296,0.0121799535331252,0.0009633911368015,720.38,0.0,-720.38,
TikTok,2024-12-25,1543.02,281337,2409,1,0.0,176572,58197,0.0085626846095607,0.0004151100041511,1543.02,0.0,-1543.02,
TikTok,2024-12-26,2198.9,402871,4514,5,0.0,185882,96548,0.0112045791332709,0.0011076650420912,439.78,0.0,-2198.9,
TikTok,2024-12-27,1493.93,273363,2737,2,0.0,176743,43244,0.0100123279302612,0.000730727073438,746.965,0.0,-1493.93,
TikTok,2024-12-28,805.64,181825,2483,65,1003.2,78665,47379,0.0136559879004537,0.0261780104712041,12.394461538461538,1.245221190606226,197.56,0.1969298245614034
TikTok,2024-12-29,4528.4400000000005,757217,7648,75,3333.16,313825,93513,0.0101001430237303,0.0098064853556485,60.3792,0.7360503837966275,-1195.2800000000009,-0.3586026473376618
TikTok,2024-12-30,581.35,183811,1519,0,0.0,90601,24517,0.00826392326901,0.0,,0.0,-581.35,
TikTok,2024-12-31,994.68,138460,1282,1,0.0,66815,16380,0.0092589917665751,0.000780031201248,994.68,0.0,-994.68,
TikTok,2025-01-01,2061.94,300502,3190,12,703.31,163533,56168,0.0106155699462898,0.0037617554858934,171.82833333333335,0.3410913993617661,-1358.63,-1.9317655088083487
TikTok,2025-01-02,3042.17,491500,4638,26,1808.64,208697,73776,0.0094364191251271,0.0056058645968089,117.00653846153848,0.5945229885246387,-1233.53,-0.6820207448690728
TikTok,2025-01-03,2628.04,560647,4692,66,1369.75,286540,98203,0.0083689023574548,0.0140664961636828,39.81878787878788,0.5212059177181474,-1258.29,-0.9186274867676584
TikTok,2025-01-04,581.97,150446,1316,20,334.58,59300,31211,0.0087473246214588,0.0151975683890577,29.0985,0.5749093595889821,-247.39000000000004,-0.7394046266961566
TikTok,2025-01-05,182.62,24263,160,0,0.0,10093,4492,0.0065944030004533,0.0,,0.0,-182.62,
TikTok,2025-01-06,2042.92,456355,3907,40,1459.22,215317,116701,0.0085613173954487,0.0102380342974148,51.073,0.7142815186106162,-583.7,-0.4000082235714971
TikTok,2025-01-07,350.18,62885,684,3,46.65,27301,2781,0.0108769976942037,0.0043859649122807,116.72666666666667,0.1332172025815295,-303.53000000000003,-6.506538049303323
TikTok,2025-01-08,3665.49,896051,9873,83,3443.75,414701,192414,0.0110183460539634,0.0084067659272764,44.162530120481925,0.9395060414842218,-221.73999999999972,-0.0643891107078039
TikTok,2025-01-09,615.94,139951,1231,6,74.81,70773,21890,0.0087959357203592,0.0048740861088545,102.65666666666668,0.1214566353865636,-541.1300000000001,-7.23339125785323
TikTok,2025-01-10,382.42,51572,448,1,52.24,17343,1187,0.008686884355852,0.0022321428571428,382.42,0.1366037341143245,-330.18,-6.320444104134762
TikTok,2025-01-11,1207.19,224343,2224,11,245.11,115096,41587,0.0099133915477639,0.0049460431654676,109.74454545454546,0.2030417746999229,-962.08,-3.9250948553710576
TikTok,2025-01-12,3591.56,682280,5943,48,2245.59,286724,124675,0.0087105000879404,0.0080767289247854,74.82416666666667,0.6252408424194501,-1345.9699999999998,-0.5993836809034595
TikTok,2025-01-13,917.95,128349,1010,8,272.75,64426,22797,0.0078691692183032,0.0079207920792079,114.74375,0.2971294732828585,-645.2,-2.365536205316224
TikTok,2025-01-14,643.23,185402,2209,20,1142.31,97543,26584,0.0119146503273966,0.0090538705296514,32.161500000000004,1.7758966466116315,499.0799999999999,0.4369041678703679
TikTok,2025-01-15,2491.87,421319,3362,6,142.96,204810,38984,0.0079797018411227,0.0017846519928613,415.31166666666667,0.0573705690906829,-2348.91,-16.43054001119194
TikTok,2025-01-16,1806.9,244291,2493,43,491.88,105376,17659,0.0102050423470369,0.0172482952266345,42.020930232558136,0.2722231446123194,-1315.02,-2.673456940717248
TikTok,2025-01-17,809.29,213379,2380,55,768.12,87315,31024,0.011153862376335,0.0231092436974789,14.714363636363636,0.9491282482175736,-41.16999999999996,-0.0535983960839451
TikTok,2025-01-18,3200.01,596987,4781,38,1656.22,285775,94219,0.0080085495999075,0.0079481280066931,84.21078947368422,0.5175671326027106,-1543.7900000000002,-0.9321165062612456
TikTok,2025-01-19,1730.56,305738,2502,11,200.8,142170,23467,0.0081834773564293,0.004396482813749,157.32363636363635,0.1160318047337278,-1529.76,-7.618326693227091
TikTok,2025-01-20,427.15,79399,745,0,0.0,47168,18165,0.0093829897101978,0.0,,0.0,-427.15,
TikTok,2025-01-21,926.38,200208,1667,2,0.0,90437,42396,0.00832634060577,0.0011997600479904,463.19,0.0,-926.38,
TikTok,2025-01-22,950.05,224919,2354,1,0.0,103800,0,0.0104659899786145,0.0004248088360237,950.05,0.0,-950.05,
TikTok,2025-01-23,946.12,140779,1095,5,69.9,77634,32002,0.007778148729569,0.0045662100456621,189.224,0.073880691667019,-876.22,-12.535336194563662
TikTok,2025-01-24,2067.73,496762,4971,46,2556.21,230928,63261,0.0100068040631127,0.0092536712935023,44.95065217391304,1.236239741165433,488.48,0.191095410783934
TikTok,2025-01-25,182.24,53851,442,8,257.4,20362,0,0.0082078327236263,0.0180995475113122,22.78,1.4124231782265142,75.15999999999997,0.2919968919968919
TikTok,2025-01-26,2860.59,488844,3737,8,338.6,276251,68336,0.0076445655464729,0.0021407546160021,357.57375,0.1183671899852827,-2521.99,-7.448287064382753
TikTok,2025-01-27,1078.22,117952,1225,27,414.65,47193,25290,0.0103855805751492,0.0220408163265306,39.93407407407408,0.3845690118899668,-663.57,-1.600313517424334
TikTok,2025-01-28,1288.09,211268,2482,27,242.53,113143,33558,0.0117481114035253,0.0108783239323126,47.70703703703703,0.188286532773331,-1045.56,-4.311054302560508
TikTok,2025-01-29,1397.04,314977,3004,8,230.53000000000003,140613,10917,0.0095372043038063,0.0026631158455392,174.63,0.1650131707037737,-1166.51,-5.060122326812128
TikTok,2025-01-30,2003.07,312311,2555,3,0.0,138729,73309,0.0081809478372519,0.0011741682974559,667.69,0.0,-2003.07,
TikTok,2025-01-31,1649.49,410550,4136,38,3723.69,202800,72311,0.0100742905857995,0.0091876208897485,43.40763157894737,2.257479584598876,2074.2,0.5570281092142471
TikTok,2025-02-01,3560.55,668563,6374,57,821.6,363538,105866,0.0095338808758486,0.0089425792281142,62.46578947368421,0.2307508671413124,-2738.9500000000003,-3.333678188899708
TikTok,2025-02-02,2373.37,509096,4208,30,1236.35,236347,100984,0.0082656316293979,0.0071292775665399,79.11233333333332,0.5209259407509154,-1137.02,-0.919658672705949
TikTok,2025-02-03,1558.63,218863,1721,9,330.81,117139,44252,0.0078633665809204,0.0052295177222545,173.1811111111111,0.2122440861525827,-1227.82,-3.711556482573078
TikTok,2025-02-04,863.03,145233,1341,9,126.17,98899,31050,0.0092334386812914,0.0067114093959731,95.89222222222222,0.1461942226805557,-736.86,-5.840215582151066
TikTok,2025-02-05,1157.9,194212,2099,27,1449.8,112363,21104,0.0108077770683582,0.0128632682229633,42.88518518518519,1.2520943086622331,291.89999999999986,0.2013381156021519
TikTok,2025-02-06,442.22,79059,918,13,675.87,42053,10898,0.011611581224149,0.0141612200435729,34.01692307692308,1.5283569264167156,233.65,0.3457025759391599
TikTok,2025-02-07,554.0799999999999,89170,957,9,320.45,54205,18614,0.010732309072558,0.0094043887147335,61.56444444444443,0.5783460872076235,-233.63,-0.7290684974254952
TikTok,2025-02-08,891.6899999999999,258755,2671,52,1233.88,103523,45899,0.0103225058452976,0.0194683639086484,17.147884615384616,1.3837544438089473,342.19000000000017,0.2773284273997472
TikTok,2025-02-09,1214.6799999999998,150980,1243,0,0.0,87251,32842,0.0082328785269572,0.0,,0.0,-1214.6799999999998,
TikTok,2025-02-10,1408.54,259932,2115,9,438.83,128260,32853,0.0081367434559807,0.0042553191489361,156.50444444444443,0.3115495477586721,-969.71,-2.20976232253948
TikTok,2025-02-11,1835.75,381681,3213,25,860.1,173021,57967,0.0084180244759367,0.0077808901338313,73.43,0.4685278496527305,-975.65,-1.1343448436228345
TikTok,2025-02-12,3180.26,600899,4993,9,517.23,295519,118807,0.0083092166903256,0.0018025235329461,353.3622222222223,0.1626376459786306,-2663.03,-5.148637936701275
TikTok,2025-02-13,2053.9500000000003,444844,3612,26,680.3,222763,84812,0.0081197003893499,0.0071982281284606,78.99807692307694,0.3312154628885804,-1373.6500000000003,-2.0191827135087466
TikTok,2025-02-14,1485.0500000000002,225853,1893,1,0.0,124688,33568,0.0083815579159896,0.0005282620179609,1485.0500000000002,0.0,-1485.0500000000002,
TikTok,2025-02-15,2734.8,350363,2577,8,344.03,189702,64070,0.0073552287199276,0.003104384943733,341.85,0.1257971332455755,-2390.7700000000004,-6.949306746504667
TikTok,2025-02-16,4086.3,1063882,8150,41,801.5,562993,173995,0.0076606240165732,0.0050306748466257,99.6658536585366,0.1961432102390916,-3284.8,-4.098315658140986
TikTok,2025-02-17,1342.59,245930,2531,4,183.5,107911,42961,0.0102915463749847,0.0015804030027657,335.6475,0.1366761259952778,-1159.09,-6.316566757493187
TikTok,2025-02-18,1533.34,212029,1720,1,0.0,110039,29432,0.0081120978734041,0.0005813953488372,1533.34,0.0,-1533.34,
TikTok,2025-02-19,1276.2,167049,1895,20,1254.13,64346,19490,0.0113439769169525,0.0105540897097625,63.81,0.9827064723397588,-22.069999999999936,-0.0175978566815241
TikTok,2025-02-20,5038.64,943763,7754,16,327.47,501086,115425,0.0082160457657272,0.0020634511220015,314.915,0.0649917438038835,-4711.17,-14.386569762115611
TikTok,2025-02-21,246.45,43042,458,2,139.59,20360,3345,0.010640769480972,0.0043668122270742,123.225,0.5664029214850882,-106.86,-0.7655276165914464
TikTok,2025-02-22,1874.65,426080,2735,2,92.86,219788,102835,0.0064189823507322,0.0007312614259597,937.325,0.0495345797882271,-1781.7900000000002,-19.18791729485247
TikTok,2025-02-23,2664.51,468863,3605,39,763.66,257035,61451,0.0076888131501099,0.0108183079056865,68.32076923076923,0.2866042912205245,-1900.8500000000004,-2.4891312887934425
TikTok,2025-02-24,4206.96,1034907,8666,69,1058.4,428086,253973,0.0083736992792589,0.0079621509346872,60.9704347826087,0.2515830908779736,-3148.56,-2.974829931972789
TikTok,2025-02-25,2268.58,480279,3755,8,228.99,287176,84185,0.0078183722378034,0.0021304926764314,283.5725,0.1009397949378025,-2039.59,-8.906895497619983
TikTok,2025-02-26,677.1600000000001,115500,1317,19,518.96,53838,1315,0.0114025974025974,0.014426727410782,35.64000000000001,0.7663772225175733,-158.20000000000005,-0.3048404501310313
TikTok,2025-02-27,225.85,68771,610,0,0.0,27097,18922,0.0088700178854459,0.0,,0.0,-225.85,
TikTok,2025-02-28,213.65,41471,310,0,0.0,22234,9049,0.0074751030840828,0.0,,0.0,-213.65,
TikTok,2025-03-01,1054.99,201952,2231,33,2270.34,101594,11784,0.0110471795278085,0.0147915732855221,31.96939393939394,2.1520014407719508,1215.35,0.5353162962375679
TikTok,2025-03-02,1896.05,322862,2281,16,308.65,140674,87427,0.0070649379611103,0.0070144673388864,118.503125,0.1627857915139368,-1587.4,-5.143042280900697
TikTok,2025-03-03,1478.7099999999998,173419,1380,9,120.39,92036,25285,0.0079576055680173,0.0065217391304347,164.30111111111108,0.0814155581554192,-1358.3199999999997,-11.282664673145607
TikTok,2025-03-04,1159.69,231505,2254,1,0.0,114964,31265,0.0097362907928554,0.0004436557231588,1159.69,0.0,-1159.69,
TikTok,2025-03-05,1637.5700000000002,351793,2961,2,33.91,207661,31308,0.0084168815183929,0.0006754474839581,818.7850000000001,0.0207075117399561,-1603.66,-47.29165437923917
TikTok,2025-03-06,2621.84,379630,3300,24,945.83,182772,29623,0.0086926744461712,0.0072727272727272,109.24333333333333,0.3607504653220639,-1676.0099999999998,-1.771999196472939
TikTok,2025-03-07,2367.68,619802,4356,3,65.45,363431,154429,0.0070280508936724,0.0006887052341597,789.2266666666666,0.0276430936613055,-2302.23,-35.17540106951871
TikTok,2025-03-08,3083.07,566748,5969,58,4105.31,249203,101971,0.0105320177574512,0.0097168704975707,53.156379310344825,1.3315656147930477,1022.2400000000008,0.2490043382838325
TikTok,2025-03-09,1898.33,387028,3519,17,1141.48,203724,62205,0.0090923654102545,0.0048309178743961,111.6664705882353,0.6013074649823792,-756.8500000000001,-0.6630427164733504
TikTok,2025-03-10,3050.61,558805,5700,5,0.0,311768,37156,0.010200338221741,0.0008771929824561,610.1220000000001,0.0,-3050.61,
TikTok,2025-03-11,139.93,29059,233,4,253.11,16424,870,0.0080181699301421,0.0171673819742489,34.9825,1.8088329879225329,113.18,0.4471573624115997
TikTok,2025-03-12,532.03,144705,1589,31,492.23,80751,34474,0.0109809612660239,0.0195091252359974,17.162258064516127,0.925192188410428,-39.79999999999996,-0.0808565101680107
TikTok,2025-03-13,1119.36,161585,1495,3,0.0,115488,16238,0.0092520964198409,0.0020066889632107,373.12000000000006,0.0,-1119.36,
TikTok,2025-03-14,2548.2500000000005,551699,4794,15,641.75,275507,132659,0.0086895209162967,0.0031289111389236,169.88333333333335,0.2518394976944961,-1906.5000000000005,-2.9707830151928327
TikTok,2025-03-15,1262.85,158655,1319,3,162.09,88627,15690,0.008313636506886,0.0022744503411675,420.9500000000001,0.1283525359306331,-1100.7600000000002,-6.791042013696096
TikTok,2025-03-16,3176.96,671222,5670,25,1380.83,349504,120366,0.0084472797375532,0.0044091710758377,127.0784,0.4346387741740531,-1796.13,-1.3007611364179517
TikTok,2025-03-17,2267.34,512450,4232,7,41.48,275472,96188,0.008258366669919,0.0016540642722117,323.9057142857143,0.018294565437914,-2225.86,-53.66104146576664
TikTok,2025-03-18,797.83,150573,1408,9,229.23,71623,10934,0.0093509460527451,0.0063920454545454,88.64777777777778,0.2873168469473446,-568.6,-2.480478122409807
TikTok,2025-03-19,855.55,149718,1217,0,0.0,66787,11666,0.0081286151297773,0.0,,0.0,-855.55,
TikTok,2025-03-20,3426.4,700799,6721,48,3051.56,427961,77105,0.0095904817215777,0.0071417943758369,71.38333333333333,0.8906023815082886,-374.8399999999997,-0.122835533301
TikTok,2025-03-21,1751.8200000000002,395067,3483,13,229.98,242185,68456,0.0088162261084828,0.0037324145851277,134.75538461538463,0.1312806110216803,-1521.84,-6.617271067049309
TikTok,2025-03-22,1366.83,157571,1549,39,490.47,57236,31946,0.0098304891128443,0.025177533892834,35.04692307692307,0.3588376023353307,-876.3599999999999,-1.7867759495993636
TikTok,2025-03-23,451.84,80699,724,6,293.66,49312,10362,0.0089716105527949,0.0082872928176795,75.30666666666667,0.6499203257790367,-158.18000000000006,-0.5386501396172447
TikTok,2025-03-24,980.95,139685,1644,12,1072.76,59376,12936,0.0117693381537029,0.0072992700729927,81.74583333333334,1.0935929456139457,91.80999999999996,0.0855829822141018
TikTok,2025-03-25,553.9,76237,763,2,165.84,39203,3421,0.0100082637039757,0.0026212319790301,276.95,0.299404224589276,-388.06,-2.339966232513265
TikTok,2025-03-26,2571.39,536774,5139,24,462.57,263024,96075,0.0095738616251904,0.0046701692936368,107.14125,0.1798910316988088,-2108.82,-4.558920811985213
TikTok,2025-03-27,2353.18,390681,3558,10,140.75,205231,74364,0.0091071743954786,0.0028105677346824,235.318,0.0598126790130801,-2212.43,-15.71886323268206
TikTok,2025-03-28,2519.63,587979,5998,11,294.89,298692,88300,0.01020104459513,0.001833944648216,229.0572727272728,0.1170370252775209,-2224.74,-7.544304655973415
TikTok,2025-03-29,4042.0,1130942,8734,88,6308.09,484892,226080,0.0077227656237013,0.0100755667506297,45.93181818181818,1.5606358238495794,2266.09,0.359235521370177
TikTok,2025-03-30,463.77,62693,532,0,0.0,28310,10894,0.0084857958623769,0.0,,0.0,-463.77,
TikTok,2025-03-31,728.95,139721,1479,11,589.87,64462,11854,0.0105853808661546,0.0074374577417173,66.26818181818182,0.8092050209205021,-139.08000000000004,-0.2357807652533609
TikTok,2025-04-01,5695.34,1265229,9301,5,64.4,619893,218371,0.0073512383924174,0.0005375766046661,1139.068,0.0113074899830387,-5630.9400000000005,-87.43695652173913
TikTok,2025-04-02,3590.61,791956,6637,16,288.16,434229,145798,0.0083805160892776,0.002410727738436,224.413125,0.0802537730357794,-3302.4500000000003,-11.460473348139924
TikTok,2025-04-03,1292.45,225924,2231,12,261.44,123980,16161,0.0098750022131336,0.005378753922008,107.70416666666668,0.2022824867499709,-1031.01,-3.943581701346389
TikTok,2025-04-04,1211.79,298136,1852,2,73.95,144200,0,0.0062119301258486,0.0010799136069114,605.895,0.0610254251974352,-1137.84,-15.386612576064907
TikTok,2025-04-05,1406.71,283007,2051,2,174.41,130043,17130,0.0072471705646856,0.0009751340809361,703.355,0.1239843322362107,-1232.3,-7.065535233071498
TikTok,2025-04-06,2449.92,614886,5568,11,416.72,284141,53873,0.0090553370868746,0.0019755747126436,222.72,0.1700953500522466,-2033.2,-4.879055480898445
TikTok,2025-04-07,695.03,85266,645,0,0.0,46757,16704,0.007564562662726,0.0,,0.0,-695.03,
TikTok,2025-04-08,707.55,142006,1337,5,55.79,66884,30414,0.0094150951368252,0.0037397157816005,141.51,0.0788495512684615,-651.76,-11.682380354902312
TikTok,2025-04-09,466.37,77862,821,11,376.06,39512,10106,0.0105442963191287,0.0133982947624847,42.39727272727273,0.8063554688337586,-90.31,-0.2401478487475403
TikTok,2025-04-10,1471.91,257401,2651,23,848.29,111259,53484,0.0102991052870812,0.0086759713315729,63.99608695652173,0.5763192042991759,-623.6199999999999,-0.7351495361256173
TikTok,2025-04-11,2445.6800000000003,585819,6284,74,3336.71,283811,117102,0.0107268627340526,0.0117759388924252,33.049729729729734,1.364328121422263,891.0299999999997,0.2670384900096201
TikTok,2025-04-12,2612.18,549570,4563,28,1559.92,340172,86407,0.0083028549593318,0.0061363138286215,93.29214285714284,0.5971717109846948,-1052.2599999999998,-0.6745602338581463
TikTok,2025-04-13,3111.98,621964,5107,77,1978.3,383809,63513,0.00821108617219,0.0150773448208341,40.41532467532468,0.6357045996439566,-1133.6799999999998,-0.5730576757822371
TikTok,2025-04-14,2494.07,541745,4329,4,27.28,271532,130078,0.0079908444009635,0.0009240009240009,623.5175,0.0109379448050776,-2466.79,-90.424853372434
TikTok,2025-04-15,142.85,34162,390,0,0.0,17016,5572,0.0114161934312979,0.0,,0.0,-142.85,
TikTok,2025-04-16,1628.45,401181,2931,7,211.61,204772,69036,0.0073059292439073,0.002388263391334,232.6357142857143,0.1299456538426111,-1416.84,-6.695524786163225
TikTok,2025-04-17,328.67,45323,438,4,80.13,30134,8644,0.0096639675220086,0.0091324200913242,82.1675,0.2438007728116347,-248.54,-3.1017097217022345
TikTok,2025-04-18,1593.89,377674,4660,70,2443.06,183437,77262,0.0123386836266197,0.0150214592274678,22.76985714285714,1.532765749204776,849.1700000000001,0.3475845865431058
TikTok,2025-04-19,1877.46,369493,3331,9,602.75,231053,59604,0.0090150557656031,0.0027018913239267,208.60666666666668,0.3210454550296677,-1274.71,-2.1148237245956034
TikTok,2025-04-20,406.93,75840,686,5,291.35,41804,19756,0.009045358649789,0.0072886297376093,81.386,0.7159708057896936,-115.57999999999998,-0.3967049939934785
TikTok,2025-04-21,3495.79,791384,5683,13,495.05,503836,214615,0.007181090342994,0.0022875241949674,268.9069230769231,0.1416131975891,-3000.74,-6.061488738511261
TikTok,2025-04-22,1671.28,220840,1981,1,0.0,156143,2493,0.0089702952363702,0.000504795557799,1671.28,0.0,-1671.28,
TikTok,2025-04-23,3044.42,872232,10364,85,653.89,460504,223821,0.0118821597923488,0.0082014666152064,35.81670588235294,0.2147831113972448,-2390.53,-3.6558595482420593
TikTok,2025-04-24,902.12,210826,1823,2,34.92,101052,51064,0.0086469410793735,0.0010970927043335,451.06,0.0387088192258236,-867.2,-24.83390607101948
TikTok,2025-04-25,3983.39,603277,5092,15,379.51,271769,137937,0.0084405671026742,0.0029457973291437,265.55933333333337,0.0952731216376001,-3603.88,-9.496139759163132
TikTok,2025-04-26,1304.22,352257,3333,20,499.92,136072,80060,0.009461841780291,0.006000600060006,65.211,0.383309564337305,-804.3,-1.6088574171867498
TikTok,2025-04-27,1844.99,390741,3161,1,0.0,215049,60178,0.0080897576655636,0.000316355583676,1844.99,0.0,-1844.99,
TikTok,2025-04-28,3765.04,719017,6701,89,3777.55,403971,115176,0.0093196683805807,0.0132815997612296,42.303820224719104,1.0033226738626948,12.510000000000218,0.0033116702624717
TikTok,2025-04-29,918.12,207006,2265,22,898.89,94869,39478,0.0109417118344395,0.0097130242825607,41.73272727272728,0.9790550254868644,-19.23000000000001,-0.0213930514300971
TikTok,2025-04-30,1975.07,447374,3839,40,446.79,181570,89301,0.0085811871051961,0.0104193800468872,49.37675,0.2262147670715468,-1528.2800000000002,-3.420577900132053
TikTok,2025-05-01,405.53,104385,1268,21,772.5600000000001,45287,22635,0.0121473391770848,0.0165615141955835,19.31095238095238,1.905062510788352,367.0300000000001,0.4750828414621519
TikTok,2025-05-02,2060.12,292918,2834,31,773.24,134862,46273,0.0096750626455185,0.0109386026817219,66.45548387096774,0.3753373589887968,-1286.88,-1.664269825668615
TikTok,2025-05-03,103.19,17652,141,0,0.0,7979,0,0.0079877634262406,0.0,,0.0,-103.19,
TikTok,2025-05-04,2203.96,448431,4354,58,2754.76,189495,55104,0.0097094090283677,0.0133210840606339,37.99931034482759,1.2499137915388665,550.8000000000002,0.1999448227794799
TikTok,2025-05-05,1907.25,359874,2804,2,0.0,175599,57612,0.0077916159544729,0.0007132667617689,953.625,0.0,-1907.25,
TikTok,2025-05-06,4151.37,672907,7494,101,3407.92,294155,94196,0.0111367544103419,0.0134774486255671,41.10267326732673,0.820914541464625,-743.4499999999998,-0.2181535951548157
TikTok,2025-05-07,2720.62,398011,3287,12,292.2,210132,72623,0.0082585657180329,0.0036507453605111,226.71833333333333,0.1074019892524498,-2428.42,-8.310814510609172
TikTok,2025-05-08,1906.73,243396,2410,12,174.22,122068,23288,0.00990155959835,0.0049792531120331,158.89416666666668,0.0913710908204098,-1732.51,-9.944380668120766
TikTok,2025-05-09,3184.53,642724,5153,66,1338.39,338619,136088,0.0080174382783278,0.0128080729672035,48.25045454545455,0.4202786596452224,-1846.14,-1.3793737251473783
TikTok,2025-05-10,566.1,77183,613,0,0.0,41301,6734,0.0079421634297708,0.0,,0.0,-566.1,
TikTok,2025-05-11,1029.64,150460,1126,3,36.07,67811,26117,0.0074837166024192,0.0026642984014209,343.2133333333333,0.0350316615516102,-993.5699999999998,-27.545605766565007
TikTok,2025-05-12,5071.36,886277,7098,97,1635.55,548170,129793,0.008008782807181,0.013665821358129,52.2820618556701,0.3225071775618374,-3435.8099999999995,-2.1007061844639416
TikTok,2025-05-13,3066.48,630151,5720,23,1365.39,329009,122268,0.0090771894355479,0.004020979020979,133.32521739130434,0.4452629725287626,-1701.09,-1.2458638191286004
TikTok,2025-05-14,2530.17,361805,4173,48,2078.35,140835,24765,0.0115338372880419,0.0115025161754133,52.711875,0.8214270187378713,-451.82000000000016,-0.2173936055043665
TikTok,2025-05-15,165.35000000000002,36153,331,3,118.42,18225,3090,0.009155533427378,0.0090634441087613,55.116666666666674,0.7161778046567886,-46.93000000000002,-0.3963013004560042
TikTok,2025-05-16,2962.75,710609,7406,90,3982.85,374298,88573,0.0104220464418548,0.0121523089386983,32.919444444444444,1.3443084971732342,1020.0999999999996,0.2561231279109179
TikTok,2025-05-17,286.88,47184,430,6,310.49,24022,0,0.0091132587317734,0.013953488372093,47.81333333333333,1.0822992191857224,23.610000000000014,0.0760410963316049
TikTok,2025-05-18,501.7,112003,1016,5,143.68,58026,23420,0.009071185593243,0.0049212598425196,100.34,0.2863862866254734,-358.02,-2.4917873051224944
TikTok,2025-05-19,1281.18,226798,1917,1,0.0,128538,22946,0.0084524554890254,0.0005216484089723,1281.18,0.0,-1281.18,
TikTok,2025-05-20,1863.48,325967,2774,3,0.0,182449,50448,0.0085100639021741,0.0010814708002883,621.16,0.0,-1863.48,
TikTok,2025-05-21,1329.4,325839,3305,3,0.0,150954,57946,0.010143046105592,0.0009077155824508,443.1333333333334,0.0,-1329.4,
TikTok,2025-05-22,1927.6,328930,3206,23,881.7199999999999,175155,34345,0.0097467546286443,0.0071740486587648,83.80869565217391,0.457418551566715,-1045.88,-1.1861815542349048
TikTok,2025-05-23,809.78,155491,1355,1,0.0,76328,22961,0.0087143307329684,0.0007380073800738,809.78,0.0,-809.78,
TikTok,2025-05-24,379.48,99246,825,1,77.82,52402,5200,0.0083126775890212,0.0012121212121212,379.48,0.2050700959207336,-301.66,-3.876381392958109
TikTok,2025-05-25,1271.79,240420,2087,8,401.14,112487,29431,0.0086806422094667,0.0038332534738859,158.97375,0.3154137082379953,-870.6499999999999,-2.1704392481427925
TikTok,2025-05-26,1512.29,206310,1923,6,52.47,108162,37075,0.00932092482187,0.0031201248049922,252.0483333333333,0.0346957263487823,-1459.82,-27.821993520106727
TikTok,2025-05-27,1538.63,320824,3005,5,126.84,137517,67571,0.0093665062464154,0.0016638935108153,307.726,0.0824369731514399,-1411.79,-11.130479344055502
TikTok,2025-05-28,3519.42,603109,4563,2,0.0,305490,153629,0.0075657965641368,0.0004383081306158,1759.7099999999998,0.0,-3519.42,
TikTok,2025-05-29,394.22,75266,831,13,471.91,32183,22245,0.011040841814365,0.0156438026474127,30.324615384615388,1.1970727005225508,77.68999999999994,0.1646288487211543
TikTok,2025-05-30,2349.04,495989,4818,64,2998.72,226551,86382,0.00971392510721,0.0132835201328352,36.70375,1.2765725573000033,649.6799999999998,0.216652438373706
TikTok,2025-05-31,280.84,48380,328,0,0.0,29339,7767,0.0067796610169491,0.0,,0.0,-280.84,
TikTok,2025-06-01,916.96,199107,1747,6,304.14,124731,43919,0.0087741766989608,0.003434459072696,152.82666666666668,0.3316829523643343,-612.82,-2.01492733609522
TikTok,2025-06-02,544.9899999999999,71299,705,10,80.21,28351,15564,0.009887936717205,0.0141843971631205,54.49899999999999,0.1471770124222463,-464.7799999999999,-5.7945393342476
TikTok,2025-06-03,2576.49,538862,4165,12,344.71,227353,108232,0.0077292516451336,0.0028811524609843,214.7075,0.1337905445004638,-2231.78,-6.47436976008819
TikTok,2025-06-04,2663.19,513900,4748,28,1451.32,303169,123511,0.0092391515859116,0.0058972198820556,95.11392857142856,0.5449554857145003,-1211.87,-0.8350122646969657
TikTok,2025-06-05,1569.33,276307,2774,4,10.0,133901,40148,0.0100395574487797,0.0014419610670511,392.3325,0.0063721460750766,-1559.33,-155.933
TikTok,2025-06-06,3079.79,406152,3596,52,1842.61,234315,81898,0.0088538281234611,0.014460511679644,59.22673076923077,0.5982907925540377,-1237.18,-0.6714280287201307
TikTok,2025-06-07,1296.76,196492,1850,16,691.71,80498,44983,0.0094151415833723,0.0086486486486486,81.0475,0.5334140473179309,-605.05,-0.8747162828352921
TikTok,2025-06-08,944.78,192750,1905,43,365.13,92600,51380,0.0098832684824902,0.0225721784776902,21.971627906976742,0.3864709244480196,-579.65,-1.587516774847315
TikTok,2025-06-09,1019.89,201317,1406,3,0.0,95800,3141,0.0069840102922256,0.0021337126600284,339.9633333333333,0.0,-1019.89,
TikTok,2025-06-10,268.51,54994,406,0,0.0,31288,14497,0.0073826235589337,0.0,,0.0,-268.51,
TikTok,2025-06-11,999.9,181344,1584,7,238.48,100403,22696,0.0087347803070407,0.0044191919191919,142.84285714285713,0.2385038503850385,-761.42,-3.19280442804428
TikTok,2025-06-12,897.3299999999999,170592,1848,26,1135.43,67947,35284,0.0108328643781654,0.014069264069264,34.512692307692305,1.2653427390146326,238.1000000000001,0.2097002897580653
TikTok,2025-06-13,2208.74,316266,2298,10,467.23,142567,47912,0.0072660355523515,0.0043516100957354,220.874,0.2115368943379483,-1741.5099999999998,-3.727307749930441
TikTok,2025-06-14,725.76,109268,1083,10,794.74,55872,17730,0.0099114104769923,0.0092336103416435,72.576,1.0950451940035273,68.98000000000002,0.0867956816065631
TikTok,2025-06-15,229.75,57787,364,1,10.71,27203,16468,0.0062989945835568,0.0027472527472527,229.75,0.0466158868335147,-219.04,-20.45191409897292
TikTok,2025-06-16,2926.04,443204,3419,20,557.0999999999999,301444,105210,0.0077142805570346,0.0058496636443404,146.302,0.1903938428729613,-2368.94,-4.252270687488782
TikTok,2025-06-17,1556.46,294561,2566,7,264.49,135462,67425,0.0087112686336616,0.0027279812938425,222.35142857142856,0.1699304832761523,-1291.97,-4.884759348179515
TikTok,2025-06-18,1260.31,165058,1842,29,321.44,94154,34566,0.0111597135552351,0.015743756786102,43.458965517241374,0.2550483611175028,-938.87,-2.9208250373320057
TikTok,2025-06-19,2015.63,377751,3403,3,0.0,170500,60965,0.0090085797257982,0.000881575080811,671.8766666666667,0.0,-2015.63,
TikTok,2025-06-20,407.66,73021,871,2,50.69,35270,11084,0.0119280754851344,0.0022962112514351,203.83,0.1243438159250355,-356.97,-7.0422173998816335
TikTok,2025-06-21,608.96,157226,996,0,0.0,75952,43199,0.0063348301171561,0.0,,0.0,-608.96,
TikTok,2025-06-22,241.08,28415,171,0,0.0,14388,7976,0.0060179482667605,0.0,,0.0,-241.08,
TikTok,2025-06-23,112.13,26731,255,1,79.37,13588,1682,0.009539485990049,0.0039215686274509,112.13,0.7078391153125837,-32.75999999999999,-0.4127504094746124
TikTok,2025-06-24,1380.31,187226,1426,1,0.0,105097,22328,0.007616463525365,0.0007012622720897,1380.31,0.0,-1380.31,
TikTok,2025-06-25,3397.0,618851,4818,2,0.0,331977,108734,0.0077853958384166,0.0004151100041511,1698.5,0.0,-3397.0,
TikTok,2025-06-26,2402.93,376647,2607,13,293.58000000000004,216887,34097,0.0069216003313447,0.0049865746068277,184.8407692307692,0.1221758436575347,-2109.35,-7.184924041147216
TikTok,2025-06-27,1773.5300000000002,316482,2540,16,662.63,153084,53174,0.0080257329010812,0.0062992125984251,110.845625,0.3736220983011282,-1110.9,-1.676501214855953
TikTok,2025-06-28,31.78,6503,53,0,0.0,3581,0,0.0081500845763493,0.0,,0.0,-31.78,
TikTok,2025-06-29,509.39,73984,489,0,0.0,37214,10837,0.0066095371972318,0.0,,0.0,-509.39,
TikTok,2025-06-30,758.72,121584,1004,1,0.0,79372,22191,0.0082576654823003,0.0009960159362549,758.72,0.0,-758.72,
TikTok,2025-07-01,228.44,50010,569,3,123.46,22071,5113,0.0113777244551089,0.0052724077328646,76.14666666666666,0.5404482577482052,-104.98,-0.8503158917868137
TikTok,2025-07-02,1510.88,351073,2871,36,1221.93,170581,36425,0.0081777863863071,0.012539184952978,41.96888888888889,0.8087538388224081,-288.95000000000005,-0.2364701742325665
TikTok,2025-07-03,677.1500000000001,152098,1391,1,0.0,87493,17200,0.0091454194006495,0.0007189072609633,677.1500000000001,0.0,-677.1500000000001,
TikTok,2025-07-04,2155.93,387814,3230,3,40.21,203270,88268,0.0083287349090027,0.0009287925696594,718.6433333333333,0.0186508838413121,-2115.72,-52.61676199950261
TikTok,2025-07-05,997.73,249191,2105,1,0.0,130041,38996,0.0084473355779301,0.0004750593824228,997.73,0.0,-997.73,
TikTok,2025-07-06,3164.27,828914,6809,36,1859.67,453472,151549,0.0082143624067152,0.0052871199882508,87.8963888888889,0.5877090134533399,-1304.6,-0.7015223130985604
TikTok,2025-07-07,1888.88,317325,2601,21,719.53,154339,77537,0.008196643819428,0.008073817762399,89.94666666666667,0.3809294396679513,-1169.35,-1.6251580893082986
TikTok,2025-07-08,193.17,24192,273,2,118.66,10496,3647,0.0112847222222222,0.0073260073260073,96.585,0.6142775793342652,-74.50999999999999,-0.6279285353109725
TikTok,2025-07-09,2551.91,413470,3720,54,871.04,236135,84542,0.0089970251771591,0.014516129032258,47.25759259259259,0.341328651872519,-1680.87,-1.92972768185158
TikTok,2025-07-10,2650.48,646957,4340,10,345.49,338620,171971,0.0067083283742196,0.0023041474654377,265.048,0.1303499743442697,-2304.99,-6.6716547512229
TikTok,2025-07-11,1948.48,373913,2587,3,60.35,282688,9011,0.006918721734735,0.0011596443757247,649.4933333333333,0.0309728608966989,-1888.13,-31.28632974316488
TikTok,2025-07-12,2566.78,504296,4296,27,1087.29,276078,66963,0.0085188064152799,0.0062849162011173,95.06592592592594,0.423600776069628,-1479.4900000000002,-1.36071333314939
TikTok,2025-07-13,1974.68,402112,3693,11,539.66,208956,4620,0.0091840084354607,0.0029786081776333,179.51636363636362,0.2732898494946016,-1435.02,-2.6591187043694178
TikTok,2025-07-14,1695.76,365774,3092,4,14.41,187940,42089,0.0084533072334282,0.001293661060802,423.94,0.0084976647638816,-1681.35,-116.6793893129771
TikTok,2025-07-15,2170.36,321288,2802,10,155.3,136027,59383,0.0087211473817883,0.0035688793718772,217.036,0.0715549494093145,-2015.06,-12.975273663876369
TikTok,2025-07-16,1792.66,322526,2422,4,80.57,165400,49967,0.0075094721045745,0.0016515276630883,448.165,0.0449443843227382,-1712.09,-21.24972073972943
TikTok,2025-07-17,190.32,35606,390,8,116.96,11640,0,0.0109532101331236,0.0205128205128205,23.79,0.6145439260193358,-73.36,-0.6272229822161423
TikTok,2025-07-18,2119.55,300906,2422,4,162.67000000000002,152407,39783,0.0080490252769968,0.0016515276630883,529.8875,0.0767474228020098,-1956.88,-12.029753488658018
TikTok,2025-07-19,2416.07,312753,2490,13,771.58,137320,68024,0.0079615543256179,0.0052208835341365,185.85153846153844,0.319353329994578,-1644.4899999999998,-2.13132792451852
TikTok,2025-07-20,774.38,103483,682,0,0.0,56141,5852,0.0065904544707826,0.0,,0.0,-774.38,
TikTok,2025-07-21,146.45999999999998,27620,211,1,66.9,15871,2622,0.0076393917451122,0.0047393364928909,146.45999999999998,0.4567800081933634,-79.55999999999997,-1.1892376681614345
TikTok,2025-07-22,837.94,184244,1669,9,543.68,95368,15261,0.0090586396300557,0.0053924505692031,93.10444444444444,0.6488292717855693,-294.2600000000001,-0.5412374926427312
TikTok,2025-07-23,3537.14,910524,7027,20,359.98,439064,209938,0.0077175340792774,0.0028461647929415,176.857,0.1017714876991015,-3177.16,-8.825934774154119
TikTok,2025-07-24,299.29999999999995,53197,457,2,175.37,30052,3621,0.0085907100024437,0.0043763676148796,149.64999999999998,0.5859338456398263,-123.92999999999996,-0.7066773108285337
TikTok,2025-07-25,143.72,21705,209,2,191.99,10434,1653,0.0096291177148122,0.0095693779904306,71.86,1.3358613971611468,48.27000000000001,0.2514193447575395
TikTok,2025-07-26,1030.77,196517,1841,9,244.84,84311,9194,0.009368146267244,0.0048886474741988,114.53,0.2375311660215179,-785.93,-3.2099738604803134
TikTok,2025-07-27,3003.1000000000004,568886,4203,5,0.0,333232,79977,0.0073881234553144,0.0011896264572924,600.6200000000001,0.0,-3003.1000000000004,
TikTok,2025-07-28,1185.28,250290,2543,30,2243.4,112776,49848,0.0101602141515841,0.0117970900511207,39.50933333333333,1.892717332613391,1058.12,0.4716590888829455
TikTok,2025-07-29,1687.27,207456,1417,3,38.43,170932,5143,0.0068303640289989,0.0021171489061397,562.4233333333333,0.0227764376774315,-1648.84,-42.90502211813687
TikTok,2025-07-30,1190.3,252408,1734,1,31.85,138247,52291,0.0068698297993724,0.0005767012687427,1190.3,0.0267579601781063,-1158.45,-36.37205651491366
TikTok,2025-07-31,2425.17,519563,3712,11,529.7,281276,100767,0.0071444656374684,0.0029633620689655,220.47,0.2184176779359797,-1895.47,-3.578383990938266
TikTok,2025-08-01,2562.53,457950,3628,12,413.86,215755,82668,0.0079222622557047,0.0033076074972436,213.54416666666668,0.1615044506796017,-2148.67,-5.191779828927657
TikTok,2025-08-02,951.5,201335,1129,3,47.66,113881,31027,0.0056075694737626,0.0026572187776793,317.1666666666667,0.0500893326326852,-903.84,-18.96433067561897
TikTok,2025-08-03,592.73,143707,1342,4,43.49,85578,29081,0.0093384455872017,0.0029806259314456,148.1825,0.0733723617836114,-549.24,-12.629110140262128
TikTok,2025-08-04,4161.06,806837,5780,6,122.06,416184,149745,0.0071637765744506,0.001038062283737,693.5099999999999,0.0293338716577026,-4039.0,-33.0902834671473
TikTok,2025-08-05,870.81,124433,1075,7,274.59000000000003,55694,30162,0.008639187353837,0.0065116279069767,124.40142857142855,0.3153271092431185,-596.2199999999999,-2.171309953020867
TikTok,2025-08-06,1868.65,273263,2240,2,0.0,97927,41720,0.0081972312387699,0.0008928571428571,934.325,0.0,-1868.65,
TikTok,2025-08-07,178.23,30866,277,0,0.0,12935,0,0.0089742759022873,0.0,,0.0,-178.23,
TikTok,2025-08-08,669.3299999999999,161031,1500,6,307.21000000000004,73148,29831,0.0093149766194086,0.004,111.555,0.4589813694291307,-362.1199999999999,-1.178737671299762
TikTok,2025-08-09,2156.51,491641,3790,14,306.84000000000003,335477,74501,0.0077088770057826,0.0036939313984168,154.0364285714286,0.1422854519570973,-1849.67,-6.028125407378438
TikTok,2025-08-10,1321.97,253429,1967,2,65.94,122032,33703,0.0077615426805929,0.0010167768174885,660.985,0.0498801031793459,-1256.03,-19.04807400667273
TikTok,2025-08-11,344.13,77343,559,1,19.23,50601,18094,0.0072275448327579,0.0017889087656529,344.13,0.055880045331706,-324.9,-16.89547581903276
TikTok,2025-08-12,488.69,82094,817,5,201.29,41496,10760,0.0099520062367529,0.0061199510403916,97.738,0.4118971126890258,-287.4,-1.427790749664663
TikTok,2025-08-13,1971.17,446118,3746,3,81.82,198437,99853,0.0083968815425515,0.0008008542445274,657.0566666666667,0.0415083427608983,-1889.35,-23.091542410168667
TikTok,2025-08-14,2375.78,528212,3604,1,0.0,231866,125184,0.0068230180306392,0.0002774694783573,2375.78,0.0,-2375.78,
TikTok,2025-08-15,638.27,98741,648,0,0.0,53853,18264,0.0065626234289707,0.0,,0.0,-638.27,
TikTok,2025-08-16,1705.85,314243,2449,0,0.0,151998,50167,0.007793331911928,0.0,,0.0,-1705.85,
TikTok,2025-08-17,1130.25,280520,2033,8,176.68,166335,38051,0.0072472550976757,0.0039350713231677,141.28125,0.156319398363194,-953.57,-5.397158705003395
TikTok,2025-08-18,1361.66,276677,2090,6,172.69,127696,16002,0.0075539347325581,0.0028708133971291,226.94333333333336,0.1268231423409661,-1188.97,-6.88499623602988
TikTok,2025-08-19,2041.64,385198,4026,45,1551.06,189135,68598,0.010451767662345,0.011177347242921,45.36977777777778,0.7597127799220235,-490.58000000000015,-0.3162869263600377
TikTok,2025-08-20,1671.83,259759,2500,12,82.05,119601,36563,0.0096243056063505,0.0048,139.31916666666666,0.0490779564907915,-1589.78,-19.375746496039
TikTok,2025-08-21,2093.49,332705,2965,15,473.12,184052,61921,0.008911798740626,0.0050590219224283,139.56599999999997,0.2259958251532131,-1620.37,-3.4248605005072705
TikTok,2025-08-22,3005.58,707084,5248,43,2368.79,355051,60419,0.0074220318943718,0.0081935975609756,69.89720930232558,0.7881307434837869,-636.79,-0.2688250119259199
TikTok,2025-08-23,1915.53,486388,2983,1,0.0,220075,91230,0.0061329638066728,0.0003352329869259,1915.53,0.0,-1915.53,
TikTok,2025-08-24,2258.27,391653,3495,38,1002.44,180492,47276,0.0089237156360349,0.0108726752503576,59.42815789473684,0.443897319629628,-1255.83,-1.2527732333107218
TikTok,2025-08-25,1248.69,276249,2465,3,0.0,143777,54655,0.0089231092239247,0.0012170385395537,416.23,0.0,-1248.69,
TikTok,2025-08-26,1434.95,219525,1974,7,33.95,99773,12173,0.0089921421250427,0.0035460992907801,204.9928571428572,0.0236593609533433,-1401.0,-41.26656848306333
TikTok,2025-08-27,1946.61,470842,4078,11,246.9,214760,92867,0.0086610795128726,0.002697400686611,176.96454545454546,0.1268358839212785,-1699.7099999999998,-6.884204131227216
TikTok,2025-08-28,922.16,241564,2247,3,0.0,107577,28214,0.0093018827308704,0.0013351134846461,307.3866666666667,0.0,-922.16,
TikTok,2025-08-29,2091.39,387416,2293,3,174.76999999999998,176352,76164,0.0059187023767732,0.0013083296990841,697.13,0.0835664318945772,-1916.62,-10.96652743605882
TikTok,2025-08-30,2183.37,530173,4803,9,40.03,248932,63576,0.0090593070563759,0.0018738288569643,242.59666666666664,0.0183340432450752,-2143.34,-53.54334249313014
TikTok,2025-08-31,2894.57,503682,3294,1,0.0,242054,80925,0.0065398406137205,0.0003035822707953,2894.57,0.0,-2894.57,
TikTok,2025-09-01,1172.97,248240,2320,49,705.03,131416,49097,0.0093457943925233,0.0211206896551724,23.938163265306123,0.6010639658303281,-467.94000000000005,-0.6637164375984002
TikTok,2025-09-02,4555.25,1028325,9270,55,1974.56,498560,202160,0.0090146597622347,0.005933117583603,82.82272727272728,0.433469074145217,-2580.69,-1.3069696539988656
TikTok,2025-09-03,1376.07,206525,1581,1,0.0,79240,41762,0.0076552475487229,0.0006325110689437,1376.07,0.0,-1376.07,
TikTok,2025-09-04,1271.28,313818,3125,2,0.0,159988,58569,0.0099580011344154,0.00064,635.64,0.0,-1271.28,
TikTok,2025-09-05,1585.4899999999998,232483,1934,18,202.78,96483,24602,0.0083188878326587,0.0093071354705274,88.08277777777776,0.127897369267545,-1382.7099999999998,-6.818769109379622
TikTok,2025-09-06,1306.25,317603,2157,2,0.0,119136,86270,0.006791497561421,0.000927213722763,653.125,0.0,-1306.25,
TikTok,2025-09-07,3672.7,740265,6628,12,826.44,338705,126989,0.0089535504177558,0.0018105009052504,306.05833333333334,0.2250224630380919,-2846.26,-3.444000774405885
TikTok,2025-09-08,5162.0,674310,6149,3,0.0,377173,112658,0.0091189512242143,0.0004878842088144,1720.6666666666667,0.0,-5162.0,
TikTok,2025-09-09,2796.51,866518,8039,62,3230.77,483399,9115,0.0092773606549431,0.0077124020400547,45.105,1.1552864105617358,434.25999999999976,0.134413777520529
TikTok,2025-09-10,317.67,75508,901,8,600.14,28239,14262,0.0119325104624675,0.0088790233074361,39.70875,1.8891931878993924,282.47,0.4706735095144466
TikTok,2025-09-11,2059.09,349303,3859,37,1856.82,168358,57848,0.0110477150210562,0.0095879761596268,55.65108108108109,0.9017672855484704,-202.27,-0.1089335530638403
TikTok,2025-09-12,821.49,153534,1292,2,79.4,89286,31107,0.0084150741855224,0.001547987616099,410.745,0.096653641553762,-742.09,-9.346221662468514
TikTok,2025-09-13,1855.85,344520,2927,27,1255.22,156598,40479,0.0084958783234645,0.0092244619063887,68.73518518518519,0.6763585419080206,-600.6299999999999,-0.4785057599464634
TikTok,2025-09-14,137.87,37343,333,3,159.51,17562,0,0.0089173339046139,0.009009009009009,45.95666666666667,1.156959454558642,21.639999999999983,0.1356654755187761
TikTok,2025-09-15,4578.4,921550,9567,119,3400.54,473659,144810,0.0103814226032228,0.0124385909898609,38.47394957983193,0.742735453433514,-1177.8599999999997,-0.3463743993601015
TikTok,2025-09-16,497.19000000000005,98682,890,1,0.0,51541,22557,0.0090188686893253,0.0011235955056179,497.19000000000005,0.0,-497.19000000000005,
TikTok,2025-09-17,6126.11,1133137,10628,34,1711.06,560512,157068,0.0093792718797462,0.0031990967256304,180.1797058823529,0.2793061175852213,-4415.049999999999,-2.580301099902984
TikTok,2025-09-18,1855.15,321569,3357,7,120.5,161309,34189,0.01043943912504,0.0020851951146857,265.02142857142854,0.0649543163625582,-1734.65,-14.3954356846473
TikTok,2025-09-19,2431.99,354361,3401,32,2219.73,161423,66705,0.0095975572932687,0.0094089973537194,75.99968750000001,0.9127216805990156,-212.26000000000025,-0.0956242425880626
TikTok,2025-09-20,2476.58,756223,6347,22,962.34,347623,165774,0.0083930269245976,0.0034662045060658,112.57181818181816,0.3885761816698835,-1514.2399999999998,-1.5734979321237814
TikTok,2025-09-21,2506.46,548510,4964,67,1290.6,331223,144429,0.0090499717416273,0.0134971796937953,37.40985074626866,0.5149094739193922,-1215.86,-0.942088950875562
TikTok,2025-09-22,3292.2200000000003,760169,7250,15,272.63,419507,110684,0.0095373528781099,0.0020689655172413,219.4813333333333,0.0828103832672178,-3019.59,-11.075780361662328
TikTok,2025-09-23,1672.62,273024,3598,18,694.3399999999999,115362,64325,0.0131783286451007,0.0050027793218454,92.92333333333332,0.4151211871196087,-978.28,-1.4089351038396176
TikTok,2025-09-24,3168.59,614972,5727,38,1323.72,267269,79983,0.009312619111114,0.0066352365985681,83.38394736842106,0.4177631059872057,-1844.87,-1.3937010848215636
TikTok,2025-09-25,1052.0,223701,2265,6,159.24,115477,28011,0.0101251223731677,0.0026490066225165,175.33333333333334,0.1513688212927756,-892.76,-5.606380306455664
TikTok,2025-09-26,586.62,126339,935,0,0.0,70996,18873,0.0074007234503993,0.0,,0.0,-586.62,
TikTok,2025-09-27,264.14,56952,473,2,161.44,28887,6259,0.0083052394999297,0.0042283298097251,132.07,0.6111910350571667,-102.7,-0.6361496531219029
TikTok,2025-09-28,4142.99,857480,9110,85,4381.56,438470,94222,0.0106241544992303,0.0093304061470911,48.74105882352941,1.057584015409161,238.5699999999997,0.0544486438620034
TikTok,2025-09-29,619.89,79684,914,9,200.86,43209,15263,0.0114703077154761,0.0098468271334792,68.87666666666667,0.3240252302827921,-419.03,-2.086179428457632
TikTok,2025-09-30,1291.04,187974,1600,4,74.06,88220,20716,0.0085118154638407,0.0025,322.76,0.0573646052794646,-1216.98,-16.432352146907913
TikTok,2025-10-01,7827.97,1859286,22876,19,304.01,1047711,403429,0.0123036477443491,0.0008305647840531,411.9984210526316,0.0388363777582182,-7523.96,-24.7490543074241
TikTok,2025-10-02,642.85,144532,1957,1,0.0,64414,37244,0.0135402540613843,0.0005109862033725,642.85,0.0,-642.85,
TikTok,2025-10-03,57.56,9536,82,0,0.0,6204,2925,0.0085989932885906,0.0,,0.0,-57.56,
TikTok,2025-10-04,1177.51,204222,2706,22,924.0,94074,34558,0.0132502864529776,0.008130081300813,53.52318181818182,0.7847067116202835,-253.51,-0.2743614718614718
TikTok,2025-10-05,3183.95,428943,4686,24,1035.23,215938,44321,0.0109245284338478,0.0051216389244558,132.66458333333333,0.3251401560954161,-2148.72,-2.075596727297316
TikTok,2025-10-06,3402.83,697611,7797,45,3489.81,307213,102779,0.011176715963481,0.0057714505579068,75.61844444444445,1.0255610771034698,86.98000000000002,0.0249239929967534
TikTok,2025-10-07,3333.11,710945,8085,88,5735.72,389978,46713,0.0113721877219756,0.0108843537414965,37.87625,1.7208312956968117,2402.61,0.4188855104503009
TikTok,2025-10-08,2384.7700000000004,350036,4494,80,4113.7300000000005,205244,49216,0.0128386794501137,0.0178015131286159,29.809625000000004,1.7250007338233877,1728.96,0.4202901016838732
TikTok,2025-10-09,915.52,142353,2241,60,937.11,59472,27243,0.0157425554782828,0.0267737617135207,15.258666666666668,1.023582226494233,21.590000000000032,0.0230389175230229
TikTok,2025-10-10,820.75,127433,1569,10,459.59,61946,24303,0.012312352373404,0.0063734862970044,82.075,0.5599634480657936,-361.16,-0.7858308492351878
TikTok,2025-10-11,5422.9,1047130,11577,162,4362.37,520373,106552,0.0110559338382053,0.0139932625032391,33.47469135802469,0.804434896457615,-1060.5299999999995,-0.2431086771640186
TikTok,2025-10-12,3692.84,724562,7864,16,528.8499999999999,337481,99498,0.0108534535346871,0.0020345879959308,230.8025,0.1432095622881034,-3163.99,-5.982773943462231
TikTok,2025-10-13,6422.33,1232797,12093,42,393.42,711788,203427,0.0098094008989314,0.0034730836020838,152.91261904761905,0.0612581415156181,-6028.91,-15.324360734075542
TikTok,2025-10-14,1934.01,395267,4726,112,2897.53,183072,72456,0.0119564749903229,0.0236986881083368,17.26794642857143,1.4981980444775362,963.52,0.3325315009680659
TikTok,2025-10-15,2232.37,382045,5490,11,0.0,165129,51728,0.0143700349435275,0.0020036429872495,202.94272727272727,0.0,-2232.37,
TikTok,2025-10-16,202.47,26211,394,8,220.92,10000,6078,0.0150318568539925,0.0203045685279187,25.30875,1.0911246110534896,18.450000000000017,0.0835143943508963
TikTok,2025-10-17,1273.03,213915,2921,37,1878.02,95585,40171,0.013654956407919,0.0126668948990071,34.406216216216215,1.4752362473783025,604.99,0.3221424691962812
TikTok,2025-10-18,700.31,82311,1077,10,310.94,34544,17370,0.013084520902431,0.0092850510677808,70.03099999999999,0.4440033699361712,-389.37,-1.252235157908278
TikTok,2025-10-19,794.79,162157,2304,53,2825.88,73697,24133,0.0142084523023982,0.0230034722222222,14.996037735849056,3.5555052277960217,2031.09,0.7187460189392331
TikTok,2025-10-20,4597.58,909745,11232,73,1911.16,516496,119308,0.0123463168250443,0.0064992877492877,62.98054794520548,0.4156882533854767,-2686.42,-1.4056489252600517
TikTok,2025-10-21,858.47,176605,1950,30,686.78,89347,39904,0.0110415899889584,0.0153846153846153,28.615666666666662,0.8000046594522813,-171.69000000000003,-0.2499927196482134
TikTok,2025-10-22,3995.37,781901,9168,141,4162.25,325167,74745,0.0117252695673748,0.0153795811518324,28.33595744680851,1.0417683468614922,166.8800000000001,0.0400936993212805
TikTok,2025-10-23,4133.27,798522,10843,91,3056.76,330904,114098,0.0135788369011749,0.0083925112976113,45.42054945054946,0.7395500414925712,-1076.5100000000002,-0.3521735432287782
TikTok,2025-10-24,5712.08,859815,8755,47,1167.33,365148,152247,0.0101824229630792,0.0053683609366076,121.5336170212766,0.2043616335905659,-4544.75,-3.893286388596199
TikTok,2025-10-25,7890.519999999999,1995967,21721,202,6174.889999999999,1004502,416389,0.0108824444492318,0.009299755996501,39.0619801980198,0.7825707304461557,-1715.63,-0.2778397671861362
TikTok,2025-10-26,1041.34,193017,1977,2,0.0,118328,15899,0.0102426211162747,0.0010116337885685,520.6700000000001,0.0,-1041.34,
TikTok,2025-10-27,1933.63,433307,5240,119,4112.59,163851,10382,0.0120930425772027,0.0227099236641221,16.248991596638653,2.126875358781153,2178.96,0.5298267028806665
TikTok,2025-10-28,2159.57,314683,4579,144,2652.57,125436,13580,0.0145511514762475,0.0314479143917886,14.997013888888889,1.2282861866019628,493.00000000000045,0.18585748915203
TikTok,2025-10-29,499.76,114126,1337,9,381.7,49275,13271,0.0117151218828312,0.006731488406881,55.528888888888886,0.7637666079718265,-118.06,-0.3093004977731202
TikTok,2025-10-30,404.81,77097,1004,6,155.33,38897,18650,0.013022556000882,0.0059760956175298,67.46833333333333,0.3837108767075912,-249.48,-1.6061288868859844
TikTok,2025-10-31,626.51,115181,1639,27,680.11,45958,12662,0.0142297774806608,0.0164734594264795,23.204074074074075,1.085553303219422,53.60000000000002,0.0788107806090191
TikTok,2025-11-01,1674.78,324732,4688,86,3604.94,151371,39795,0.0144365199610755,0.0183447098976109,19.474186046511623,2.1524856996142776,1930.16,0.5354208391817894
TikTok,2025-11-02,1455.23,276028,3428,25,1236.49,114355,58133,0.0124190299534829,0.0072928821470245,58.2092,0.8496869910598325,-218.74,-0.1769039781963461
TikTok,2025-11-03,40.48,10105,117,0,0.0,8140,1730,0.0115784265215239,0.0,,0.0,-40.48,
TikTok,2025-11-04,1550.7399999999998,248743,2858,9,474.24,130186,52597,0.0114897705664079,0.0031490552834149,172.3044444444444,0.3058152881849956,-1076.4999999999998,-2.269947705802968
TikTok,2025-11-05,3655.88,533934,7078,9,148.55,346342,123573,0.0132563200695217,0.0012715456343599,406.2088888888889,0.0406331717671258,-3507.33,-23.610434197239982
TikTok,2025-11-06,4284.8,563016,7794,79,2104.34,303044,78354,0.0138433010784773,0.0101360020528611,54.23797468354431,0.4911174383868559,-2180.46,-1.036172861799899
TikTok,2025-11-07,418.59,58352,731,16,564.19,34206,10614,0.0125274197970935,0.0218878248974008,26.161875,1.3478343964260973,145.60000000000002,0.2580690902001099
TikTok,2025-11-08,279.7,57966,734,0,0.0,34928,6554,0.0126625953144947,0.0,,0.0,-279.7,
TikTok,2025-11-09,2291.03,344454,3805,11,194.72,166844,77265,0.0110464677431529,0.0028909329829172,208.2754545454545,0.0849923396900084,-2096.31,-10.765766228430566
TikTok,2025-11-10,2297.05,343060,3804,23,1192.98,174776,69893,0.0110884393400571,0.0060462670872765,99.8717391304348,0.5193530833024966,-1104.0700000000002,-0.9254723465607136
TikTok,2025-11-11,436.37,66944,675,1,0.0,35735,0,0.0100830544933078,0.0014814814814814,436.37,0.0,-436.37,
TikTok,2025-11-12,3975.78,948849,11097,100,3260.65,472734,213181,0.0116952223167226,0.0090114445345588,39.7578,0.8201283773247011,-715.1299999999997,-0.2193213009675983
TikTok,2025-11-13,4856.51,1139247,12545,50,1413.26,647899,219837,0.0110116594557633,0.0039856516540454,97.1302,0.2910032101241426,-3443.25,-2.436388208822156
TikTok,2025-11-14,853.2,153217,1466,0,0.0,82687,26171,0.0095681288629851,0.0,,0.0,-853.2,
TikTok,2025-11-15,1481.54,193243,1603,3,174.89,108104,0,0.0082952551968247,0.0018714909544603,493.8466666666666,0.1180460871795564,-1306.65,-7.471267653953915
TikTok,2025-11-16,2079.86,622198,6652,64,2541.44,272025,140788,0.0106911304761506,0.0096211665664461,32.4978125,1.2219283990268572,461.5799999999995,0.1816214429614704
TikTok,2025-11-17,4983.59,806115,9460,59,3407.19,384027,123257,0.011735298313516,0.0062367864693446,84.46762711864407,0.683681843811389,-1576.4,-0.4626686507063005
TikTok,2025-11-18,1922.81,444454,6312,71,2824.6400000000003,212319,82239,0.0142016946635647,0.0112484157160963,27.08183098591549,1.4690166995178933,901.8300000000004,0.3192725444658435
TikTok,2025-11-19,4550.06,970623,11707,109,4972.4,429022,224692,0.0120613255610056,0.0093106688306141,41.74366972477065,1.092820754012035,422.3399999999992,0.0849368514198373
TikTok,2025-11-20,2428.09,361201,4449,20,779.86,173198,50725,0.0123172416466178,0.0044953922229714,121.4045,0.3211824932354237,-1648.23,-2.1134947298233016
TikTok,2025-11-21,1799.35,440695,5465,16,457.55,228102,62431,0.0124008668126482,0.0029277218664226,112.459375,0.2542862700419596,-1341.8,-2.93257567478964
TikTok,2025-11-22,4028.97,598918,7234,66,2027.1,341049,99002,0.012078448134803,0.0091235830799004,61.045,0.5031310732023321,-2001.8700000000003,-0.9875536480686696
TikTok,2025-11-23,2466.93,498042,6235,111,10245.31,214113,20314,0.0125190244999417,0.0178027265437048,22.224594594594592,4.153060686764521,7778.379999999999,0.7592137280375117
TikTok,2025-11-24,2083.1,639294,6063,4,0.0,334703,139819,0.0094838994265549,0.0006597394029358,520.775,0.0,-2083.1,
TikTok,2025-11-25,3825.71,652797,7505,15,204.11,351361,94515,0.0114966827359807,0.0019986675549633,255.0473333333333,0.0533521882212713,-3621.6,-17.74337367105972
TikTok,2025-11-26,3049.33,694719,9135,77,1154.22,352908,117199,0.0131492013317614,0.0084291187739463,39.60168831168832,0.3785159362876435,-1895.11,-1.6418966921384135
TikTok,2025-11-27,873.77,140469,2125,42,2343.75,62066,21761,0.0151278929870647,0.0197647058823529,20.80404761904762,2.682342035089325,1469.98,0.6271914666666667
TikTok,2025-11-28,1115.14,166124,1848,25,247.13,96503,35573,0.0111242204618236,0.0135281385281385,44.6056,0.2216134297038937,-868.0099999999999,-3.5123619147816934
TikTok,2025-11-29,3902.14,730418,9249,48,3310.33,353657,107678,0.0126626123671651,0.0051897502432695,81.29458333333334,0.8483370663277073,-591.81,-0.1787767382708068
TikTok,2025-11-30,2113.5,351599,4061,63,1667.44,161994,63799,0.0115500897329059,0.0155134203398177,33.54761904761905,0.7889472439082091,-446.06,-0.2675118744902365
TikTok,2025-12-01,2038.51,284185,2897,3,0.0,153920,61497,0.0101940637260939,0.0010355540214014,679.5033333333333,0.0,-2038.51,
TikTok,2025-12-02,2905.26,534446,4801,3,0.0,242402,113828,0.0089831339368243,0.0006248698187877,968.42,0.0,-2905.26,
TikTok,2025-12-03,319.7,67934,789,5,294.7,33146,4819,0.0116142137957429,0.0063371356147021,63.94,0.9218016890835158,-25.0,-0.0848320325755005
TikTok,2025-12-04,696.08,134885,1502,17,675.17,66446,21403,0.0111354116469585,0.0113182423435419,40.945882352941176,0.969960349385128,-20.91000000000008,-0.030969977931484
TikTok,2025-12-05,428.23,70939,715,21,344.45,34706,2537,0.0100790820282214,0.0293706293706293,20.39190476190476,0.804357471452257,-83.77999999999997,-0.2432283350268543
TikTok,2025-12-06,409.57,83127,927,30,804.3,33229,15710,0.0111516113898011,0.0323624595469255,13.652333333333331,1.9637668774568449,394.73,0.4907745865970409
TikTok,2025-12-07,1499.25,206450,2356,9,143.02,92960,39232,0.0114119641559699,0.0038200339558573,166.58333333333334,0.0953943638485909,-1356.23,-9.48279960844637
TikTok,2025-12-08,1199.01,272701,2735,7,248.53,145599,59378,0.0100292994891841,0.0025594149908592,171.28714285714287,0.2072793387878333,-950.48,-3.824407516195228
TikTok,2025-12-09,2781.36,654157,7461,45,1731.76,362527,96878,0.0114055188586226,0.0060313630880579,61.808,0.6226306555066586,-1049.6,-0.6060886035016401
TikTok,2025-12-10,3610.43,901175,10210,95,1435.3000000000002,449666,180438,0.011329652953089,0.0093046033300685,38.00452631578947,0.3975426749722333,-2175.13,-1.5154532153556743
TikTok,2025-12-11,1181.73,148828,1556,12,1014.29,79786,31886,0.0104550219044803,0.0077120822622107,98.4775,0.8583094277034518,-167.43999999999994,-0.165080992615524
TikTok,2025-12-12,4896.73,1141229,12373,197,6826.37,617367,147272,0.0108418205285705,0.0159217651337589,24.85649746192893,1.394067061079537,1929.6400000000003,0.2826743935649548
TikTok,2025-12-13,895.84,209284,1948,42,411.86,84236,1083,0.0093079260717493,0.0215605749486652,21.32952380952381,0.4597472762993391,-483.98,-1.175108046423542
TikTok,2025-12-14,6617.91,1139709,10196,98,1413.96,547542,186880,0.0089461432699048,0.0096116123970184,67.52969387755103,0.2136565773786588,-5203.95,-3.680408215225325
TikTok,2025-12-15,3701.47,683363,6260,9,77.47,443779,117403,0.0091605779066177,0.0014376996805111,411.2744444444445,0.020929522595077,-3624.000000000001,-46.77939847682975
TikTok,2025-12-16,908.61,186727,2369,22,1075.83,96498,30132,0.0126869708183604,0.009286618826509,41.30045454545455,1.1840393568197576,167.2199999999999,0.1554334792671703
TikTok,2025-12-17,4702.83,856835,9590,54,1768.73,458806,205095,0.0111923532535435,0.00563086548488,87.08944444444444,0.3760990722607451,-2934.1,-1.6588738812594346
TikTok,2025-12-18,1247.81,356031,4207,62,2034.21,170898,82532,0.0118163867753088,0.0147373425243641,20.125967741935483,1.6302241527155577,786.4000000000001,0.3865874221442231
TikTok,2025-12-20,4514.26,853242,9882,169,3348.27,414543,189880,0.0115817083547223,0.0171018012548067,26.711597633136098,0.7417096046749633,-1165.9900000000002,-0.3482365520104413
TikTok,2025-12-21,3950.58,771554,6893,7,0.0,448762,154560,0.0089339177815162,0.001015522994342,564.3685714285714,0.0,-3950.58,
TikTok,2025-12-22,4533.13,988859,10750,114,9506.22,467040,85335,0.0108711150932539,0.0106046511627906,39.76429824561404,2.0970543531731938,4973.089999999999,0.5231406384451442
TikTok,2025-12-23,2759.76,388139,4205,19,666.69,208540,38168,0.0108337477037865,0.0045184304399524,145.25052631578947,0.2415753543786416,-2093.07,-3.1394951176708816
TikTok,2025-12-24,1940.63,360178,3726,28,349.92,180469,11257,0.0103448850290689,0.0075147611379495,69.30821428571429,0.1803125789047886,-1590.71,-4.545924782807499
TikTok,2025-12-25,5410.030000000001,784706,10598,160,3445.08,437231,195159,0.0135056951265824,0.0150971881487073,33.8126875,0.6367949900462658,-1964.9500000000007,-0.5703641134603553
TikTok,2025-12-26,4964.83,1131883,11480,122,3133.82,621602,194217,0.0101423910421836,0.0106271777003484,40.69532786885246,0.6312038881492417,-1831.01,-0.5842741446541283
TikTok,2025-12-27,2173.79,404547,4262,36,964.46,195788,72681,0.0105352406518896,0.008446738620366,60.38305555555556,0.443676712101905,-1209.33,-1.253893370383427
TikTok,2025-12-28,503.69,69101,595,0,0.0,41901,11875,0.0086105845067365,0.0,,0.0,-503.69,
TikTok,2025-12-29,5204.74,948117,9131,35,1365.3200000000002,466734,171743,0.0096306679449899,0.0038330960464352,148.70685714285713,0.262322421485031,-3839.42,-2.8121026572525114
TikTok,2025-12-30,2067.64,447109,4353,31,595.4100000000001,225164,100833,0.0097358809596765,0.007121525384792,66.69806451612902,0.2879659902110619,-1472.2299999999998,-2.472632303790665
TikTok,2025-12-31,3904.6,682064,9265,84,716.46,291486,16581,0.0135837692650543,0.009066378845116,46.48333333333333,0.1834912667110587,-3188.14,-4.449850654607375
